/* Auto-generated Yorokobi CC0 flappy sprites (white keyed; ground opaque). */
#include "flappy_img.h"

const LV_ATTRIBUTE_MEM_ALIGN LV_ATTRIBUTE_LARGE_CONST uint8_t flappy_bird_1_map[3072] = {
    0x00, 0x00, 0x00, 0x00, 0x00, 0x00, 0x00, 0x00, 0x00, 0x00, 0x00, 0x00,
    0x00, 0x00, 0x00, 0x00, 0x00, 0x00, 0x00, 0x00, 0x00, 0x00, 0x00, 0x00,
    0x00, 0x00, 0x00, 0x00, 0x00, 0x00, 0x00, 0x00, 0x00, 0x00, 0x00, 0x00,
    0x00, 0x00, 0x00, 0x00, 0x00, 0x00, 0x00, 0x00, 0x00, 0x00, 0x00, 0x00,
    0x00, 0x00, 0x00, 0x00, 0x00, 0x00, 0x00, 0x00, 0x00, 0x00, 0x00, 0x00,
    0x00, 0x00, 0x00, 0x00, 0x00, 0x00, 0x00, 0x00, 0x00, 0x00, 0x00, 0x00,
    0x00, 0x00, 0x00, 0x00, 0x00, 0x00, 0x00, 0x00, 0x00, 0x00, 0x00, 0x00,
    0x00, 0x00, 0x00, 0x00, 0x00, 0x00, 0x00, 0x00, 0x00, 0x00, 0x00, 0x00,
    0x00, 0x00, 0x00, 0x00, 0x00, 0x00, 0x00, 0x00, 0x00, 0x00, 0x00, 0x00,
    0x00, 0x00, 0x00, 0x00, 0x00, 0x00, 0x00, 0x00, 0x00, 0x00, 0x00, 0x00,
    0x00, 0x00, 0x00, 0x00, 0x00, 0x00, 0x00, 0x00, 0x00, 0x00, 0x00, 0x00,
    0x00, 0x00, 0x00, 0x00, 0x00, 0x00, 0x00, 0x00, 0x00, 0x00, 0x00, 0x00,
    0x00, 0x00, 0x00, 0x00, 0x00, 0x00, 0x00, 0x00, 0x00, 0x00, 0x00, 0x00,
    0x00, 0x00, 0x00, 0x00, 0x00, 0x00, 0x00, 0x00, 0x00, 0x00, 0x00, 0x00,
    0x00, 0x00, 0x00, 0x00, 0x00, 0x00, 0x00, 0x00, 0x00, 0x00, 0x00, 0x00,
    0x00, 0x00, 0x00, 0x00, 0x00, 0x00, 0x00, 0x00, 0x00, 0x00, 0x00, 0x00,
    0x00, 0x00, 0x00, 0x00, 0x00, 0x00, 0x00, 0x00, 0x00, 0x00, 0x00, 0x00,
    0x00, 0x00, 0x00, 0x00, 0x00, 0x00, 0x00, 0x00, 0x00, 0x00, 0x00, 0x00,
    0x00, 0x00, 0x00, 0x00, 0x00, 0x00, 0x00, 0x00, 0x00, 0x00, 0x00, 0x00,
    0x00, 0x00, 0x00, 0x00, 0x00, 0x00, 0x00, 0x00, 0x00, 0x00, 0x00, 0x00,
    0x00, 0x00, 0x00, 0x00, 0x00, 0x00, 0x00, 0x00, 0x00, 0x00, 0x00, 0x00,
    0x00, 0x00, 0x00, 0x00, 0x00, 0x00, 0x00, 0x00, 0x00, 0x00, 0x00, 0x00,
    0x00, 0x00, 0x00, 0x00, 0x00, 0x00, 0x00, 0x00, 0x00, 0x00, 0x00, 0x00,
    0x00, 0x00, 0x00, 0x00, 0x00, 0x00, 0x00, 0x00, 0x00, 0x00, 0x00, 0x00,
    0x00, 0x00, 0x00, 0x00, 0x00, 0x00, 0x00, 0x00, 0x00, 0x00, 0x00, 0x00,
    0x00, 0x00, 0x00, 0x00, 0x00, 0x00, 0x00, 0x00, 0x00, 0x00, 0x00, 0x00,
    0x00, 0x00, 0x00, 0x00, 0x00, 0x00, 0x00, 0x00, 0x00, 0x00, 0x00, 0x00,
    0x00, 0x00, 0x00, 0x00, 0x00, 0x00, 0x00, 0x00, 0x00, 0x00, 0x00, 0x00,
    0x00, 0x00, 0x00, 0x00, 0x00, 0x00, 0x00, 0x00, 0x00, 0x00, 0x00, 0x00,
    0x00, 0x00, 0x00, 0x00, 0x00, 0x00, 0x00, 0x00, 0x00, 0x00, 0x00, 0x00,
    0x00, 0x00, 0x00, 0x00, 0x00, 0x00, 0x00, 0x00, 0x00, 0x00, 0x00, 0x00,
    0x00, 0x00, 0x00, 0x00, 0x00, 0x00, 0x00, 0x00, 0x00, 0x00, 0x00, 0x00,
    0x00, 0x00, 0x00, 0x00, 0x00, 0x00, 0x00, 0x00, 0x00, 0x00, 0x00, 0x00,
    0x00, 0x00, 0x00, 0x00, 0x00, 0x00, 0x00, 0x00, 0x00, 0x00, 0x00, 0x00,
    0x00, 0x00, 0x00, 0x00, 0x00, 0x00, 0x00, 0x00, 0x00, 0x00, 0x00, 0x00,
    0x00, 0x00, 0x00, 0x00, 0x00, 0x00, 0x00, 0x00, 0x00, 0x00, 0x00, 0x00,
    0x00, 0x00, 0x00, 0x00, 0x00, 0x00, 0x00, 0x00, 0x00, 0x00, 0x00, 0x00,
    0x00, 0x00, 0x00, 0x00, 0x00, 0x00, 0x00, 0x00, 0x00, 0x00, 0x00, 0x00,
    0x00, 0x00, 0x00, 0x00, 0x00, 0x00, 0x00, 0x00, 0x00, 0x00, 0x00, 0x00,
    0x00, 0x00, 0x00, 0x00, 0x00, 0x00, 0x00, 0x00, 0x00, 0x00, 0x00, 0x00,
    0x00, 0x00, 0x00, 0x00, 0x00, 0x00, 0x00, 0x00, 0x00, 0x00, 0x00, 0x00,
    0x00, 0x00, 0x00, 0x00, 0x00, 0x00, 0x00, 0x00, 0x00, 0x00, 0x00, 0x00,
    0x00, 0x00, 0x00, 0x00, 0x00, 0x00, 0x00, 0x00, 0x00, 0x00, 0x00, 0x00,
    0x00, 0x00, 0x00, 0x00, 0x00, 0x00, 0x00, 0x00, 0x00, 0x00, 0x00, 0x00,
    0x45, 0xFE, 0x45, 0xFE, 0x45, 0xFE, 0x45, 0xFE, 0x45, 0xFE, 0x45, 0xFE,
    0x45, 0xFE, 0x45, 0xFE, 0x45, 0xFE, 0x45, 0xFE, 0x45, 0xFE, 0x45, 0xFE,
    0x45, 0xFE, 0x45, 0xFE, 0x45, 0xFE, 0x45, 0xFE, 0x00, 0x00, 0x00, 0x00,
    0x00, 0x00, 0x00, 0x00, 0x00, 0x00, 0x00, 0x00, 0x00, 0x00, 0x00, 0x00,
    0x00, 0x00, 0x00, 0x00, 0x00, 0x00, 0x00, 0x00, 0x00, 0x00, 0x00, 0x00,
    0x00, 0x00, 0x00, 0x00, 0x45, 0xFE, 0x45, 0xFE, 0x45, 0xFE, 0x45, 0xFE,
    0x45, 0xFE, 0x45, 0xFE, 0x45, 0xFE, 0x45, 0xFE, 0x45, 0xFE, 0x45, 0xFE,
    0x45, 0xFE, 0x45, 0xFE, 0x45, 0xFE, 0x45, 0xFE, 0x45, 0xFE, 0x45, 0xFE,
    0x00, 0x00, 0x00, 0x00, 0x00, 0x00, 0x00, 0x00, 0x00, 0x00, 0x00, 0x00,
    0x00, 0x00, 0x00, 0x00, 0x00, 0x00, 0x00, 0x00, 0x00, 0x00, 0x00, 0x00,
    0x00, 0x00, 0x00, 0x00, 0x00, 0x00, 0x00, 0x00, 0x45, 0xFE, 0x45, 0xFE,
    0x45, 0xFE, 0x45, 0xFE, 0x45, 0xFE, 0x45, 0xFE, 0x45, 0xFE, 0x45, 0xFE,
    0x45, 0xFE, 0x45, 0xFE, 0x45, 0xFE, 0x45, 0xFE, 0xBE, 0xC7, 0xBE, 0xC7,
    0xBE, 0xC7, 0xBE, 0xC7, 0x00, 0x00, 0x00, 0x00, 0x00, 0x00, 0x00, 0x00,
    0x00, 0x00, 0x00, 0x00, 0x00, 0x00, 0x00, 0x00, 0x00, 0x00, 0x00, 0x00,
    0x00, 0x00, 0x00, 0x00, 0x00, 0x00, 0x00, 0x00, 0x00, 0x00, 0x00, 0x00,
    0x45, 0xFE, 0x45, 0xFE, 0x45, 0xFE, 0x45, 0xFE, 0x45, 0xFE, 0x45, 0xFE,
    0x45, 0xFE, 0x45, 0xFE, 0x45, 0xFE, 0x45, 0xFE, 0x45, 0xFE, 0x45, 0xFE,
    0xBE, 0xC7, 0xBE, 0xC7, 0xBE, 0xC7, 0xBE, 0xC7, 0x00, 0x00, 0x00, 0x00,
    0x00, 0x00, 0x00, 0x00, 0x00, 0x00, 0x00, 0x00, 0x00, 0x00, 0x00, 0x00,
    0x00, 0x00, 0x00, 0x00, 0x00, 0x00, 0x00, 0x00, 0x00, 0x00, 0x00, 0x00,
    0x00, 0x00, 0x00, 0x00, 0x45, 0xFE, 0x45, 0xFE, 0x45, 0xFE, 0x45, 0xFE,
    0x45, 0xFE, 0x45, 0xFE, 0x45, 0xFE, 0x45, 0xFE, 0x45, 0xFE, 0x45, 0xFE,
    0x45, 0xFE, 0x45, 0xFE, 0xBE, 0xC7, 0xBE, 0xC7, 0xFF, 0x4F, 0xFF, 0x4F,
    0x00, 0x00, 0x00, 0x00, 0x00, 0x00, 0x00, 0x00, 0x00, 0x00, 0x00, 0x00,
    0x00, 0x00, 0x00, 0x00, 0x00, 0x00, 0x00, 0x00, 0x00, 0x00, 0x00, 0x00,
    0x00, 0x00, 0x00, 0x00, 0x00, 0x00, 0x00, 0x00, 0x45, 0xFE, 0x45, 0xFE,
    0x45, 0xFE, 0x45, 0xFE, 0x45, 0xFE, 0x45, 0xFE, 0x45, 0xFE, 0x45, 0xFE,
    0x45, 0xFE, 0x45, 0xFE, 0x45, 0xFE, 0x45, 0xFE, 0xBE, 0xC7, 0xBE, 0xC7,
    0xFF, 0x4F, 0xFF, 0x4F, 0x00, 0x00, 0x00, 0x00, 0x00, 0x00, 0x00, 0x00,
    0x00, 0x00, 0x00, 0x00, 0x00, 0x00, 0x00, 0x00, 0x00, 0x00, 0x00, 0x00,
    0x00, 0x00, 0x00, 0x00, 0x00, 0x00, 0x00, 0x00, 0x00, 0x00, 0x00, 0x00,
    0x45, 0xFE, 0x45, 0xFE, 0x45, 0xFE, 0x45, 0xFE, 0x45, 0xFE, 0x45, 0xFE,
    0x45, 0xFE, 0x45, 0xFE, 0x45, 0xFE, 0x45, 0xFE, 0x45, 0xFE, 0x45, 0xFE,
    0x45, 0xFE, 0x45, 0xFE, 0x45, 0xFE, 0x45, 0xFE, 0xC0, 0xFB, 0xC0, 0xFB,
    0xC0, 0xFB, 0xC0, 0xFB, 0x00, 0x00, 0x00, 0x00, 0x00, 0x00, 0x00, 0x00,
    0x00, 0x00, 0x00, 0x00, 0x00, 0x00, 0x00, 0x00, 0x00, 0x00, 0x00, 0x00,
    0x00, 0x00, 0x00, 0x00, 0x45, 0xFE, 0x45, 0xFE, 0x45, 0xFE, 0x45, 0xFE,
    0x45, 0xFE, 0x45, 0xFE, 0x45, 0xFE, 0x45, 0xFE, 0x45, 0xFE, 0x45, 0xFE,
    0x45, 0xFE, 0x45, 0xFE, 0x45, 0xFE, 0x45, 0xFE, 0x45, 0xFE, 0x45, 0xFE,
    0xC0, 0xFB, 0xC0, 0xFB, 0xC0, 0xFB, 0xC0, 0xFB, 0x00, 0x00, 0x00, 0x00,
    0x00, 0x00, 0x00, 0x00, 0x00, 0x00, 0x00, 0x00, 0x00, 0x00, 0x00, 0x00,
    0x00, 0x00, 0x00, 0x00, 0x00, 0x00, 0x00, 0x00, 0x45, 0xFE, 0x45, 0xFE,
    0x45, 0xFE, 0x45, 0xFE, 0x00, 0x00, 0x00, 0x00, 0x00, 0x00, 0x00, 0x00,
    0x45, 0xFE, 0x45, 0xFE, 0x45, 0xFE, 0x45, 0xFE, 0x45, 0xFE, 0x45, 0xFE,
    0x45, 0xFE, 0x45, 0xFE, 0xC0, 0xFB, 0xC0, 0xFB, 0xC0, 0xFB, 0xC0, 0xFB,
    0x00, 0x00, 0x00, 0x00, 0x00, 0x00, 0x00, 0x00, 0x00, 0x00, 0x00, 0x00,
    0x00, 0x00, 0x00, 0x00, 0x00, 0x00, 0x00, 0x00, 0x00, 0x00, 0x00, 0x00,
    0x45, 0xFE, 0x45, 0xFE, 0x45, 0xFE, 0x45, 0xFE, 0x00, 0x00, 0x00, 0x00,
    0x00, 0x00, 0x00, 0x00, 0x45, 0xFE, 0x45, 0xFE, 0x45, 0xFE, 0x45, 0xFE,
    0x45, 0xFE, 0x45, 0xFE, 0x45, 0xFE, 0x45, 0xFE, 0xC0, 0xFB, 0xC0, 0xFB,
    0xC0, 0xFB, 0xC0, 0xFB, 0x00, 0x00, 0x00, 0x00, 0x00, 0x00, 0x00, 0x00,
    0x00, 0x00, 0x00, 0x00, 0x00, 0x00, 0x00, 0x00, 0x00, 0x00, 0x00, 0x00,
    0x00, 0x00, 0x00, 0x00, 0x45, 0xFE, 0x45, 0xFE, 0x00, 0x00, 0x00, 0x00,
    0x02, 0xE5, 0x02, 0xE5, 0x02, 0xE5, 0x02, 0xE5, 0x00, 0x00, 0x00, 0x00,
    0x45, 0xFE, 0x45, 0xFE, 0x45, 0xFE, 0x45, 0xFE, 0x45, 0xFE, 0x45, 0xFE,
    0x00, 0x00, 0x00, 0x00, 0x00, 0x00, 0x00, 0x00, 0x00, 0x00, 0x00, 0x00,
    0x00, 0x00, 0x00, 0x00, 0x00, 0x00, 0x00, 0x00, 0x00, 0x00, 0x00, 0x00,
    0x00, 0x00, 0x00, 0x00, 0x00, 0x00, 0x00, 0x00, 0x45, 0xFE, 0x45, 0xFE,
    0x00, 0x00, 0x00, 0x00, 0x02, 0xE5, 0x02, 0xE5, 0x02, 0xE5, 0x02, 0xE5,
    0x00, 0x00, 0x00, 0x00, 0x45, 0xFE, 0x45, 0xFE, 0x45, 0xFE, 0x45, 0xFE,
    0x45, 0xFE, 0x45, 0xFE, 0x00, 0x00, 0x00, 0x00, 0x00, 0x00, 0x00, 0x00,
    0x00, 0x00, 0x00, 0x00, 0x00, 0x00, 0x00, 0x00, 0x00, 0x00, 0x00, 0x00,
    0x00, 0x00, 0x00, 0x00, 0x00, 0x00, 0x00, 0x00, 0x00, 0x00, 0x00, 0x00,
    0x00, 0x00, 0x00, 0x00, 0x02, 0xE5, 0x02, 0xE5, 0x02, 0xE5, 0x02, 0xE5,
    0x02, 0xE5, 0x02, 0xE5, 0x00, 0x00, 0x00, 0x00, 0x45, 0xFE, 0x45, 0xFE,
    0x45, 0xFE, 0x45, 0xFE, 0x45, 0xFE, 0x45, 0xFE, 0x00, 0x00, 0x00, 0x00,
    0x00, 0x00, 0x00, 0x00, 0x00, 0x00, 0x00, 0x00, 0x00, 0x00, 0x00, 0x00,
    0x00, 0x00, 0x00, 0x00, 0x00, 0x00, 0x00, 0x00, 0x00, 0x00, 0x00, 0x00,
    0x00, 0x00, 0x00, 0x00, 0x00, 0x00, 0x00, 0x00, 0x02, 0xE5, 0x02, 0xE5,
    0x02, 0xE5, 0x02, 0xE5, 0x02, 0xE5, 0x02, 0xE5, 0x00, 0x00, 0x00, 0x00,
    0x45, 0xFE, 0x45, 0xFE, 0x45, 0xFE, 0x45, 0xFE, 0x45, 0xFE, 0x45, 0xFE,
    0x00, 0x00, 0x00, 0x00, 0x00, 0x00, 0x00, 0x00, 0x00, 0x00, 0x00, 0x00,
    0x00, 0x00, 0x00, 0x00, 0x00, 0x00, 0x00, 0x00, 0x00, 0x00, 0x00, 0x00,
    0x02, 0xE5, 0x02, 0xE5, 0x02, 0xE5, 0x02, 0xE5, 0x02, 0xE5, 0x02, 0xE5,
    0x02, 0xE5, 0x02, 0xE5, 0x02, 0xE5, 0x02, 0xE5, 0x00, 0x00, 0x00, 0x00,
    0x45, 0xFE, 0x45, 0xFE, 0x45, 0xFE, 0x45, 0xFE, 0x45, 0xFE, 0x45, 0xFE,
    0x45, 0xFE, 0x45, 0xFE, 0x00, 0x00, 0x00, 0x00, 0x00, 0x00, 0x00, 0x00,
    0x00, 0x00, 0x00, 0x00, 0x00, 0x00, 0x00, 0x00, 0x00, 0x00, 0x00, 0x00,
    0x00, 0x00, 0x00, 0x00, 0x02, 0xE5, 0x02, 0xE5, 0x02, 0xE5, 0x02, 0xE5,
    0x02, 0xE5, 0x02, 0xE5, 0x02, 0xE5, 0x02, 0xE5, 0x02, 0xE5, 0x02, 0xE5,
    0x00, 0x00, 0x00, 0x00, 0x45, 0xFE, 0x45, 0xFE, 0x45, 0xFE, 0x45, 0xFE,
    0x45, 0xFE, 0x45, 0xFE, 0x45, 0xFE, 0x45, 0xFE, 0x00, 0x00, 0x00, 0x00,
    0x00, 0x00, 0x00, 0x00, 0x00, 0x00, 0x00, 0x00, 0x00, 0x00, 0x00, 0x00,
    0x00, 0x00, 0x00, 0x00, 0x00, 0x00, 0x00, 0x00, 0x02, 0xE5, 0x02, 0xE5,
    0x02, 0xE5, 0x02, 0xE5, 0x02, 0xE5, 0x02, 0xE5, 0x02, 0xE5, 0x02, 0xE5,
    0x02, 0xE5, 0x02, 0xE5, 0x00, 0x00, 0x00, 0x00, 0xC0, 0xFB, 0xC0, 0xFB,
    0x00, 0x00, 0x00, 0x00, 0x00, 0x00, 0x00, 0x00, 0x00, 0x00, 0x00, 0x00,
    0x00, 0x00, 0x00, 0x00, 0x00, 0x00, 0x00, 0x00, 0x00, 0x00, 0x00, 0x00,
    0x00, 0x00, 0x00, 0x00, 0x00, 0x00, 0x00, 0x00, 0x00, 0x00, 0x00, 0x00,
    0x02, 0xE5, 0x02, 0xE5, 0x02, 0xE5, 0x02, 0xE5, 0x02, 0xE5, 0x02, 0xE5,
    0x02, 0xE5, 0x02, 0xE5, 0x02, 0xE5, 0x02, 0xE5, 0x00, 0x00, 0x00, 0x00,
    0xC0, 0xFB, 0xC0, 0xFB, 0x00, 0x00, 0x00, 0x00, 0x00, 0x00, 0x00, 0x00,
    0x00, 0x00, 0x00, 0x00, 0x00, 0x00, 0x00, 0x00, 0x00, 0x00, 0x00, 0x00,
    0x00, 0x00, 0x00, 0x00, 0x00, 0x00, 0x00, 0x00, 0x00, 0x00, 0x00, 0x00,
    0x00, 0x00, 0x00, 0x00, 0x00, 0x00, 0x00, 0x00, 0x02, 0xE5, 0x02, 0xE5,
    0x02, 0xE5, 0x02, 0xE5, 0x00, 0x00, 0x00, 0x00, 0x00, 0x00, 0x00, 0x00,
    0x00, 0x00, 0x00, 0x00, 0x00, 0x00, 0x00, 0x00, 0xC0, 0xFB, 0xC0, 0xFB,
    0xC0, 0xFB, 0xC0, 0xFB, 0x00, 0x00, 0x00, 0x00, 0x00, 0x00, 0x00, 0x00,
    0x00, 0x00, 0x00, 0x00, 0x00, 0x00, 0x00, 0x00, 0x00, 0x00, 0x00, 0x00,
    0x00, 0x00, 0x00, 0x00, 0x00, 0x00, 0x00, 0x00, 0x00, 0x00, 0x00, 0x00,
    0x02, 0xE5, 0x02, 0xE5, 0x02, 0xE5, 0x02, 0xE5, 0x00, 0x00, 0x00, 0x00,
    0x00, 0x00, 0x00, 0x00, 0x00, 0x00, 0x00, 0x00, 0x00, 0x00, 0x00, 0x00,
    0xC0, 0xFB, 0xC0, 0xFB, 0xC0, 0xFB, 0xC0, 0xFB, 0x00, 0x00, 0x00, 0x00,
    0x00, 0x00, 0x00, 0x00, 0x00, 0x00, 0x00, 0x00, 0x00, 0x00, 0x00, 0x00,
    0x00, 0x00, 0x00, 0x00, 0x00, 0x00, 0x00, 0x00, 0x00, 0x00, 0x00, 0x00,
    0x00, 0x00, 0x00, 0x00, 0x00, 0x00, 0x00, 0x00, 0x00, 0x00, 0x00, 0x00,
    0x00, 0x00, 0x00, 0x00, 0x00, 0x00, 0x00, 0x00, 0x00, 0x00, 0x00, 0x00,
    0x00, 0x00, 0x00, 0x00, 0x00, 0x00, 0x00, 0x00, 0xC0, 0xFB, 0xC0, 0xFB,
    0x00, 0x00, 0x00, 0x00, 0x00, 0x00, 0x00, 0x00, 0x00, 0x00, 0x00, 0x00,
    0x00, 0x00, 0x00, 0x00, 0x00, 0x00, 0x00, 0x00, 0x00, 0x00, 0x00, 0x00,
    0x00, 0x00, 0x00, 0x00, 0x00, 0x00, 0x00, 0x00, 0x00, 0x00, 0x00, 0x00,
    0x00, 0x00, 0x00, 0x00, 0x00, 0x00, 0x00, 0x00, 0x00, 0x00, 0x00, 0x00,
    0x00, 0x00, 0x00, 0x00, 0x00, 0x00, 0x00, 0x00, 0x00, 0x00, 0x00, 0x00,
    0xC0, 0xFB, 0xC0, 0xFB, 0x00, 0x00, 0x00, 0x00, 0x00, 0x00, 0x00, 0x00,
    0x00, 0x00, 0x00, 0x00, 0x00, 0x00, 0x00, 0x00, 0x00, 0x00, 0x00, 0x00,
    0x00, 0x00, 0x00, 0x00, 0x00, 0x00, 0x00, 0x00, 0x00, 0x00, 0x00, 0x00,
    0x00, 0x00, 0x00, 0x00, 0x00, 0x00, 0x00, 0x00, 0x00, 0x00, 0x00, 0x00,
    0x00, 0x00, 0x00, 0x00, 0x00, 0x00, 0x00, 0x00, 0x00, 0x00, 0x00, 0x00,
    0x00, 0x00, 0x00, 0x00, 0x00, 0x00, 0x00, 0x00, 0x00, 0x00, 0x00, 0x00,
    0x00, 0x00, 0x00, 0x00, 0x00, 0x00, 0x00, 0x00, 0x00, 0x00, 0x00, 0x00,
    0x00, 0x00, 0x00, 0x00, 0x00, 0x00, 0x00, 0x00, 0x00, 0x00, 0x00, 0x00,
    0x00, 0x00, 0x00, 0x00, 0x00, 0x00, 0x00, 0x00, 0x00, 0x00, 0x00, 0x00,
    0x00, 0x00, 0x00, 0x00, 0x00, 0x00, 0x00, 0x00, 0x00, 0x00, 0x00, 0x00,
    0x00, 0x00, 0x00, 0x00, 0x00, 0x00, 0x00, 0x00, 0x00, 0x00, 0x00, 0x00,
    0x00, 0x00, 0x00, 0x00, 0x00, 0x00, 0x00, 0x00, 0x00, 0x00, 0x00, 0x00,
    0x00, 0x00, 0x00, 0x00, 0x00, 0x00, 0x00, 0x00, 0x00, 0x00, 0x00, 0x00,
    0x00, 0x00, 0x00, 0x00, 0x00, 0x00, 0x00, 0x00, 0x00, 0x00, 0x00, 0x00,
    0x00, 0x00, 0x00, 0x00, 0x00, 0x00, 0x00, 0x00, 0x00, 0x00, 0x00, 0x00,
    0x00, 0x00, 0x00, 0x00, 0x00, 0x00, 0x00, 0x00, 0x00, 0x00, 0x00, 0x00,
    0x00, 0x00, 0x00, 0x00, 0x00, 0x00, 0x00, 0x00, 0x00, 0x00, 0x00, 0x00,
    0x00, 0x00, 0x00, 0x00, 0x00, 0x00, 0x00, 0x00, 0x00, 0x00, 0x00, 0x00,
    0x00, 0x00, 0x00, 0x00, 0x00, 0x00, 0x00, 0x00, 0x00, 0x00, 0x00, 0x00,
    0x00, 0x00, 0x00, 0x00, 0x00, 0x00, 0x00, 0x00, 0x00, 0x00, 0x00, 0x00,
    0x00, 0x00, 0x00, 0x00, 0x00, 0x00, 0x00, 0x00, 0x00, 0x00, 0x00, 0x00,
    0x00, 0x00, 0x00, 0x00, 0x00, 0x00, 0x00, 0x00, 0x00, 0x00, 0x00, 0x00,
    0x00, 0x00, 0x00, 0x00, 0x00, 0x00, 0x00, 0x00, 0x00, 0x00, 0x00, 0x00,
    0x00, 0x00, 0x00, 0x00, 0x00, 0x00, 0x00, 0x00, 0x00, 0x00, 0x00, 0x00,
    0x00, 0x00, 0x00, 0x00, 0x00, 0x00, 0x00, 0x00, 0x00, 0x00, 0x00, 0x00,
    0x00, 0x00, 0x00, 0x00, 0x00, 0x00, 0x00, 0x00, 0x00, 0x00, 0x00, 0x00,
    0x00, 0x00, 0x00, 0x00, 0x00, 0x00, 0x00, 0x00, 0x00, 0x00, 0x00, 0x00,
    0x00, 0x00, 0x00, 0x00, 0x00, 0x00, 0x00, 0x00, 0x00, 0x00, 0x00, 0x00,
    0x00, 0x00, 0x00, 0x00, 0x00, 0x00, 0x00, 0x00, 0x00, 0x00, 0x00, 0x00,
    0x00, 0x00, 0x00, 0x00, 0xFF, 0xFF, 0xFF, 0xFF, 0xFF, 0xFF, 0xFF, 0xFF,
    0xFF, 0xFF, 0xFF, 0xFF, 0xFF, 0xFF, 0xFF, 0xFF, 0x00, 0x00, 0x00, 0x00,
    0x00, 0x00, 0x00, 0x00, 0x00, 0x00, 0x00, 0x00, 0x00, 0x00, 0x00, 0x00,
    0xFF, 0xFF, 0xFF, 0xFF, 0xFF, 0xFF, 0xFF, 0xFF, 0xFF, 0xFF, 0xFF, 0xFF,
    0xFF, 0xFF, 0xFF, 0xFF, 0x00, 0x00, 0x00, 0x00, 0x00, 0x00, 0x00, 0x00,
    0x00, 0x00, 0x00, 0x00, 0x00, 0x00, 0xFF, 0xFF, 0xFF, 0xFF, 0xFF, 0xFF,
    0xFF, 0xFF, 0xFF, 0xFF, 0xFF, 0xFF, 0xFF, 0xFF, 0xFF, 0xFF, 0xFF, 0xFF,
    0xFF, 0xFF, 0x00, 0x00, 0x00, 0x00, 0x00, 0x00, 0x00, 0x00, 0x00, 0x00,
    0x00, 0x00, 0xFF, 0xFF, 0xFF, 0xFF, 0xFF, 0xFF, 0xFF, 0xFF, 0xFF, 0xFF,
    0xFF, 0xFF, 0xFF, 0xFF, 0xFF, 0xFF, 0xFF, 0xFF, 0xFF, 0xFF, 0x00, 0x00,
    0x00, 0x00, 0x00, 0x00, 0x00, 0x00, 0x00, 0x00, 0x00, 0x00, 0xFF, 0xFF,
    0xFF, 0xFF, 0xFF, 0xFF, 0xFF, 0xFF, 0xFF, 0xFF, 0xFF, 0xFF, 0xFF, 0xFF,
    0xFF, 0xFF, 0xFF, 0xFF, 0xFF, 0xFF, 0x00, 0x00, 0x00, 0x00, 0x00, 0x00,
    0x00, 0x00, 0x00, 0x00, 0x00, 0x00, 0xFF, 0xFF, 0xFF, 0xFF, 0xFF, 0xFF,
    0xFF, 0xFF, 0xFF, 0xFF, 0xFF, 0xFF, 0xFF, 0xFF, 0xFF, 0xFF, 0xFF, 0xFF,
    0xFF, 0xFF, 0x00, 0x00, 0x00, 0x00, 0x00, 0x00, 0x00, 0x00, 0x00, 0x00,
    0x00, 0x00, 0xFF, 0xFF, 0xFF, 0xFF, 0xFF, 0xFF, 0xFF, 0xFF, 0xFF, 0xFF,
    0xFF, 0xFF, 0xFF, 0xFF, 0xFF, 0xFF, 0xFF, 0xFF, 0xFF, 0xFF, 0xFF, 0xFF,
    0x00, 0x00, 0x00, 0x00, 0x00, 0x00, 0x00, 0x00, 0x00, 0x00, 0xFF, 0xFF,
    0xFF, 0xFF, 0xFF, 0xFF, 0xFF, 0xFF, 0xFF, 0xFF, 0xFF, 0xFF, 0xFF, 0xFF,
    0xFF, 0xFF, 0xFF, 0xFF, 0xFF, 0xFF, 0xFF, 0xFF, 0x00, 0x00, 0x00, 0x00,
    0x00, 0x00, 0x00, 0x00, 0x00, 0x00, 0xFF, 0xFF, 0xFF, 0xFF, 0xFF, 0xFF,
    0xFF, 0xFF, 0xFF, 0xFF, 0xFF, 0xFF, 0xFF, 0xFF, 0xFF, 0xFF, 0xFF, 0xFF,
    0xFF, 0xFF, 0xFF, 0xFF, 0xFF, 0xFF, 0x00, 0x00, 0x00, 0x00, 0x00, 0x00,
    0x00, 0x00, 0xFF, 0xFF, 0xFF, 0xFF, 0xFF, 0xFF, 0xFF, 0xFF, 0xFF, 0xFF,
    0xFF, 0xFF, 0xFF, 0xFF, 0xFF, 0xFF, 0xFF, 0xFF, 0xFF, 0xFF, 0xFF, 0xFF,
    0xFF, 0xFF, 0x00, 0x00, 0x00, 0x00, 0x00, 0x00, 0x00, 0x00, 0xFF, 0xFF,
    0xFF, 0xFF, 0xFF, 0xFF, 0xFF, 0xFF, 0xFF, 0xFF, 0xFF, 0xFF, 0xFF, 0xFF,
    0xFF, 0xFF, 0xFF, 0xFF, 0xFF, 0xFF, 0xFF, 0xFF, 0xFF, 0xFF, 0x00, 0x00,
    0x00, 0x00, 0x00, 0x00, 0x00, 0x00, 0xFF, 0xFF, 0xFF, 0xFF, 0xFF, 0xFF,
    0xFF, 0xFF, 0xFF, 0xFF, 0xFF, 0xFF, 0xFF, 0xFF, 0xFF, 0xFF, 0xFF, 0xFF,
    0xFF, 0xFF, 0xFF, 0xFF, 0xFF, 0xFF, 0x00, 0x00, 0x00, 0x00, 0x00, 0x00,
    0x00, 0x00, 0xFF, 0xFF, 0xFF, 0xFF, 0xFF, 0xFF, 0xFF, 0xFF, 0xFF, 0xFF,
    0xFF, 0xFF, 0xFF, 0xFF, 0xFF, 0xFF, 0xFF, 0xFF, 0xFF, 0xFF, 0xFF, 0xFF,
    0x00, 0x00, 0x00, 0x00, 0x00, 0x00, 0x00, 0x00, 0x00, 0x00, 0xFF, 0xFF,
    0xFF, 0xFF, 0xFF, 0xFF, 0xFF, 0xFF, 0xFF, 0xFF, 0xFF, 0xFF, 0xFF, 0xFF,
    0xFF, 0xFF, 0xFF, 0xFF, 0xFF, 0xFF, 0xFF, 0xFF, 0x00, 0x00, 0x00, 0x00,
    0x00, 0x00, 0x00, 0x00, 0xFF, 0xFF, 0xFF, 0xFF, 0xFF, 0xFF, 0xFF, 0xFF,
    0xFF, 0xFF, 0xFF, 0xFF, 0xFF, 0xFF, 0xFF, 0xFF, 0xFF, 0xFF, 0xFF, 0xFF,
    0xFF, 0xFF, 0x00, 0x00, 0x00, 0x00, 0x00, 0x00, 0x00, 0x00, 0x00, 0x00,
    0xFF, 0xFF, 0xFF, 0xFF, 0xFF, 0xFF, 0xFF, 0xFF, 0xFF, 0xFF, 0xFF, 0xFF,
    0xFF, 0xFF, 0xFF, 0xFF, 0xFF, 0xFF, 0xFF, 0xFF, 0xFF, 0xFF, 0x00, 0x00,
    0x00, 0x00, 0x00, 0x00, 0x00, 0x00, 0xFF, 0xFF, 0xFF, 0xFF, 0xFF, 0xFF,
    0xFF, 0xFF, 0xFF, 0xFF, 0xFF, 0xFF, 0xFF, 0xFF, 0xFF, 0xFF, 0xFF, 0xFF,
    0xFF, 0xFF, 0xFF, 0xFF, 0xFF, 0xFF, 0x00, 0x00, 0x00, 0x00, 0x00, 0x00,
    0x00, 0x00, 0xFF, 0xFF, 0xFF, 0xFF, 0xFF, 0xFF, 0xFF, 0xFF, 0xFF, 0xFF,
    0xFF, 0xFF, 0xFF, 0xFF, 0xFF, 0xFF, 0xFF, 0xFF, 0xFF, 0xFF, 0xFF, 0xFF,
    0xFF, 0xFF, 0x00, 0x00, 0x00, 0x00, 0x00, 0x00, 0x00, 0x00, 0xFF, 0xFF,
    0xFF, 0xFF, 0xFF, 0xFF, 0xFF, 0xFF, 0xFF, 0xFF, 0xFF, 0xFF, 0xFF, 0xFF,
    0xFF, 0xFF, 0xFF, 0xFF, 0xFF, 0xFF, 0xFF, 0xFF, 0x00, 0x00, 0x00, 0x00,
    0x00, 0x00, 0x00, 0x00, 0x00, 0x00, 0xFF, 0xFF, 0xFF, 0xFF, 0xFF, 0xFF,
    0xFF, 0xFF, 0xFF, 0xFF, 0xFF, 0xFF, 0xFF, 0xFF, 0xFF, 0xFF, 0xFF, 0xFF,
    0xFF, 0xFF, 0xFF, 0xFF, 0x00, 0x00, 0x00, 0x00, 0x00, 0x00, 0x00, 0x00,
    0x00, 0x00, 0x00, 0x00, 0xFF, 0xFF, 0xFF, 0xFF, 0xFF, 0xFF, 0xFF, 0xFF,
    0xFF, 0xFF, 0x00, 0x00, 0xFF, 0xFF, 0xFF, 0xFF, 0xFF, 0xFF, 0xFF, 0xFF,
    0x00, 0x00, 0x00, 0x00, 0x00, 0x00, 0x00, 0x00, 0x00, 0x00, 0x00, 0x00,
    0xFF, 0xFF, 0xFF, 0xFF, 0xFF, 0xFF, 0xFF, 0xFF, 0xFF, 0xFF, 0x00, 0x00,
    0xFF, 0xFF, 0xFF, 0xFF, 0xFF, 0xFF, 0xFF, 0xFF, 0x00, 0x00, 0x00, 0x00,
    0x00, 0x00, 0x00, 0x00, 0x00, 0x00, 0x00, 0x00, 0x00, 0x00, 0xFF, 0xFF,
    0xFF, 0xFF, 0x00, 0x00, 0x00, 0x00, 0x00, 0x00, 0x00, 0x00, 0xFF, 0xFF,
    0xFF, 0xFF, 0xFF, 0xFF, 0x00, 0x00, 0x00, 0x00, 0x00, 0x00, 0x00, 0x00,
    0x00, 0x00, 0x00, 0x00, 0x00, 0x00, 0xFF, 0xFF, 0xFF, 0xFF, 0x00, 0x00,
    0x00, 0x00, 0x00, 0x00, 0x00, 0x00, 0xFF, 0xFF, 0xFF, 0xFF, 0xFF, 0xFF,
    0x00, 0x00, 0x00, 0x00, 0x00, 0x00, 0x00, 0x00, 0x00, 0x00, 0x00, 0x00,
    0x00, 0x00, 0x00, 0x00, 0x00, 0x00, 0x00, 0x00, 0x00, 0x00, 0x00, 0x00,
    0x00, 0x00, 0x00, 0x00, 0xFF, 0xFF, 0x00, 0x00, 0x00, 0x00, 0x00, 0x00,
    0x00, 0x00, 0x00, 0x00, 0x00, 0x00, 0x00, 0x00, 0x00, 0x00, 0x00, 0x00,
    0x00, 0x00, 0x00, 0x00, 0x00, 0x00, 0x00, 0x00, 0x00, 0x00, 0x00, 0x00,
    0xFF, 0xFF, 0x00, 0x00, 0x00, 0x00, 0x00, 0x00, 0x00, 0x00, 0x00, 0x00,
};

const lv_image_dsc_t flappy_bird_1 = {
    .header = {
        .magic = LV_IMAGE_HEADER_MAGIC,
        .cf = LV_COLOR_FORMAT_RGB565A8,
        .flags = 0,
        .w = 32,
        .h = 32,
        .stride = 64,
        .reserved_2 = 0,
    },
    .data_size = 3072,
    .data = flappy_bird_1_map,
    .reserved = NULL,
};

const LV_ATTRIBUTE_MEM_ALIGN LV_ATTRIBUTE_LARGE_CONST uint8_t flappy_bird_2_map[3072] = {
    0x00, 0x00, 0x00, 0x00, 0x00, 0x00, 0x00, 0x00, 0x00, 0x00, 0x00, 0x00,
    0x00, 0x00, 0x00, 0x00, 0x00, 0x00, 0x00, 0x00, 0x00, 0x00, 0x00, 0x00,
    0x00, 0x00, 0x00, 0x00, 0x00, 0x00, 0x00, 0x00, 0x00, 0x00, 0x00, 0x00,
    0x00, 0x00, 0x00, 0x00, 0x00, 0x00, 0x00, 0x00, 0x00, 0x00, 0x00, 0x00,
    0x00, 0x00, 0x00, 0x00, 0x00, 0x00, 0x00, 0x00, 0x00, 0x00, 0x00, 0x00,
    0x00, 0x00, 0x00, 0x00, 0x00, 0x00, 0x00, 0x00, 0x00, 0x00, 0x00, 0x00,
    0x00, 0x00, 0x00, 0x00, 0x00, 0x00, 0x00, 0x00, 0x00, 0x00, 0x00, 0x00,
    0x00, 0x00, 0x00, 0x00, 0x00, 0x00, 0x00, 0x00, 0x00, 0x00, 0x00, 0x00,
    0x00, 0x00, 0x00, 0x00, 0x00, 0x00, 0x00, 0x00, 0x00, 0x00, 0x00, 0x00,
    0x00, 0x00, 0x00, 0x00, 0x00, 0x00, 0x00, 0x00, 0x00, 0x00, 0x00, 0x00,
    0x00, 0x00, 0x00, 0x00, 0x00, 0x00, 0x00, 0x00, 0x00, 0x00, 0x00, 0x00,
    0x00, 0x00, 0x00, 0x00, 0x00, 0x00, 0x00, 0x00, 0x00, 0x00, 0x00, 0x00,
    0x00, 0x00, 0x00, 0x00, 0x00, 0x00, 0x00, 0x00, 0x00, 0x00, 0x00, 0x00,
    0x00, 0x00, 0x00, 0x00, 0x00, 0x00, 0x00, 0x00, 0x00, 0x00, 0x00, 0x00,
    0x00, 0x00, 0x00, 0x00, 0x00, 0x00, 0x00, 0x00, 0x00, 0x00, 0x00, 0x00,
    0x00, 0x00, 0x00, 0x00, 0x00, 0x00, 0x00, 0x00, 0x00, 0x00, 0x00, 0x00,
    0x00, 0x00, 0x00, 0x00, 0x00, 0x00, 0x00, 0x00, 0x00, 0x00, 0x00, 0x00,
    0x00, 0x00, 0x00, 0x00, 0x00, 0x00, 0x00, 0x00, 0x00, 0x00, 0x00, 0x00,
    0x00, 0x00, 0x00, 0x00, 0x00, 0x00, 0x00, 0x00, 0x00, 0x00, 0x00, 0x00,
    0x00, 0x00, 0x00, 0x00, 0x00, 0x00, 0x00, 0x00, 0x00, 0x00, 0x00, 0x00,
    0x00, 0x00, 0x00, 0x00, 0x00, 0x00, 0x00, 0x00, 0x00, 0x00, 0x00, 0x00,
    0x00, 0x00, 0x00, 0x00, 0x00, 0x00, 0x00, 0x00, 0x00, 0x00, 0x00, 0x00,
    0x00, 0x00, 0x00, 0x00, 0x02, 0xE5, 0x02, 0xE5, 0x02, 0xE5, 0x02, 0xE5,
    0x00, 0x00, 0x00, 0x00, 0x00, 0x00, 0x00, 0x00, 0x00, 0x00, 0x00, 0x00,
    0x00, 0x00, 0x00, 0x00, 0x00, 0x00, 0x00, 0x00, 0x00, 0x00, 0x00, 0x00,
    0x00, 0x00, 0x00, 0x00, 0x00, 0x00, 0x00, 0x00, 0x00, 0x00, 0x00, 0x00,
    0x00, 0x00, 0x00, 0x00, 0x00, 0x00, 0x00, 0x00, 0x00, 0x00, 0x00, 0x00,
    0x00, 0x00, 0x00, 0x00, 0x00, 0x00, 0x00, 0x00, 0x02, 0xE5, 0x02, 0xE5,
    0x02, 0xE5, 0x02, 0xE5, 0x00, 0x00, 0x00, 0x00, 0x00, 0x00, 0x00, 0x00,
    0x00, 0x00, 0x00, 0x00, 0x00, 0x00, 0x00, 0x00, 0x00, 0x00, 0x00, 0x00,
    0x00, 0x00, 0x00, 0x00, 0x00, 0x00, 0x00, 0x00, 0x00, 0x00, 0x00, 0x00,
    0x00, 0x00, 0x00, 0x00, 0x00, 0x00, 0x00, 0x00, 0x00, 0x00, 0x00, 0x00,
    0x00, 0x00, 0x00, 0x00, 0x00, 0x00, 0x00, 0x00, 0x02, 0xE5, 0x02, 0xE5,
    0x02, 0xE5, 0x02, 0xE5, 0x02, 0xE5, 0x02, 0xE5, 0x02, 0xE5, 0x02, 0xE5,
    0x00, 0x00, 0x00, 0x00, 0x00, 0x00, 0x00, 0x00, 0x00, 0x00, 0x00, 0x00,
    0x00, 0x00, 0x00, 0x00, 0x00, 0x00, 0x00, 0x00, 0x00, 0x00, 0x00, 0x00,
    0x00, 0x00, 0x00, 0x00, 0x00, 0x00, 0x00, 0x00, 0x00, 0x00, 0x00, 0x00,
    0x00, 0x00, 0x00, 0x00, 0x00, 0x00, 0x00, 0x00, 0x00, 0x00, 0x00, 0x00,
    0x02, 0xE5, 0x02, 0xE5, 0x02, 0xE5, 0x02, 0xE5, 0x02, 0xE5, 0x02, 0xE5,
    0x02, 0xE5, 0x02, 0xE5, 0x00, 0x00, 0x00, 0x00, 0x00, 0x00, 0x00, 0x00,
    0x00, 0x00, 0x00, 0x00, 0x00, 0x00, 0x00, 0x00, 0x00, 0x00, 0x00, 0x00,
    0x00, 0x00, 0x00, 0x00, 0x00, 0x00, 0x00, 0x00, 0x00, 0x00, 0x00, 0x00,
    0x00, 0x00, 0x00, 0x00, 0x00, 0x00, 0x00, 0x00, 0x00, 0x00, 0x00, 0x00,
    0x00, 0x00, 0x00, 0x00, 0x02, 0xE5, 0x02, 0xE5, 0x02, 0xE5, 0x02, 0xE5,
    0x02, 0xE5, 0x02, 0xE5, 0x02, 0xE5, 0x02, 0xE5, 0x02, 0xE5, 0x02, 0xE5,
    0x00, 0x00, 0x00, 0x00, 0x00, 0x00, 0x00, 0x00, 0x00, 0x00, 0x00, 0x00,
    0x00, 0x00, 0x00, 0x00, 0x00, 0x00, 0x00, 0x00, 0x00, 0x00, 0x00, 0x00,
    0x00, 0x00, 0x00, 0x00, 0x00, 0x00, 0x00, 0x00, 0x00, 0x00, 0x00, 0x00,
    0x00, 0x00, 0x00, 0x00, 0x00, 0x00, 0x00, 0x00, 0x02, 0xE5, 0x02, 0xE5,
    0x02, 0xE5, 0x02, 0xE5, 0x02, 0xE5, 0x02, 0xE5, 0x02, 0xE5, 0x02, 0xE5,
    0x02, 0xE5, 0x02, 0xE5, 0x00, 0x00, 0x00, 0x00, 0x00, 0x00, 0x00, 0x00,
    0x00, 0x00, 0x00, 0x00, 0x00, 0x00, 0x00, 0x00, 0x00, 0x00, 0x00, 0x00,
    0x00, 0x00, 0x00, 0x00, 0x00, 0x00, 0x00, 0x00, 0x00, 0x00, 0x00, 0x00,
    0x00, 0x00, 0x00, 0x00, 0x00, 0x00, 0x00, 0x00, 0x00, 0x00, 0x00, 0x00,
    0x02, 0xE5, 0x02, 0xE5, 0x02, 0xE5, 0x02, 0xE5, 0x02, 0xE5, 0x02, 0xE5,
    0x02, 0xE5, 0x02, 0xE5, 0x00, 0x00, 0x00, 0x00, 0x45, 0xFE, 0x45, 0xFE,
    0x45, 0xFE, 0x45, 0xFE, 0x45, 0xFE, 0x45, 0xFE, 0x45, 0xFE, 0x45, 0xFE,
    0x45, 0xFE, 0x45, 0xFE, 0x00, 0x00, 0x00, 0x00, 0x00, 0x00, 0x00, 0x00,
    0x00, 0x00, 0x00, 0x00, 0x00, 0x00, 0x00, 0x00, 0x00, 0x00, 0x00, 0x00,
    0x00, 0x00, 0x00, 0x00, 0x02, 0xE5, 0x02, 0xE5, 0x02, 0xE5, 0x02, 0xE5,
    0x02, 0xE5, 0x02, 0xE5, 0x02, 0xE5, 0x02, 0xE5, 0x00, 0x00, 0x00, 0x00,
    0x45, 0xFE, 0x45, 0xFE, 0x45, 0xFE, 0x45, 0xFE, 0x45, 0xFE, 0x45, 0xFE,
    0x45, 0xFE, 0x45, 0xFE, 0x45, 0xFE, 0x45, 0xFE, 0x00, 0x00, 0x00, 0x00,
    0x00, 0x00, 0x00, 0x00, 0x00, 0x00, 0x00, 0x00, 0x00, 0x00, 0x00, 0x00,
    0x00, 0x00, 0x00, 0x00, 0x00, 0x00, 0x00, 0x00, 0x00, 0x00, 0x00, 0x00,
    0x02, 0xE5, 0x02, 0xE5, 0x02, 0xE5, 0x02, 0xE5, 0x02, 0xE5, 0x02, 0xE5,
    0x00, 0x00, 0x00, 0x00, 0x45, 0xFE, 0x45, 0xFE, 0x45, 0xFE, 0x45, 0xFE,
    0x45, 0xFE, 0x45, 0xFE, 0xBE, 0xC7, 0xBE, 0xC7, 0xBE, 0xC7, 0xBE, 0xC7,
    0x00, 0x00, 0x00, 0x00, 0x00, 0x00, 0x00, 0x00, 0x00, 0x00, 0x00, 0x00,
    0x00, 0x00, 0x00, 0x00, 0x00, 0x00, 0x00, 0x00, 0x00, 0x00, 0x00, 0x00,
    0x00, 0x00, 0x00, 0x00, 0x02, 0xE5, 0x02, 0xE5, 0x02, 0xE5, 0x02, 0xE5,
    0x02, 0xE5, 0x02, 0xE5, 0x00, 0x00, 0x00, 0x00, 0x45, 0xFE, 0x45, 0xFE,
    0x45, 0xFE, 0x45, 0xFE, 0x45, 0xFE, 0x45, 0xFE, 0xBE, 0xC7, 0xBE, 0xC7,
    0xBE, 0xC7, 0xBE, 0xC7, 0x00, 0x00, 0x00, 0x00, 0x00, 0x00, 0x00, 0x00,
    0x00, 0x00, 0x00, 0x00, 0x00, 0x00, 0x00, 0x00, 0x00, 0x00, 0x00, 0x00,
    0x00, 0x00, 0x00, 0x00, 0x00, 0x00, 0x00, 0x00, 0x00, 0x00, 0x00, 0x00,
    0x02, 0xE5, 0x02, 0xE5, 0x02, 0xE5, 0x02, 0xE5, 0x02, 0xE5, 0x02, 0xE5,
    0x00, 0x00, 0x00, 0x00, 0x45, 0xFE, 0x45, 0xFE, 0x45, 0xFE, 0x45, 0xFE,
    0xBE, 0xC7, 0xBE, 0xC7, 0xFF, 0x4F, 0xFF, 0x4F, 0x00, 0x00, 0x00, 0x00,
    0x00, 0x00, 0x00, 0x00, 0x00, 0x00, 0x00, 0x00, 0x00, 0x00, 0x00, 0x00,
    0x00, 0x00, 0x00, 0x00, 0x00, 0x00, 0x00, 0x00, 0x00, 0x00, 0x00, 0x00,
    0x00, 0x00, 0x00, 0x00, 0x02, 0xE5, 0x02, 0xE5, 0x02, 0xE5, 0x02, 0xE5,
    0x02, 0xE5, 0x02, 0xE5, 0x00, 0x00, 0x00, 0x00, 0x45, 0xFE, 0x45, 0xFE,
    0x45, 0xFE, 0x45, 0xFE, 0xBE, 0xC7, 0xBE, 0xC7, 0xFF, 0x4F, 0xFF, 0x4F,
    0x00, 0x00, 0x00, 0x00, 0x00, 0x00, 0x00, 0x00, 0x00, 0x00, 0x00, 0x00,
    0x00, 0x00, 0x00, 0x00, 0x00, 0x00, 0x00, 0x00, 0x00, 0x00, 0x00, 0x00,
    0x00, 0x00, 0x00, 0x00, 0x00, 0x00, 0x00, 0x00, 0x02, 0xE5, 0x02, 0xE5,
    0x02, 0xE5, 0x02, 0xE5, 0x02, 0xE5, 0x02, 0xE5, 0x00, 0x00, 0x00, 0x00,
    0x00, 0x00, 0x00, 0x00, 0x45, 0xFE, 0x45, 0xFE, 0x45, 0xFE, 0x45, 0xFE,
    0x45, 0xFE, 0x45, 0xFE, 0xC0, 0xFB, 0xC0, 0xFB, 0xC0, 0xFB, 0xC0, 0xFB,
    0x00, 0x00, 0x00, 0x00, 0x00, 0x00, 0x00, 0x00, 0x00, 0x00, 0x00, 0x00,
    0x00, 0x00, 0x00, 0x00, 0x00, 0x00, 0x00, 0x00, 0x00, 0x00, 0x00, 0x00,
    0x02, 0xE5, 0x02, 0xE5, 0x02, 0xE5, 0x02, 0xE5, 0x02, 0xE5, 0x02, 0xE5,
    0x00, 0x00, 0x00, 0x00, 0x00, 0x00, 0x00, 0x00, 0x45, 0xFE, 0x45, 0xFE,
    0x45, 0xFE, 0x45, 0xFE, 0x45, 0xFE, 0x45, 0xFE, 0xC0, 0xFB, 0xC0, 0xFB,
    0xC0, 0xFB, 0xC0, 0xFB, 0x00, 0x00, 0x00, 0x00, 0x00, 0x00, 0x00, 0x00,
    0x00, 0x00, 0x00, 0x00, 0x00, 0x00, 0x00, 0x00, 0x00, 0x00, 0x00, 0x00,
    0x00, 0x00, 0x00, 0x00, 0x00, 0x00, 0x00, 0x00, 0x02, 0xE5, 0x02, 0xE5,
    0x02, 0xE5, 0x02, 0xE5, 0x02, 0xE5, 0x02, 0xE5, 0x00, 0x00, 0x00, 0x00,
    0x45, 0xFE, 0x45, 0xFE, 0x45, 0xFE, 0x45, 0xFE, 0x45, 0xFE, 0x45, 0xFE,
    0xC0, 0xFB, 0xC0, 0xFB, 0xC0, 0xFB, 0xC0, 0xFB, 0x00, 0x00, 0x00, 0x00,
    0x00, 0x00, 0x00, 0x00, 0x00, 0x00, 0x00, 0x00, 0x00, 0x00, 0x00, 0x00,
    0x00, 0x00, 0x00, 0x00, 0x00, 0x00, 0x00, 0x00, 0x00, 0x00, 0x00, 0x00,
    0x02, 0xE5, 0x02, 0xE5, 0x02, 0xE5, 0x02, 0xE5, 0x02, 0xE5, 0x02, 0xE5,
    0x00, 0x00, 0x00, 0x00, 0x45, 0xFE, 0x45, 0xFE, 0x45, 0xFE, 0x45, 0xFE,
    0x45, 0xFE, 0x45, 0xFE, 0xC0, 0xFB, 0xC0, 0xFB, 0xC0, 0xFB, 0xC0, 0xFB,
    0x00, 0x00, 0x00, 0x00, 0x00, 0x00, 0x00, 0x00, 0x00, 0x00, 0x00, 0x00,
    0x00, 0x00, 0x00, 0x00, 0x00, 0x00, 0x00, 0x00, 0x00, 0x00, 0x00, 0x00,
    0x00, 0x00, 0x00, 0x00, 0x02, 0xE5, 0x02, 0xE5, 0x02, 0xE5, 0x02, 0xE5,
    0x02, 0xE5, 0x02, 0xE5, 0x00, 0x00, 0x00, 0x00, 0x45, 0xFE, 0x45, 0xFE,
    0x45, 0xFE, 0x45, 0xFE, 0x45, 0xFE, 0x45, 0xFE, 0x00, 0x00, 0x00, 0x00,
    0x00, 0x00, 0x00, 0x00, 0x00, 0x00, 0x00, 0x00, 0x00, 0x00, 0x00, 0x00,
    0x00, 0x00, 0x00, 0x00, 0x00, 0x00, 0x00, 0x00, 0x00, 0x00, 0x00, 0x00,
    0x00, 0x00, 0x00, 0x00, 0x00, 0x00, 0x00, 0x00, 0x02, 0xE5, 0x02, 0xE5,
    0x02, 0xE5, 0x02, 0xE5, 0x02, 0xE5, 0x02, 0xE5, 0x00, 0x00, 0x00, 0x00,
    0x45, 0xFE, 0x45, 0xFE, 0x45, 0xFE, 0x45, 0xFE, 0x45, 0xFE, 0x45, 0xFE,
    0x00, 0x00, 0x00, 0x00, 0x00, 0x00, 0x00, 0x00, 0x00, 0x00, 0x00, 0x00,
    0x00, 0x00, 0x00, 0x00, 0x00, 0x00, 0x00, 0x00, 0x00, 0x00, 0x00, 0x00,
    0x00, 0x00, 0x00, 0x00, 0x00, 0x00, 0x00, 0x00, 0x45, 0xFE, 0x45, 0xFE,
    0x00, 0x00, 0x00, 0x00, 0x00, 0x00, 0x00, 0x00, 0x00, 0x00, 0x00, 0x00,
    0x45, 0xFE, 0x45, 0xFE, 0x45, 0xFE, 0x45, 0xFE, 0x45, 0xFE, 0x45, 0xFE,
    0x45, 0xFE, 0x45, 0xFE, 0x00, 0x00, 0x00, 0x00, 0x00, 0x00, 0x00, 0x00,
    0x00, 0x00, 0x00, 0x00, 0x00, 0x00, 0x00, 0x00, 0x00, 0x00, 0x00, 0x00,
    0x00, 0x00, 0x00, 0x00, 0x00, 0x00, 0x00, 0x00, 0x00, 0x00, 0x00, 0x00,
    0x45, 0xFE, 0x45, 0xFE, 0x00, 0x00, 0x00, 0x00, 0x00, 0x00, 0x00, 0x00,
    0x00, 0x00, 0x00, 0x00, 0x45, 0xFE, 0x45, 0xFE, 0x45, 0xFE, 0x45, 0xFE,
    0x45, 0xFE, 0x45, 0xFE, 0x45, 0xFE, 0x45, 0xFE, 0x00, 0x00, 0x00, 0x00,
    0x00, 0x00, 0x00, 0x00, 0x00, 0x00, 0x00, 0x00, 0x00, 0x00, 0x00, 0x00,
    0x00, 0x00, 0x00, 0x00, 0x00, 0x00, 0x00, 0x00, 0x00, 0x00, 0x00, 0x00,
    0x00, 0x00, 0x00, 0x00, 0x45, 0xFE, 0x45, 0xFE, 0x45, 0xFE, 0x45, 0xFE,
    0x45, 0xFE, 0x45, 0xFE, 0x45, 0xFE, 0x45, 0xFE, 0x45, 0xFE, 0x45, 0xFE,
    0x45, 0xFE, 0x45, 0xFE, 0x45, 0xFE, 0x45, 0xFE, 0x45, 0xFE, 0x45, 0xFE,
    0x00, 0x00, 0x00, 0x00, 0x00, 0x00, 0x00, 0x00, 0x00, 0x00, 0x00, 0x00,
    0x00, 0x00, 0x00, 0x00, 0x00, 0x00, 0x00, 0x00, 0x00, 0x00, 0x00, 0x00,
    0x00, 0x00, 0x00, 0x00, 0x00, 0x00, 0x00, 0x00, 0x45, 0xFE, 0x45, 0xFE,
    0x45, 0xFE, 0x45, 0xFE, 0x45, 0xFE, 0x45, 0xFE, 0x45, 0xFE, 0x45, 0xFE,
    0x45, 0xFE, 0x45, 0xFE, 0x45, 0xFE, 0x45, 0xFE, 0x45, 0xFE, 0x45, 0xFE,
    0x45, 0xFE, 0x45, 0xFE, 0x00, 0x00, 0x00, 0x00, 0x00, 0x00, 0x00, 0x00,
    0x00, 0x00, 0x00, 0x00, 0x00, 0x00, 0x00, 0x00, 0x00, 0x00, 0x00, 0x00,
    0x00, 0x00, 0x00, 0x00, 0x00, 0x00, 0x00, 0x00, 0x00, 0x00, 0x00, 0x00,
    0x00, 0x00, 0x00, 0x00, 0x00, 0x00, 0x00, 0x00, 0x00, 0x00, 0x00, 0x00,
    0x00, 0x00, 0x00, 0x00, 0xC0, 0xFB, 0xC0, 0xFB, 0x00, 0x00, 0x00, 0x00,
    0x00, 0x00, 0x00, 0x00, 0x00, 0x00, 0x00, 0x00, 0x00, 0x00, 0x00, 0x00,
    0x00, 0x00, 0x00, 0x00, 0x00, 0x00, 0x00, 0x00, 0x00, 0x00, 0x00, 0x00,
    0x00, 0x00, 0x00, 0x00, 0x00, 0x00, 0x00, 0x00, 0x00, 0x00, 0x00, 0x00,
    0x00, 0x00, 0x00, 0x00, 0x00, 0x00, 0x00, 0x00, 0x00, 0x00, 0x00, 0x00,
    0x00, 0x00, 0x00, 0x00, 0x00, 0x00, 0x00, 0x00, 0xC0, 0xFB, 0xC0, 0xFB,
    0x00, 0x00, 0x00, 0x00, 0x00, 0x00, 0x00, 0x00, 0x00, 0x00, 0x00, 0x00,
    0x00, 0x00, 0x00, 0x00, 0x00, 0x00, 0x00, 0x00, 0x00, 0x00, 0x00, 0x00,
    0x00, 0x00, 0x00, 0x00, 0x00, 0x00, 0x00, 0x00, 0x00, 0x00, 0x00, 0x00,
    0x00, 0x00, 0x00, 0x00, 0x00, 0x00, 0x00, 0x00, 0x00, 0x00, 0x00, 0x00,
    0x00, 0x00, 0x00, 0x00, 0x00, 0x00, 0x00, 0x00, 0x00, 0x00, 0x00, 0x00,
    0x00, 0x00, 0x00, 0x00, 0xC0, 0xFB, 0xC0, 0xFB, 0xC0, 0xFB, 0xC0, 0xFB,
    0x00, 0x00, 0x00, 0x00, 0x00, 0x00, 0x00, 0x00, 0x00, 0x00, 0x00, 0x00,
    0x00, 0x00, 0x00, 0x00, 0x00, 0x00, 0x00, 0x00, 0x00, 0x00, 0x00, 0x00,
    0x00, 0x00, 0x00, 0x00, 0x00, 0x00, 0x00, 0x00, 0x00, 0x00, 0x00, 0x00,
    0x00, 0x00, 0x00, 0x00, 0x00, 0x00, 0x00, 0x00, 0x00, 0x00, 0x00, 0x00,
    0x00, 0x00, 0x00, 0x00, 0x00, 0x00, 0x00, 0x00, 0xC0, 0xFB, 0xC0, 0xFB,
    0xC0, 0xFB, 0xC0, 0xFB, 0x00, 0x00, 0x00, 0x00, 0x00, 0x00, 0x00, 0x00,
    0x00, 0x00, 0x00, 0x00, 0x00, 0x00, 0x00, 0x00, 0x00, 0x00, 0x00, 0x00,
    0x00, 0x00, 0x00, 0x00, 0x00, 0x00, 0x00, 0x00, 0x00, 0x00, 0x00, 0x00,
    0x00, 0x00, 0x00, 0x00, 0x00, 0x00, 0x00, 0x00, 0x00, 0x00, 0x00, 0x00,
    0x00, 0x00, 0x00, 0x00, 0x00, 0x00, 0x00, 0x00, 0x00, 0x00, 0x00, 0x00,
    0x00, 0x00, 0x00, 0x00, 0x00, 0x00, 0x00, 0x00, 0x00, 0x00, 0x00, 0x00,
    0x00, 0x00, 0x00, 0x00, 0x00, 0x00, 0x00, 0x00, 0x00, 0x00, 0x00, 0x00,
    0x00, 0x00, 0x00, 0x00, 0x00, 0x00, 0x00, 0x00, 0x00, 0x00, 0x00, 0x00,
    0x00, 0x00, 0x00, 0x00, 0x00, 0x00, 0x00, 0x00, 0x00, 0x00, 0x00, 0x00,
    0x00, 0x00, 0x00, 0x00, 0x00, 0x00, 0x00, 0x00, 0x00, 0x00, 0x00, 0x00,
    0x00, 0x00, 0x00, 0x00, 0x00, 0x00, 0x00, 0x00, 0x00, 0x00, 0x00, 0x00,
    0x00, 0x00, 0x00, 0x00, 0x00, 0x00, 0x00, 0x00, 0x00, 0x00, 0x00, 0x00,
    0x00, 0x00, 0x00, 0x00, 0x00, 0x00, 0x00, 0x00, 0x00, 0x00, 0x00, 0x00,
    0x00, 0x00, 0x00, 0x00, 0x00, 0x00, 0x00, 0x00, 0x00, 0x00, 0x00, 0x00,
    0x00, 0x00, 0x00, 0x00, 0x00, 0x00, 0x00, 0x00, 0x00, 0x00, 0x00, 0x00,
    0x00, 0x00, 0x00, 0x00, 0x00, 0x00, 0x00, 0x00, 0x00, 0x00, 0x00, 0x00,
    0x00, 0x00, 0x00, 0x00, 0x00, 0x00, 0x00, 0x00, 0x00, 0x00, 0x00, 0x00,
    0x00, 0x00, 0x00, 0x00, 0x00, 0x00, 0x00, 0x00, 0x00, 0x00, 0x00, 0x00,
    0x00, 0x00, 0x00, 0x00, 0x00, 0x00, 0xFF, 0xFF, 0xFF, 0xFF, 0x00, 0x00,
    0x00, 0x00, 0x00, 0x00, 0x00, 0x00, 0x00, 0x00, 0x00, 0x00, 0x00, 0x00,
    0x00, 0x00, 0x00, 0x00, 0x00, 0x00, 0x00, 0x00, 0x00, 0x00, 0x00, 0x00,
    0x00, 0x00, 0xFF, 0xFF, 0xFF, 0xFF, 0x00, 0x00, 0x00, 0x00, 0x00, 0x00,
    0x00, 0x00, 0x00, 0x00, 0x00, 0x00, 0x00, 0x00, 0x00, 0x00, 0x00, 0x00,
    0x00, 0x00, 0x00, 0x00, 0x00, 0x00, 0x00, 0x00, 0xFF, 0xFF, 0xFF, 0xFF,
    0xFF, 0xFF, 0xFF, 0xFF, 0x00, 0x00, 0x00, 0x00, 0x00, 0x00, 0x00, 0x00,
    0x00, 0x00, 0x00, 0x00, 0x00, 0x00, 0x00, 0x00, 0x00, 0x00, 0x00, 0x00,
    0x00, 0x00, 0x00, 0x00, 0xFF, 0xFF, 0xFF, 0xFF, 0xFF, 0xFF, 0xFF, 0xFF,
    0x00, 0x00, 0x00, 0x00, 0x00, 0x00, 0x00, 0x00, 0x00, 0x00, 0x00, 0x00,
    0x00, 0x00, 0x00, 0x00, 0x00, 0x00, 0x00, 0x00, 0x00, 0x00, 0xFF, 0xFF,
    0xFF, 0xFF, 0xFF, 0xFF, 0xFF, 0xFF, 0xFF, 0xFF, 0xFF, 0xFF, 0x00, 0x00,
    0x00, 0x00, 0x00, 0x00, 0x00, 0x00, 0x00, 0x00, 0x00, 0x00, 0x00, 0x00,
    0x00, 0x00, 0x00, 0x00, 0x00, 0x00, 0xFF, 0xFF, 0xFF, 0xFF, 0xFF, 0xFF,
    0xFF, 0xFF, 0xFF, 0xFF, 0xFF, 0xFF, 0x00, 0x00, 0x00, 0x00, 0x00, 0x00,
    0x00, 0x00, 0x00, 0x00, 0x00, 0x00, 0x00, 0x00, 0x00, 0x00, 0x00, 0x00,
    0x00, 0x00, 0xFF, 0xFF, 0xFF, 0xFF, 0xFF, 0xFF, 0xFF, 0xFF, 0xFF, 0xFF,
    0xFF, 0xFF, 0xFF, 0xFF, 0xFF, 0xFF, 0xFF, 0xFF, 0xFF, 0xFF, 0xFF, 0xFF,
    0x00, 0x00, 0x00, 0x00, 0x00, 0x00, 0x00, 0x00, 0x00, 0x00, 0xFF, 0xFF,
    0xFF, 0xFF, 0xFF, 0xFF, 0xFF, 0xFF, 0xFF, 0xFF, 0xFF, 0xFF, 0xFF, 0xFF,
    0xFF, 0xFF, 0xFF, 0xFF, 0xFF, 0xFF, 0xFF, 0xFF, 0x00, 0x00, 0x00, 0x00,
    0x00, 0x00, 0x00, 0x00, 0x00, 0x00, 0xFF, 0xFF, 0xFF, 0xFF, 0xFF, 0xFF,
    0xFF, 0xFF, 0xFF, 0xFF, 0xFF, 0xFF, 0xFF, 0xFF, 0xFF, 0xFF, 0xFF, 0xFF,
    0xFF, 0xFF, 0xFF, 0xFF, 0xFF, 0xFF, 0x00, 0x00, 0x00, 0x00, 0x00, 0x00,
    0x00, 0x00, 0xFF, 0xFF, 0xFF, 0xFF, 0xFF, 0xFF, 0xFF, 0xFF, 0xFF, 0xFF,
    0xFF, 0xFF, 0xFF, 0xFF, 0xFF, 0xFF, 0xFF, 0xFF, 0xFF, 0xFF, 0xFF, 0xFF,
    0xFF, 0xFF, 0x00, 0x00, 0x00, 0x00, 0x00, 0x00, 0x00, 0x00, 0x00, 0x00,
    0xFF, 0xFF, 0xFF, 0xFF, 0xFF, 0xFF, 0xFF, 0xFF, 0xFF, 0xFF, 0xFF, 0xFF,
    0xFF, 0xFF, 0xFF, 0xFF, 0xFF, 0xFF, 0xFF, 0xFF, 0xFF, 0xFF, 0x00, 0x00,
    0x00, 0x00, 0x00, 0x00, 0x00, 0x00, 0x00, 0x00, 0xFF, 0xFF, 0xFF, 0xFF,
    0xFF, 0xFF, 0xFF, 0xFF, 0xFF, 0xFF, 0xFF, 0xFF, 0xFF, 0xFF, 0xFF, 0xFF,
    0xFF, 0xFF, 0xFF, 0xFF, 0xFF, 0xFF, 0x00, 0x00, 0x00, 0x00, 0x00, 0x00,
    0x00, 0x00, 0x00, 0x00, 0x00, 0x00, 0xFF, 0xFF, 0xFF, 0xFF, 0xFF, 0xFF,
    0xFF, 0xFF, 0xFF, 0xFF, 0xFF, 0xFF, 0xFF, 0xFF, 0xFF, 0xFF, 0xFF, 0xFF,
    0xFF, 0xFF, 0xFF, 0xFF, 0x00, 0x00, 0x00, 0x00, 0x00, 0x00, 0x00, 0x00,
    0x00, 0x00, 0xFF, 0xFF, 0xFF, 0xFF, 0xFF, 0xFF, 0xFF, 0xFF, 0xFF, 0xFF,
    0xFF, 0xFF, 0xFF, 0xFF, 0xFF, 0xFF, 0xFF, 0xFF, 0xFF, 0xFF, 0xFF, 0xFF,
    0x00, 0x00, 0x00, 0x00, 0x00, 0x00, 0x00, 0x00, 0x00, 0x00, 0xFF, 0xFF,
    0xFF, 0xFF, 0xFF, 0xFF, 0xFF, 0xFF, 0xFF, 0xFF, 0xFF, 0xFF, 0xFF, 0xFF,
    0xFF, 0xFF, 0xFF, 0xFF, 0xFF, 0xFF, 0xFF, 0xFF, 0xFF, 0xFF, 0x00, 0x00,
    0x00, 0x00, 0x00, 0x00, 0x00, 0x00, 0xFF, 0xFF, 0xFF, 0xFF, 0xFF, 0xFF,
    0xFF, 0xFF, 0xFF, 0xFF, 0xFF, 0xFF, 0xFF, 0xFF, 0xFF, 0xFF, 0xFF, 0xFF,
    0xFF, 0xFF, 0xFF, 0xFF, 0xFF, 0xFF, 0x00, 0x00, 0x00, 0x00, 0x00, 0x00,
    0x00, 0x00, 0xFF, 0xFF, 0xFF, 0xFF, 0xFF, 0xFF, 0xFF, 0xFF, 0xFF, 0xFF,
    0xFF, 0xFF, 0xFF, 0xFF, 0xFF, 0xFF, 0xFF, 0xFF, 0xFF, 0xFF, 0xFF, 0xFF,
    0xFF, 0xFF, 0x00, 0x00, 0x00, 0x00, 0x00, 0x00, 0x00, 0x00, 0xFF, 0xFF,
    0xFF, 0xFF, 0xFF, 0xFF, 0xFF, 0xFF, 0xFF, 0xFF, 0xFF, 0xFF, 0xFF, 0xFF,
    0xFF, 0xFF, 0xFF, 0xFF, 0xFF, 0xFF, 0xFF, 0xFF, 0xFF, 0xFF, 0x00, 0x00,
    0x00, 0x00, 0x00, 0x00, 0x00, 0x00, 0xFF, 0xFF, 0xFF, 0xFF, 0xFF, 0xFF,
    0xFF, 0xFF, 0xFF, 0xFF, 0xFF, 0xFF, 0xFF, 0xFF, 0xFF, 0xFF, 0xFF, 0xFF,
    0xFF, 0xFF, 0xFF, 0xFF, 0x00, 0x00, 0x00, 0x00, 0x00, 0x00, 0x00, 0x00,
    0x00, 0x00, 0xFF, 0xFF, 0xFF, 0xFF, 0xFF, 0xFF, 0xFF, 0xFF, 0xFF, 0xFF,
    0xFF, 0xFF, 0xFF, 0xFF, 0xFF, 0xFF, 0xFF, 0xFF, 0xFF, 0xFF, 0xFF, 0xFF,
    0x00, 0x00, 0x00, 0x00, 0x00, 0x00, 0x00, 0x00, 0x00, 0x00, 0xFF, 0xFF,
    0xFF, 0xFF, 0xFF, 0xFF, 0xFF, 0xFF, 0xFF, 0xFF, 0xFF, 0xFF, 0xFF, 0xFF,
    0xFF, 0xFF, 0xFF, 0xFF, 0xFF, 0xFF, 0x00, 0x00, 0x00, 0x00, 0x00, 0x00,
    0x00, 0x00, 0x00, 0x00, 0x00, 0x00, 0xFF, 0xFF, 0xFF, 0xFF, 0xFF, 0xFF,
    0xFF, 0xFF, 0xFF, 0xFF, 0xFF, 0xFF, 0xFF, 0xFF, 0xFF, 0xFF, 0xFF, 0xFF,
    0xFF, 0xFF, 0x00, 0x00, 0x00, 0x00, 0x00, 0x00, 0x00, 0x00, 0x00, 0x00,
    0x00, 0x00, 0xFF, 0xFF, 0xFF, 0xFF, 0xFF, 0xFF, 0xFF, 0xFF, 0xFF, 0xFF,
    0xFF, 0xFF, 0xFF, 0xFF, 0xFF, 0xFF, 0xFF, 0xFF, 0xFF, 0xFF, 0x00, 0x00,
    0x00, 0x00, 0x00, 0x00, 0x00, 0x00, 0x00, 0x00, 0x00, 0x00, 0xFF, 0xFF,
    0xFF, 0xFF, 0xFF, 0xFF, 0xFF, 0xFF, 0xFF, 0xFF, 0xFF, 0xFF, 0xFF, 0xFF,
    0xFF, 0xFF, 0xFF, 0xFF, 0xFF, 0xFF, 0x00, 0x00, 0x00, 0x00, 0x00, 0x00,
    0x00, 0x00, 0x00, 0x00, 0x00, 0x00, 0x00, 0x00, 0xFF, 0xFF, 0xFF, 0xFF,
    0xFF, 0xFF, 0xFF, 0xFF, 0xFF, 0xFF, 0xFF, 0xFF, 0xFF, 0xFF, 0xFF, 0xFF,
    0x00, 0x00, 0x00, 0x00, 0x00, 0x00, 0x00, 0x00, 0x00, 0x00, 0x00, 0x00,
    0x00, 0x00, 0x00, 0x00, 0xFF, 0xFF, 0xFF, 0xFF, 0xFF, 0xFF, 0xFF, 0xFF,
    0xFF, 0xFF, 0xFF, 0xFF, 0xFF, 0xFF, 0xFF, 0xFF, 0x00, 0x00, 0x00, 0x00,
    0x00, 0x00, 0x00, 0x00, 0x00, 0x00, 0x00, 0x00, 0x00, 0x00, 0x00, 0x00,
    0x00, 0x00, 0x00, 0x00, 0x00, 0x00, 0x00, 0x00, 0xFF, 0xFF, 0xFF, 0xFF,
    0xFF, 0xFF, 0xFF, 0xFF, 0x00, 0x00, 0x00, 0x00, 0x00, 0x00, 0x00, 0x00,
    0x00, 0x00, 0x00, 0x00, 0x00, 0x00, 0x00, 0x00, 0x00, 0x00, 0x00, 0x00,
    0x00, 0x00, 0x00, 0x00, 0xFF, 0xFF, 0xFF, 0xFF, 0xFF, 0xFF, 0xFF, 0xFF,
    0x00, 0x00, 0x00, 0x00, 0x00, 0x00, 0x00, 0x00, 0x00, 0x00, 0x00, 0x00,
    0x00, 0x00, 0x00, 0x00, 0x00, 0x00, 0x00, 0x00, 0x00, 0x00, 0x00, 0x00,
    0x00, 0x00, 0xFF, 0xFF, 0xFF, 0xFF, 0x00, 0x00, 0x00, 0x00, 0x00, 0x00,
    0x00, 0x00, 0x00, 0x00, 0x00, 0x00, 0x00, 0x00, 0x00, 0x00, 0x00, 0x00,
    0x00, 0x00, 0x00, 0x00, 0x00, 0x00, 0x00, 0x00, 0x00, 0x00, 0xFF, 0xFF,
    0xFF, 0xFF, 0x00, 0x00, 0x00, 0x00, 0x00, 0x00, 0x00, 0x00, 0x00, 0x00,
};

const lv_image_dsc_t flappy_bird_2 = {
    .header = {
        .magic = LV_IMAGE_HEADER_MAGIC,
        .cf = LV_COLOR_FORMAT_RGB565A8,
        .flags = 0,
        .w = 32,
        .h = 32,
        .stride = 64,
        .reserved_2 = 0,
    },
    .data_size = 3072,
    .data = flappy_bird_2_map,
    .reserved = NULL,
};

const LV_ATTRIBUTE_MEM_ALIGN LV_ATTRIBUTE_LARGE_CONST uint8_t flappy_bird_3_map[3072] = {
    0x00, 0x00, 0x00, 0x00, 0x00, 0x00, 0x00, 0x00, 0x00, 0x00, 0x00, 0x00,
    0x00, 0x00, 0x00, 0x00, 0x00, 0x00, 0x00, 0x00, 0x00, 0x00, 0x00, 0x00,
    0x00, 0x00, 0x00, 0x00, 0x00, 0x00, 0x00, 0x00, 0x00, 0x00, 0x00, 0x00,
    0x00, 0x00, 0x00, 0x00, 0x00, 0x00, 0x00, 0x00, 0x00, 0x00, 0x00, 0x00,
    0x00, 0x00, 0x00, 0x00, 0x00, 0x00, 0x00, 0x00, 0x00, 0x00, 0x00, 0x00,
    0x00, 0x00, 0x00, 0x00, 0x00, 0x00, 0x00, 0x00, 0x00, 0x00, 0x00, 0x00,
    0x00, 0x00, 0x00, 0x00, 0x00, 0x00, 0x00, 0x00, 0x00, 0x00, 0x00, 0x00,
    0x00, 0x00, 0x00, 0x00, 0x00, 0x00, 0x00, 0x00, 0x00, 0x00, 0x00, 0x00,
    0x00, 0x00, 0x00, 0x00, 0x00, 0x00, 0x00, 0x00, 0x00, 0x00, 0x00, 0x00,
    0x00, 0x00, 0x00, 0x00, 0x00, 0x00, 0x00, 0x00, 0x00, 0x00, 0x00, 0x00,
    0x00, 0x00, 0x00, 0x00, 0x00, 0x00, 0x00, 0x00, 0x00, 0x00, 0x00, 0x00,
    0x00, 0x00, 0x00, 0x00, 0x00, 0x00, 0x00, 0x00, 0x00, 0x00, 0x00, 0x00,
    0x00, 0x00, 0x00, 0x00, 0x00, 0x00, 0x00, 0x00, 0x00, 0x00, 0x00, 0x00,
    0x00, 0x00, 0x00, 0x00, 0x00, 0x00, 0x00, 0x00, 0x00, 0x00, 0x00, 0x00,
    0x00, 0x00, 0x00, 0x00, 0x00, 0x00, 0x00, 0x00, 0x00, 0x00, 0x00, 0x00,
    0x00, 0x00, 0x00, 0x00, 0x00, 0x00, 0x00, 0x00, 0x00, 0x00, 0x00, 0x00,
    0x00, 0x00, 0x00, 0x00, 0x00, 0x00, 0x00, 0x00, 0x00, 0x00, 0x00, 0x00,
    0x00, 0x00, 0x00, 0x00, 0x00, 0x00, 0x00, 0x00, 0x00, 0x00, 0x00, 0x00,
    0x00, 0x00, 0x00, 0x00, 0x00, 0x00, 0x00, 0x00, 0x00, 0x00, 0x00, 0x00,
    0x00, 0x00, 0x00, 0x00, 0x00, 0x00, 0x00, 0x00, 0x00, 0x00, 0x00, 0x00,
    0x00, 0x00, 0x00, 0x00, 0x00, 0x00, 0x00, 0x00, 0x00, 0x00, 0x00, 0x00,
    0x00, 0x00, 0x00, 0x00, 0x00, 0x00, 0x00, 0x00, 0x00, 0x00, 0x00, 0x00,
    0x00, 0x00, 0x00, 0x00, 0x00, 0x00, 0x00, 0x00, 0x00, 0x00, 0x00, 0x00,
    0x00, 0x00, 0x00, 0x00, 0x00, 0x00, 0x00, 0x00, 0x00, 0x00, 0x00, 0x00,
    0x00, 0x00, 0x00, 0x00, 0x00, 0x00, 0x00, 0x00, 0x00, 0x00, 0x00, 0x00,
    0x00, 0x00, 0x00, 0x00, 0x00, 0x00, 0x00, 0x00, 0x00, 0x00, 0x00, 0x00,
    0x00, 0x00, 0x00, 0x00, 0x00, 0x00, 0x00, 0x00, 0x00, 0x00, 0x00, 0x00,
    0x00, 0x00, 0x00, 0x00, 0x00, 0x00, 0x00, 0x00, 0x00, 0x00, 0x00, 0x00,
    0x00, 0x00, 0x00, 0x00, 0x00, 0x00, 0x00, 0x00, 0x00, 0x00, 0x00, 0x00,
    0x00, 0x00, 0x00, 0x00, 0x00, 0x00, 0x00, 0x00, 0x00, 0x00, 0x00, 0x00,
    0x00, 0x00, 0x00, 0x00, 0x00, 0x00, 0x00, 0x00, 0x00, 0x00, 0x00, 0x00,
    0x00, 0x00, 0x00, 0x00, 0x00, 0x00, 0x00, 0x00, 0x00, 0x00, 0x00, 0x00,
    0x00, 0x00, 0x00, 0x00, 0x02, 0xE5, 0x02, 0xE5, 0x00, 0x00, 0x00, 0x00,
    0x00, 0x00, 0x00, 0x00, 0x00, 0x00, 0x00, 0x00, 0x00, 0x00, 0x00, 0x00,
    0x00, 0x00, 0x00, 0x00, 0x00, 0x00, 0x00, 0x00, 0x00, 0x00, 0x00, 0x00,
    0x00, 0x00, 0x00, 0x00, 0x00, 0x00, 0x00, 0x00, 0x00, 0x00, 0x00, 0x00,
    0x00, 0x00, 0x00, 0x00, 0x00, 0x00, 0x00, 0x00, 0x02, 0xE5, 0x02, 0xE5,
    0x00, 0x00, 0x00, 0x00, 0x00, 0x00, 0x00, 0x00, 0x02, 0xE5, 0x02, 0xE5,
    0x00, 0x00, 0x00, 0x00, 0x00, 0x00, 0x00, 0x00, 0x00, 0x00, 0x00, 0x00,
    0x00, 0x00, 0x00, 0x00, 0x00, 0x00, 0x00, 0x00, 0x00, 0x00, 0x00, 0x00,
    0x00, 0x00, 0x00, 0x00, 0x00, 0x00, 0x00, 0x00, 0x00, 0x00, 0x00, 0x00,
    0x00, 0x00, 0x00, 0x00, 0x00, 0x00, 0x00, 0x00, 0x00, 0x00, 0x00, 0x00,
    0x02, 0xE5, 0x02, 0xE5, 0x00, 0x00, 0x00, 0x00, 0x00, 0x00, 0x00, 0x00,
    0x02, 0xE5, 0x02, 0xE5, 0x00, 0x00, 0x00, 0x00, 0x00, 0x00, 0x00, 0x00,
    0x00, 0x00, 0x00, 0x00, 0x45, 0xFE, 0x45, 0xFE, 0x45, 0xFE, 0x45, 0xFE,
    0x45, 0xFE, 0x45, 0xFE, 0x45, 0xFE, 0x45, 0xFE, 0x45, 0xFE, 0x45, 0xFE,
    0x45, 0xFE, 0x45, 0xFE, 0x00, 0x00, 0x00, 0x00, 0x00, 0x00, 0x00, 0x00,
    0x00, 0x00, 0x00, 0x00, 0x02, 0xE5, 0x02, 0xE5, 0x00, 0x00, 0x00, 0x00,
    0x00, 0x00, 0x00, 0x00, 0x02, 0xE5, 0x02, 0xE5, 0x00, 0x00, 0x00, 0x00,
    0x00, 0x00, 0x00, 0x00, 0x00, 0x00, 0x00, 0x00, 0x45, 0xFE, 0x45, 0xFE,
    0x45, 0xFE, 0x45, 0xFE, 0x45, 0xFE, 0x45, 0xFE, 0x45, 0xFE, 0x45, 0xFE,
    0x45, 0xFE, 0x45, 0xFE, 0x45, 0xFE, 0x45, 0xFE, 0x00, 0x00, 0x00, 0x00,
    0x00, 0x00, 0x00, 0x00, 0x00, 0x00, 0x00, 0x00, 0x02, 0xE5, 0x02, 0xE5,
    0x00, 0x00, 0x00, 0x00, 0x00, 0x00, 0x00, 0x00, 0x02, 0xE5, 0x02, 0xE5,
    0x02, 0xE5, 0x02, 0xE5, 0x00, 0x00, 0x00, 0x00, 0x45, 0xFE, 0x45, 0xFE,
    0xBE, 0xC7, 0xBE, 0xC7, 0xBE, 0xC7, 0xBE, 0xC7, 0x45, 0xFE, 0x45, 0xFE,
    0x45, 0xFE, 0x45, 0xFE, 0xBE, 0xC7, 0xBE, 0xC7, 0xBE, 0xC7, 0xBE, 0xC7,
    0x45, 0xFE, 0x45, 0xFE, 0x00, 0x00, 0x00, 0x00, 0x02, 0xE5, 0x02, 0xE5,
    0x02, 0xE5, 0x02, 0xE5, 0x00, 0x00, 0x00, 0x00, 0x00, 0x00, 0x00, 0x00,
    0x02, 0xE5, 0x02, 0xE5, 0x02, 0xE5, 0x02, 0xE5, 0x00, 0x00, 0x00, 0x00,
    0x45, 0xFE, 0x45, 0xFE, 0xBE, 0xC7, 0xBE, 0xC7, 0xBE, 0xC7, 0xBE, 0xC7,
    0x45, 0xFE, 0x45, 0xFE, 0x45, 0xFE, 0x45, 0xFE, 0xBE, 0xC7, 0xBE, 0xC7,
    0xBE, 0xC7, 0xBE, 0xC7, 0x45, 0xFE, 0x45, 0xFE, 0x00, 0x00, 0x00, 0x00,
    0x02, 0xE5, 0x02, 0xE5, 0x02, 0xE5, 0x02, 0xE5, 0x00, 0x00, 0x00, 0x00,
    0x00, 0x00, 0x00, 0x00, 0x00, 0x00, 0x00, 0x00, 0x02, 0xE5, 0x02, 0xE5,
    0x00, 0x00, 0x00, 0x00, 0x45, 0xFE, 0x45, 0xFE, 0xBE, 0xC7, 0xBE, 0xC7,
    0xFF, 0x4F, 0xFF, 0x4F, 0x45, 0xFE, 0x45, 0xFE, 0x45, 0xFE, 0x45, 0xFE,
    0xFF, 0x4F, 0xFF, 0x4F, 0xBE, 0xC7, 0xBE, 0xC7, 0x45, 0xFE, 0x45, 0xFE,
    0x00, 0x00, 0x00, 0x00, 0x02, 0xE5, 0x02, 0xE5, 0x00, 0x00, 0x00, 0x00,
    0x00, 0x00, 0x00, 0x00, 0x00, 0x00, 0x00, 0x00, 0x00, 0x00, 0x00, 0x00,
    0x02, 0xE5, 0x02, 0xE5, 0x00, 0x00, 0x00, 0x00, 0x45, 0xFE, 0x45, 0xFE,
    0xBE, 0xC7, 0xBE, 0xC7, 0xFF, 0x4F, 0xFF, 0x4F, 0x45, 0xFE, 0x45, 0xFE,
    0x45, 0xFE, 0x45, 0xFE, 0xFF, 0x4F, 0xFF, 0x4F, 0xBE, 0xC7, 0xBE, 0xC7,
    0x45, 0xFE, 0x45, 0xFE, 0x00, 0x00, 0x00, 0x00, 0x02, 0xE5, 0x02, 0xE5,
    0x00, 0x00, 0x00, 0x00, 0x00, 0x00, 0x00, 0x00, 0x00, 0x00, 0x00, 0x00,
    0x00, 0x00, 0x00, 0x00, 0x00, 0x00, 0x00, 0x00, 0x00, 0x00, 0x00, 0x00,
    0x45, 0xFE, 0x45, 0xFE, 0x45, 0xFE, 0x45, 0xFE, 0x45, 0xFE, 0x45, 0xFE,
    0x45, 0xFE, 0x45, 0xFE, 0x45, 0xFE, 0x45, 0xFE, 0x45, 0xFE, 0x45, 0xFE,
    0x45, 0xFE, 0x45, 0xFE, 0x45, 0xFE, 0x45, 0xFE, 0x00, 0x00, 0x00, 0x00,
    0x00, 0x00, 0x00, 0x00, 0x00, 0x00, 0x00, 0x00, 0x00, 0x00, 0x00, 0x00,
    0x00, 0x00, 0x00, 0x00, 0x00, 0x00, 0x00, 0x00, 0x00, 0x00, 0x00, 0x00,
    0x00, 0x00, 0x00, 0x00, 0x45, 0xFE, 0x45, 0xFE, 0x45, 0xFE, 0x45, 0xFE,
    0x45, 0xFE, 0x45, 0xFE, 0x45, 0xFE, 0x45, 0xFE, 0x45, 0xFE, 0x45, 0xFE,
    0x45, 0xFE, 0x45, 0xFE, 0x45, 0xFE, 0x45, 0xFE, 0x45, 0xFE, 0x45, 0xFE,
    0x00, 0x00, 0x00, 0x00, 0x00, 0x00, 0x00, 0x00, 0x00, 0x00, 0x00, 0x00,
    0x00, 0x00, 0x00, 0x00, 0x00, 0x00, 0x00, 0x00, 0x00, 0x00, 0x00, 0x00,
    0x00, 0x00, 0x00, 0x00, 0x00, 0x00, 0x00, 0x00, 0x45, 0xFE, 0x45, 0xFE,
    0x45, 0xFE, 0x45, 0xFE, 0x45, 0xFE, 0x45, 0xFE, 0xC0, 0xFB, 0xC0, 0xFB,
    0xC0, 0xFB, 0xC0, 0xFB, 0x45, 0xFE, 0x45, 0xFE, 0x45, 0xFE, 0x45, 0xFE,
    0x45, 0xFE, 0x45, 0xFE, 0x00, 0x00, 0x00, 0x00, 0x00, 0x00, 0x00, 0x00,
    0x00, 0x00, 0x00, 0x00, 0x00, 0x00, 0x00, 0x00, 0x00, 0x00, 0x00, 0x00,
    0x00, 0x00, 0x00, 0x00, 0x00, 0x00, 0x00, 0x00, 0x00, 0x00, 0x00, 0x00,
    0x45, 0xFE, 0x45, 0xFE, 0x45, 0xFE, 0x45, 0xFE, 0x45, 0xFE, 0x45, 0xFE,
    0xC0, 0xFB, 0xC0, 0xFB, 0xC0, 0xFB, 0xC0, 0xFB, 0x45, 0xFE, 0x45, 0xFE,
    0x45, 0xFE, 0x45, 0xFE, 0x45, 0xFE, 0x45, 0xFE, 0x00, 0x00, 0x00, 0x00,
    0x00, 0x00, 0x00, 0x00, 0x00, 0x00, 0x00, 0x00, 0x00, 0x00, 0x00, 0x00,
    0x00, 0x00, 0x00, 0x00, 0x00, 0x00, 0x00, 0x00, 0x00, 0x00, 0x00, 0x00,
    0x00, 0x00, 0x00, 0x00, 0x45, 0xFE, 0x45, 0xFE, 0x45, 0xFE, 0x45, 0xFE,
    0x45, 0xFE, 0x45, 0xFE, 0x02, 0xE5, 0x02, 0xE5, 0x02, 0xE5, 0x02, 0xE5,
    0x45, 0xFE, 0x45, 0xFE, 0x45, 0xFE, 0x45, 0xFE, 0x45, 0xFE, 0x45, 0xFE,
    0x00, 0x00, 0x00, 0x00, 0x00, 0x00, 0x00, 0x00, 0x00, 0x00, 0x00, 0x00,
    0x00, 0x00, 0x00, 0x00, 0x00, 0x00, 0x00, 0x00, 0x00, 0x00, 0x00, 0x00,
    0x00, 0x00, 0x00, 0x00, 0x00, 0x00, 0x00, 0x00, 0x45, 0xFE, 0x45, 0xFE,
    0x45, 0xFE, 0x45, 0xFE, 0x45, 0xFE, 0x45, 0xFE, 0x02, 0xE5, 0x02, 0xE5,
    0x02, 0xE5, 0x02, 0xE5, 0x45, 0xFE, 0x45, 0xFE, 0x45, 0xFE, 0x45, 0xFE,
    0x45, 0xFE, 0x45, 0xFE, 0x00, 0x00, 0x00, 0x00, 0x00, 0x00, 0x00, 0x00,
    0x00, 0x00, 0x00, 0x00, 0x00, 0x00, 0x00, 0x00, 0x00, 0x00, 0x00, 0x00,
    0x00, 0x00, 0x00, 0x00, 0x00, 0x00, 0x00, 0x00, 0x00, 0x00, 0x00, 0x00,
    0x45, 0xFE, 0x45, 0xFE, 0x45, 0xFE, 0x45, 0xFE, 0x45, 0xFE, 0x45, 0xFE,
    0x45, 0xFE, 0x45, 0xFE, 0x45, 0xFE, 0x45, 0xFE, 0x45, 0xFE, 0x45, 0xFE,
    0x45, 0xFE, 0x45, 0xFE, 0x45, 0xFE, 0x45, 0xFE, 0x00, 0x00, 0x00, 0x00,
    0x00, 0x00, 0x00, 0x00, 0x00, 0x00, 0x00, 0x00, 0x00, 0x00, 0x00, 0x00,
    0x00, 0x00, 0x00, 0x00, 0x00, 0x00, 0x00, 0x00, 0x00, 0x00, 0x00, 0x00,
    0x00, 0x00, 0x00, 0x00, 0x45, 0xFE, 0x45, 0xFE, 0x45, 0xFE, 0x45, 0xFE,
    0x45, 0xFE, 0x45, 0xFE, 0x45, 0xFE, 0x45, 0xFE, 0x45, 0xFE, 0x45, 0xFE,
    0x45, 0xFE, 0x45, 0xFE, 0x45, 0xFE, 0x45, 0xFE, 0x45, 0xFE, 0x45, 0xFE,
    0x00, 0x00, 0x00, 0x00, 0x00, 0x00, 0x00, 0x00, 0x00, 0x00, 0x00, 0x00,
    0x00, 0x00, 0x00, 0x00, 0x00, 0x00, 0x00, 0x00, 0x00, 0x00, 0x00, 0x00,
    0x00, 0x00, 0x00, 0x00, 0x00, 0x00, 0x00, 0x00, 0x00, 0x00, 0x00, 0x00,
    0x45, 0xFE, 0x45, 0xFE, 0x45, 0xFE, 0x45, 0xFE, 0x45, 0xFE, 0x45, 0xFE,
    0x45, 0xFE, 0x45, 0xFE, 0x45, 0xFE, 0x45, 0xFE, 0x45, 0xFE, 0x45, 0xFE,
    0x00, 0x00, 0x00, 0x00, 0x00, 0x00, 0x00, 0x00, 0x00, 0x00, 0x00, 0x00,
    0x00, 0x00, 0x00, 0x00, 0x00, 0x00, 0x00, 0x00, 0x00, 0x00, 0x00, 0x00,
    0x00, 0x00, 0x00, 0x00, 0x00, 0x00, 0x00, 0x00, 0x00, 0x00, 0x00, 0x00,
    0x00, 0x00, 0x00, 0x00, 0x45, 0xFE, 0x45, 0xFE, 0x45, 0xFE, 0x45, 0xFE,
    0x45, 0xFE, 0x45, 0xFE, 0x45, 0xFE, 0x45, 0xFE, 0x45, 0xFE, 0x45, 0xFE,
    0x45, 0xFE, 0x45, 0xFE, 0x00, 0x00, 0x00, 0x00, 0x00, 0x00, 0x00, 0x00,
    0x00, 0x00, 0x00, 0x00, 0x00, 0x00, 0x00, 0x00, 0x00, 0x00, 0x00, 0x00,
    0x00, 0x00, 0x00, 0x00, 0x00, 0x00, 0x00, 0x00, 0x00, 0x00, 0x00, 0x00,
    0x00, 0x00, 0x00, 0x00, 0x00, 0x00, 0x00, 0x00, 0xC0, 0xFB, 0xC0, 0xFB,
    0x00, 0x00, 0x00, 0x00, 0x00, 0x00, 0x00, 0x00, 0x00, 0x00, 0x00, 0x00,
    0x00, 0x00, 0x00, 0x00, 0xC0, 0xFB, 0xC0, 0xFB, 0x00, 0x00, 0x00, 0x00,
    0x00, 0x00, 0x00, 0x00, 0x00, 0x00, 0x00, 0x00, 0x00, 0x00, 0x00, 0x00,
    0x00, 0x00, 0x00, 0x00, 0x00, 0x00, 0x00, 0x00, 0x00, 0x00, 0x00, 0x00,
    0x00, 0x00, 0x00, 0x00, 0x00, 0x00, 0x00, 0x00, 0x00, 0x00, 0x00, 0x00,
    0xC0, 0xFB, 0xC0, 0xFB, 0x00, 0x00, 0x00, 0x00, 0x00, 0x00, 0x00, 0x00,
    0x00, 0x00, 0x00, 0x00, 0x00, 0x00, 0x00, 0x00, 0xC0, 0xFB, 0xC0, 0xFB,
    0x00, 0x00, 0x00, 0x00, 0x00, 0x00, 0x00, 0x00, 0x00, 0x00, 0x00, 0x00,
    0x00, 0x00, 0x00, 0x00, 0x00, 0x00, 0x00, 0x00, 0x00, 0x00, 0x00, 0x00,
    0x00, 0x00, 0x00, 0x00, 0x00, 0x00, 0x00, 0x00, 0xC0, 0xFB, 0xC0, 0xFB,
    0xC0, 0xFB, 0xC0, 0xFB, 0xC0, 0xFB, 0xC0, 0xFB, 0x00, 0x00, 0x00, 0x00,
    0x00, 0x00, 0x00, 0x00, 0x00, 0x00, 0x00, 0x00, 0x00, 0x00, 0x00, 0x00,
    0xC0, 0xFB, 0xC0, 0xFB, 0xC0, 0xFB, 0xC0, 0xFB, 0xC0, 0xFB, 0xC0, 0xFB,
    0x00, 0x00, 0x00, 0x00, 0x00, 0x00, 0x00, 0x00, 0x00, 0x00, 0x00, 0x00,
    0x00, 0x00, 0x00, 0x00, 0x00, 0x00, 0x00, 0x00, 0x00, 0x00, 0x00, 0x00,
    0xC0, 0xFB, 0xC0, 0xFB, 0xC0, 0xFB, 0xC0, 0xFB, 0xC0, 0xFB, 0xC0, 0xFB,
    0x00, 0x00, 0x00, 0x00, 0x00, 0x00, 0x00, 0x00, 0x00, 0x00, 0x00, 0x00,
    0x00, 0x00, 0x00, 0x00, 0xC0, 0xFB, 0xC0, 0xFB, 0xC0, 0xFB, 0xC0, 0xFB,
    0xC0, 0xFB, 0xC0, 0xFB, 0x00, 0x00, 0x00, 0x00, 0x00, 0x00, 0x00, 0x00,
    0x00, 0x00, 0x00, 0x00, 0x00, 0x00, 0x00, 0x00, 0x00, 0x00, 0x00, 0x00,
    0xC0, 0xFB, 0xC0, 0xFB, 0xC0, 0xFB, 0xC0, 0xFB, 0x00, 0x00, 0x00, 0x00,
    0x00, 0x00, 0x00, 0x00, 0x00, 0x00, 0x00, 0x00, 0x00, 0x00, 0x00, 0x00,
    0x00, 0x00, 0x00, 0x00, 0x00, 0x00, 0x00, 0x00, 0x00, 0x00, 0x00, 0x00,
    0x00, 0x00, 0x00, 0x00, 0xC0, 0xFB, 0xC0, 0xFB, 0xC0, 0xFB, 0xC0, 0xFB,
    0x00, 0x00, 0x00, 0x00, 0x00, 0x00, 0x00, 0x00, 0x00, 0x00, 0x00, 0x00,
    0x00, 0x00, 0x00, 0x00, 0xC0, 0xFB, 0xC0, 0xFB, 0xC0, 0xFB, 0xC0, 0xFB,
    0x00, 0x00, 0x00, 0x00, 0x00, 0x00, 0x00, 0x00, 0x00, 0x00, 0x00, 0x00,
    0x00, 0x00, 0x00, 0x00, 0x00, 0x00, 0x00, 0x00, 0x00, 0x00, 0x00, 0x00,
    0x00, 0x00, 0x00, 0x00, 0x00, 0x00, 0x00, 0x00, 0xC0, 0xFB, 0xC0, 0xFB,
    0xC0, 0xFB, 0xC0, 0xFB, 0x00, 0x00, 0x00, 0x00, 0x00, 0x00, 0x00, 0x00,
    0x00, 0x00, 0x00, 0x00, 0x00, 0x00, 0x00, 0x00, 0x00, 0x00, 0x00, 0x00,
    0x00, 0x00, 0x00, 0x00, 0x00, 0x00, 0x00, 0x00, 0x00, 0x00, 0x00, 0x00,
    0x00, 0x00, 0x00, 0x00, 0x00, 0x00, 0x00, 0x00, 0x00, 0x00, 0x00, 0x00,
    0x00, 0x00, 0x00, 0x00, 0x00, 0x00, 0x00, 0x00, 0x00, 0x00, 0x00, 0x00,
    0x00, 0x00, 0x00, 0x00, 0x00, 0x00, 0x00, 0x00, 0x00, 0x00, 0x00, 0x00,
    0x00, 0x00, 0x00, 0x00, 0x00, 0x00, 0x00, 0x00, 0x00, 0x00, 0x00, 0x00,
    0x00, 0x00, 0x00, 0x00, 0x00, 0x00, 0x00, 0x00, 0x00, 0x00, 0x00, 0x00,
    0x00, 0x00, 0x00, 0x00, 0x00, 0x00, 0x00, 0x00, 0x00, 0x00, 0x00, 0x00,
    0x00, 0x00, 0x00, 0x00, 0x00, 0x00, 0x00, 0x00, 0x00, 0x00, 0x00, 0x00,
    0x00, 0x00, 0x00, 0x00, 0x00, 0x00, 0x00, 0x00, 0x00, 0x00, 0x00, 0x00,
    0x00, 0x00, 0x00, 0x00, 0x00, 0x00, 0x00, 0x00, 0x00, 0x00, 0x00, 0x00,
    0x00, 0x00, 0x00, 0x00, 0x00, 0x00, 0x00, 0x00, 0x00, 0x00, 0x00, 0x00,
    0x00, 0x00, 0x00, 0x00, 0x00, 0x00, 0x00, 0x00, 0x00, 0x00, 0x00, 0x00,
    0x00, 0x00, 0x00, 0x00, 0x00, 0x00, 0x00, 0x00, 0x00, 0x00, 0x00, 0x00,
    0x00, 0x00, 0x00, 0x00, 0x00, 0x00, 0x00, 0x00, 0x00, 0x00, 0x00, 0x00,
    0x00, 0x00, 0x00, 0x00, 0x00, 0x00, 0x00, 0x00, 0x00, 0x00, 0x00, 0x00,
    0x00, 0x00, 0xFF, 0xFF, 0x00, 0x00, 0x00, 0x00, 0x00, 0x00, 0x00, 0x00,
    0x00, 0x00, 0x00, 0x00, 0x00, 0x00, 0x00, 0x00, 0x00, 0x00, 0x00, 0x00,
    0x00, 0x00, 0x00, 0x00, 0xFF, 0xFF, 0x00, 0x00, 0x00, 0x00, 0xFF, 0xFF,
    0x00, 0x00, 0x00, 0x00, 0x00, 0x00, 0x00, 0x00, 0x00, 0x00, 0x00, 0x00,
    0x00, 0x00, 0x00, 0x00, 0x00, 0x00, 0x00, 0x00, 0x00, 0x00, 0x00, 0x00,
    0xFF, 0xFF, 0x00, 0x00, 0xFF, 0xFF, 0xFF, 0xFF, 0x00, 0x00, 0x00, 0x00,
    0x00, 0x00, 0x00, 0x00, 0x00, 0x00, 0x00, 0x00, 0x00, 0x00, 0x00, 0x00,
    0x00, 0x00, 0x00, 0x00, 0x00, 0x00, 0x00, 0x00, 0xFF, 0xFF, 0xFF, 0xFF,
    0xFF, 0xFF, 0xFF, 0xFF, 0x00, 0x00, 0x00, 0x00, 0x00, 0x00, 0x00, 0x00,
    0x00, 0x00, 0x00, 0x00, 0x00, 0x00, 0x00, 0x00, 0x00, 0x00, 0x00, 0x00,
    0x00, 0x00, 0x00, 0x00, 0xFF, 0xFF, 0xFF, 0xFF, 0xFF, 0xFF, 0xFF, 0xFF,
    0xFF, 0xFF, 0x00, 0x00, 0x00, 0x00, 0xFF, 0xFF, 0xFF, 0xFF, 0xFF, 0xFF,
    0xFF, 0xFF, 0xFF, 0xFF, 0xFF, 0xFF, 0x00, 0x00, 0x00, 0x00, 0xFF, 0xFF,
    0xFF, 0xFF, 0xFF, 0xFF, 0xFF, 0xFF, 0xFF, 0xFF, 0xFF, 0xFF, 0x00, 0x00,
    0x00, 0x00, 0xFF, 0xFF, 0xFF, 0xFF, 0xFF, 0xFF, 0xFF, 0xFF, 0xFF, 0xFF,
    0xFF, 0xFF, 0x00, 0x00, 0x00, 0x00, 0xFF, 0xFF, 0xFF, 0xFF, 0xFF, 0xFF,
    0xFF, 0xFF, 0xFF, 0xFF, 0xFF, 0xFF, 0x00, 0x00, 0xFF, 0xFF, 0xFF, 0xFF,
    0xFF, 0xFF, 0xFF, 0xFF, 0xFF, 0xFF, 0xFF, 0xFF, 0xFF, 0xFF, 0xFF, 0xFF,
    0x00, 0x00, 0xFF, 0xFF, 0xFF, 0xFF, 0xFF, 0xFF, 0xFF, 0xFF, 0xFF, 0xFF,
    0xFF, 0xFF, 0x00, 0x00, 0xFF, 0xFF, 0xFF, 0xFF, 0xFF, 0xFF, 0xFF, 0xFF,
    0xFF, 0xFF, 0xFF, 0xFF, 0xFF, 0xFF, 0xFF, 0xFF, 0x00, 0x00, 0xFF, 0xFF,
    0xFF, 0xFF, 0xFF, 0xFF, 0xFF, 0xFF, 0xFF, 0xFF, 0xFF, 0xFF, 0xFF, 0xFF,
    0xFF, 0xFF, 0xFF, 0xFF, 0xFF, 0xFF, 0xFF, 0xFF, 0xFF, 0xFF, 0xFF, 0xFF,
    0xFF, 0xFF, 0xFF, 0xFF, 0xFF, 0xFF, 0xFF, 0xFF, 0xFF, 0xFF, 0xFF, 0xFF,
    0xFF, 0xFF, 0xFF, 0xFF, 0xFF, 0xFF, 0xFF, 0xFF, 0xFF, 0xFF, 0xFF, 0xFF,
    0xFF, 0xFF, 0xFF, 0xFF, 0xFF, 0xFF, 0xFF, 0xFF, 0xFF, 0xFF, 0xFF, 0xFF,
    0xFF, 0xFF, 0xFF, 0xFF, 0xFF, 0xFF, 0xFF, 0xFF, 0x00, 0x00, 0xFF, 0xFF,
    0xFF, 0xFF, 0xFF, 0xFF, 0xFF, 0xFF, 0xFF, 0xFF, 0xFF, 0xFF, 0xFF, 0xFF,
    0xFF, 0xFF, 0xFF, 0xFF, 0xFF, 0xFF, 0xFF, 0xFF, 0xFF, 0xFF, 0xFF, 0xFF,
    0xFF, 0xFF, 0x00, 0x00, 0x00, 0x00, 0xFF, 0xFF, 0xFF, 0xFF, 0xFF, 0xFF,
    0xFF, 0xFF, 0xFF, 0xFF, 0xFF, 0xFF, 0xFF, 0xFF, 0xFF, 0xFF, 0xFF, 0xFF,
    0xFF, 0xFF, 0xFF, 0xFF, 0xFF, 0xFF, 0xFF, 0xFF, 0xFF, 0xFF, 0x00, 0x00,
    0x00, 0x00, 0xFF, 0xFF, 0xFF, 0xFF, 0xFF, 0xFF, 0xFF, 0xFF, 0xFF, 0xFF,
    0xFF, 0xFF, 0xFF, 0xFF, 0xFF, 0xFF, 0xFF, 0xFF, 0xFF, 0xFF, 0xFF, 0xFF,
    0xFF, 0xFF, 0xFF, 0xFF, 0xFF, 0xFF, 0x00, 0x00, 0x00, 0x00, 0xFF, 0xFF,
    0xFF, 0xFF, 0xFF, 0xFF, 0xFF, 0xFF, 0xFF, 0xFF, 0xFF, 0xFF, 0xFF, 0xFF,
    0xFF, 0xFF, 0xFF, 0xFF, 0xFF, 0xFF, 0xFF, 0xFF, 0xFF, 0xFF, 0xFF, 0xFF,
    0xFF, 0xFF, 0x00, 0x00, 0x00, 0x00, 0x00, 0x00, 0x00, 0x00, 0xFF, 0xFF,
    0xFF, 0xFF, 0xFF, 0xFF, 0xFF, 0xFF, 0xFF, 0xFF, 0xFF, 0xFF, 0xFF, 0xFF,
    0xFF, 0xFF, 0xFF, 0xFF, 0xFF, 0xFF, 0x00, 0x00, 0x00, 0x00, 0x00, 0x00,
    0x00, 0x00, 0x00, 0x00, 0x00, 0x00, 0xFF, 0xFF, 0xFF, 0xFF, 0xFF, 0xFF,
    0xFF, 0xFF, 0xFF, 0xFF, 0xFF, 0xFF, 0xFF, 0xFF, 0xFF, 0xFF, 0xFF, 0xFF,
    0xFF, 0xFF, 0x00, 0x00, 0x00, 0x00, 0x00, 0x00, 0x00, 0x00, 0x00, 0x00,
    0x00, 0x00, 0xFF, 0xFF, 0xFF, 0xFF, 0xFF, 0xFF, 0xFF, 0xFF, 0xFF, 0xFF,
    0xFF, 0xFF, 0xFF, 0xFF, 0xFF, 0xFF, 0xFF, 0xFF, 0xFF, 0xFF, 0x00, 0x00,
    0x00, 0x00, 0x00, 0x00, 0x00, 0x00, 0x00, 0x00, 0x00, 0x00, 0xFF, 0xFF,
    0xFF, 0xFF, 0xFF, 0xFF, 0xFF, 0xFF, 0xFF, 0xFF, 0xFF, 0xFF, 0xFF, 0xFF,
    0xFF, 0xFF, 0xFF, 0xFF, 0xFF, 0xFF, 0x00, 0x00, 0x00, 0x00, 0x00, 0x00,
    0x00, 0x00, 0x00, 0x00, 0x00, 0x00, 0xFF, 0xFF, 0xFF, 0xFF, 0xFF, 0xFF,
    0xFF, 0xFF, 0xFF, 0xFF, 0xFF, 0xFF, 0xFF, 0xFF, 0xFF, 0xFF, 0xFF, 0xFF,
    0xFF, 0xFF, 0x00, 0x00, 0x00, 0x00, 0x00, 0x00, 0x00, 0x00, 0x00, 0x00,
    0x00, 0x00, 0xFF, 0xFF, 0xFF, 0xFF, 0xFF, 0xFF, 0xFF, 0xFF, 0xFF, 0xFF,
    0xFF, 0xFF, 0xFF, 0xFF, 0xFF, 0xFF, 0xFF, 0xFF, 0xFF, 0xFF, 0x00, 0x00,
    0x00, 0x00, 0x00, 0x00, 0x00, 0x00, 0x00, 0x00, 0x00, 0x00, 0x00, 0x00,
    0xFF, 0xFF, 0xFF, 0xFF, 0xFF, 0xFF, 0xFF, 0xFF, 0xFF, 0xFF, 0xFF, 0xFF,
    0xFF, 0xFF, 0xFF, 0xFF, 0x00, 0x00, 0x00, 0x00, 0x00, 0x00, 0x00, 0x00,
    0x00, 0x00, 0x00, 0x00, 0x00, 0x00, 0x00, 0x00, 0xFF, 0xFF, 0xFF, 0xFF,
    0xFF, 0xFF, 0xFF, 0xFF, 0xFF, 0xFF, 0xFF, 0xFF, 0xFF, 0xFF, 0xFF, 0xFF,
    0x00, 0x00, 0x00, 0x00, 0x00, 0x00, 0x00, 0x00, 0x00, 0x00, 0x00, 0x00,
    0x00, 0x00, 0xFF, 0xFF, 0xFF, 0xFF, 0xFF, 0xFF, 0xFF, 0xFF, 0xFF, 0xFF,
    0xFF, 0xFF, 0xFF, 0xFF, 0xFF, 0xFF, 0xFF, 0xFF, 0xFF, 0xFF, 0x00, 0x00,
    0x00, 0x00, 0x00, 0x00, 0x00, 0x00, 0x00, 0x00, 0x00, 0x00, 0xFF, 0xFF,
    0xFF, 0xFF, 0xFF, 0xFF, 0xFF, 0xFF, 0xFF, 0xFF, 0xFF, 0xFF, 0xFF, 0xFF,
    0xFF, 0xFF, 0xFF, 0xFF, 0xFF, 0xFF, 0x00, 0x00, 0x00, 0x00, 0x00, 0x00,
    0x00, 0x00, 0x00, 0x00, 0xFF, 0xFF, 0xFF, 0xFF, 0xFF, 0xFF, 0xFF, 0xFF,
    0xFF, 0xFF, 0x00, 0x00, 0x00, 0x00, 0xFF, 0xFF, 0xFF, 0xFF, 0xFF, 0xFF,
    0xFF, 0xFF, 0xFF, 0xFF, 0x00, 0x00, 0x00, 0x00, 0x00, 0x00, 0x00, 0x00,
    0xFF, 0xFF, 0xFF, 0xFF, 0xFF, 0xFF, 0xFF, 0xFF, 0xFF, 0xFF, 0x00, 0x00,
    0x00, 0x00, 0xFF, 0xFF, 0xFF, 0xFF, 0xFF, 0xFF, 0xFF, 0xFF, 0xFF, 0xFF,
    0x00, 0x00, 0x00, 0x00, 0x00, 0x00, 0xFF, 0xFF, 0xFF, 0xFF, 0xFF, 0xFF,
    0xFF, 0xFF, 0xFF, 0xFF, 0x00, 0x00, 0x00, 0x00, 0x00, 0x00, 0x00, 0x00,
    0xFF, 0xFF, 0xFF, 0xFF, 0xFF, 0xFF, 0xFF, 0xFF, 0xFF, 0xFF, 0x00, 0x00,
    0x00, 0x00, 0xFF, 0xFF, 0xFF, 0xFF, 0xFF, 0xFF, 0xFF, 0xFF, 0xFF, 0xFF,
    0x00, 0x00, 0x00, 0x00, 0x00, 0x00, 0x00, 0x00, 0xFF, 0xFF, 0xFF, 0xFF,
    0xFF, 0xFF, 0xFF, 0xFF, 0xFF, 0xFF, 0x00, 0x00, 0x00, 0x00, 0x00, 0x00,
    0xFF, 0xFF, 0xFF, 0xFF, 0x00, 0x00, 0x00, 0x00, 0x00, 0x00, 0x00, 0x00,
    0x00, 0x00, 0x00, 0x00, 0x00, 0x00, 0x00, 0x00, 0xFF, 0xFF, 0xFF, 0xFF,
    0x00, 0x00, 0x00, 0x00, 0x00, 0x00, 0x00, 0x00, 0xFF, 0xFF, 0xFF, 0xFF,
    0x00, 0x00, 0x00, 0x00, 0x00, 0x00, 0x00, 0x00, 0x00, 0x00, 0x00, 0x00,
    0x00, 0x00, 0x00, 0x00, 0xFF, 0xFF, 0xFF, 0xFF, 0x00, 0x00, 0x00, 0x00,
};

const lv_image_dsc_t flappy_bird_3 = {
    .header = {
        .magic = LV_IMAGE_HEADER_MAGIC,
        .cf = LV_COLOR_FORMAT_RGB565A8,
        .flags = 0,
        .w = 32,
        .h = 32,
        .stride = 64,
        .reserved_2 = 0,
    },
    .data_size = 3072,
    .data = flappy_bird_3_map,
    .reserved = NULL,
};

const LV_ATTRIBUTE_MEM_ALIGN LV_ATTRIBUTE_LARGE_CONST uint8_t flappy_pipe_bot_map[11520] = {
    0x00, 0x00, 0x00, 0x00, 0x00, 0x00, 0x00, 0x00, 0x00, 0x00, 0x00, 0x00,
    0x22, 0x13, 0x22, 0x13, 0xEB, 0x7E, 0xEB, 0x7E, 0xA6, 0x35, 0xA6, 0x35,
    0xA6, 0x35, 0xA6, 0x35, 0x44, 0x24, 0x44, 0x24, 0x44, 0x24, 0x44, 0x24,
    0xA6, 0x35, 0xA6, 0x35, 0xEB, 0x7E, 0xEB, 0x7E, 0xA6, 0x35, 0xA6, 0x35,
    0x22, 0x13, 0x22, 0x13, 0x00, 0x00, 0x00, 0x00, 0x00, 0x00, 0x00, 0x00,
    0x00, 0x00, 0x00, 0x00, 0x00, 0x00, 0x00, 0x00, 0x00, 0x00, 0x00, 0x00,
    0x00, 0x00, 0x00, 0x00, 0x22, 0x13, 0x22, 0x13, 0xEB, 0x7E, 0xEB, 0x7E,
    0xA6, 0x35, 0xA6, 0x35, 0xA6, 0x35, 0xA6, 0x35, 0x44, 0x24, 0x44, 0x24,
    0x44, 0x24, 0x44, 0x24, 0xA6, 0x35, 0xA6, 0x35, 0xEB, 0x7E, 0xEB, 0x7E,
    0xA6, 0x35, 0xA6, 0x35, 0x22, 0x13, 0x22, 0x13, 0x00, 0x00, 0x00, 0x00,
    0x00, 0x00, 0x00, 0x00, 0x00, 0x00, 0x00, 0x00, 0x00, 0x00, 0x00, 0x00,
    0x00, 0x00, 0x00, 0x00, 0x00, 0x00, 0x00, 0x00, 0x22, 0x13, 0x22, 0x13,
    0xEB, 0x7E, 0xEB, 0x7E, 0xA6, 0x35, 0xA6, 0x35, 0xA6, 0x35, 0xA6, 0x35,
    0x44, 0x24, 0x44, 0x24, 0x44, 0x24, 0x44, 0x24, 0xA6, 0x35, 0xA6, 0x35,
    0xEB, 0x7E, 0xEB, 0x7E, 0xA6, 0x35, 0xA6, 0x35, 0x22, 0x13, 0x22, 0x13,
    0x00, 0x00, 0x00, 0x00, 0x00, 0x00, 0x00, 0x00, 0x00, 0x00, 0x00, 0x00,
    0x00, 0x00, 0x00, 0x00, 0x00, 0x00, 0x00, 0x00, 0x00, 0x00, 0x00, 0x00,
    0x22, 0x13, 0x22, 0x13, 0xEB, 0x7E, 0xEB, 0x7E, 0xA6, 0x35, 0xA6, 0x35,
    0xA6, 0x35, 0xA6, 0x35, 0x44, 0x24, 0x44, 0x24, 0x44, 0x24, 0x44, 0x24,
    0xA6, 0x35, 0xA6, 0x35, 0xEB, 0x7E, 0xEB, 0x7E, 0xA6, 0x35, 0xA6, 0x35,
    0x22, 0x13, 0x22, 0x13, 0x00, 0x00, 0x00, 0x00, 0x00, 0x00, 0x00, 0x00,
    0x00, 0x00, 0x00, 0x00, 0x00, 0x00, 0x00, 0x00, 0x00, 0x00, 0x00, 0x00,
    0x00, 0x00, 0x00, 0x00, 0x22, 0x13, 0x22, 0x13, 0xEB, 0x7E, 0xEB, 0x7E,
    0xA6, 0x35, 0xA6, 0x35, 0xA6, 0x35, 0xA6, 0x35, 0x44, 0x24, 0x44, 0x24,
    0x44, 0x24, 0x44, 0x24, 0xA6, 0x35, 0xA6, 0x35, 0xEB, 0x7E, 0xEB, 0x7E,
    0xA6, 0x35, 0xA6, 0x35, 0x22, 0x13, 0x22, 0x13, 0x00, 0x00, 0x00, 0x00,
    0x00, 0x00, 0x00, 0x00, 0x00, 0x00, 0x00, 0x00, 0x00, 0x00, 0x00, 0x00,
    0x00, 0x00, 0x00, 0x00, 0x00, 0x00, 0x00, 0x00, 0x22, 0x13, 0x22, 0x13,
    0xEB, 0x7E, 0xEB, 0x7E, 0xA6, 0x35, 0xA6, 0x35, 0xA6, 0x35, 0xA6, 0x35,
    0x44, 0x24, 0x44, 0x24, 0x44, 0x24, 0x44, 0x24, 0xA6, 0x35, 0xA6, 0x35,
    0xEB, 0x7E, 0xEB, 0x7E, 0xA6, 0x35, 0xA6, 0x35, 0x22, 0x13, 0x22, 0x13,
    0x00, 0x00, 0x00, 0x00, 0x00, 0x00, 0x00, 0x00, 0x00, 0x00, 0x00, 0x00,
    0x00, 0x00, 0x00, 0x00, 0x00, 0x00, 0x00, 0x00, 0x00, 0x00, 0x00, 0x00,
    0x22, 0x13, 0x22, 0x13, 0xEB, 0x7E, 0xEB, 0x7E, 0xA6, 0x35, 0xA6, 0x35,
    0xA6, 0x35, 0xA6, 0x35, 0x44, 0x24, 0x44, 0x24, 0x44, 0x24, 0x44, 0x24,
    0xA6, 0x35, 0xA6, 0x35, 0xEB, 0x7E, 0xEB, 0x7E, 0xA6, 0x35, 0xA6, 0x35,
    0x22, 0x13, 0x22, 0x13, 0x00, 0x00, 0x00, 0x00, 0x00, 0x00, 0x00, 0x00,
    0x00, 0x00, 0x00, 0x00, 0x00, 0x00, 0x00, 0x00, 0x00, 0x00, 0x00, 0x00,
    0x00, 0x00, 0x00, 0x00, 0x22, 0x13, 0x22, 0x13, 0xEB, 0x7E, 0xEB, 0x7E,
    0xA6, 0x35, 0xA6, 0x35, 0xA6, 0x35, 0xA6, 0x35, 0x44, 0x24, 0x44, 0x24,
    0x44, 0x24, 0x44, 0x24, 0xA6, 0x35, 0xA6, 0x35, 0xEB, 0x7E, 0xEB, 0x7E,
    0xA6, 0x35, 0xA6, 0x35, 0x22, 0x13, 0x22, 0x13, 0x00, 0x00, 0x00, 0x00,
    0x00, 0x00, 0x00, 0x00, 0x00, 0x00, 0x00, 0x00, 0x00, 0x00, 0x00, 0x00,
    0x00, 0x00, 0x00, 0x00, 0x00, 0x00, 0x00, 0x00, 0x22, 0x13, 0x22, 0x13,
    0xEB, 0x7E, 0xEB, 0x7E, 0xA6, 0x35, 0xA6, 0x35, 0xA6, 0x35, 0xA6, 0x35,
    0x44, 0x24, 0x44, 0x24, 0x44, 0x24, 0x44, 0x24, 0xA6, 0x35, 0xA6, 0x35,
    0xEB, 0x7E, 0xEB, 0x7E, 0xA6, 0x35, 0xA6, 0x35, 0x22, 0x13, 0x22, 0x13,
    0x00, 0x00, 0x00, 0x00, 0x00, 0x00, 0x00, 0x00, 0x00, 0x00, 0x00, 0x00,
    0x00, 0x00, 0x00, 0x00, 0x00, 0x00, 0x00, 0x00, 0x00, 0x00, 0x00, 0x00,
    0x22, 0x13, 0x22, 0x13, 0xEB, 0x7E, 0xEB, 0x7E, 0xA6, 0x35, 0xA6, 0x35,
    0xA6, 0x35, 0xA6, 0x35, 0x44, 0x24, 0x44, 0x24, 0x44, 0x24, 0x44, 0x24,
    0xA6, 0x35, 0xA6, 0x35, 0xEB, 0x7E, 0xEB, 0x7E, 0xA6, 0x35, 0xA6, 0x35,
    0x22, 0x13, 0x22, 0x13, 0x00, 0x00, 0x00, 0x00, 0x00, 0x00, 0x00, 0x00,
    0x00, 0x00, 0x00, 0x00, 0x00, 0x00, 0x00, 0x00, 0x00, 0x00, 0x00, 0x00,
    0x00, 0x00, 0x00, 0x00, 0x22, 0x13, 0x22, 0x13, 0xEB, 0x7E, 0xEB, 0x7E,
    0xA6, 0x35, 0xA6, 0x35, 0xA6, 0x35, 0xA6, 0x35, 0x44, 0x24, 0x44, 0x24,
    0x44, 0x24, 0x44, 0x24, 0xA6, 0x35, 0xA6, 0x35, 0xEB, 0x7E, 0xEB, 0x7E,
    0xA6, 0x35, 0xA6, 0x35, 0x22, 0x13, 0x22, 0x13, 0x00, 0x00, 0x00, 0x00,
    0x00, 0x00, 0x00, 0x00, 0x00, 0x00, 0x00, 0x00, 0x00, 0x00, 0x00, 0x00,
    0x00, 0x00, 0x00, 0x00, 0x00, 0x00, 0x00, 0x00, 0x22, 0x13, 0x22, 0x13,
    0xEB, 0x7E, 0xEB, 0x7E, 0xA6, 0x35, 0xA6, 0x35, 0xA6, 0x35, 0xA6, 0x35,
    0x44, 0x24, 0x44, 0x24, 0x44, 0x24, 0x44, 0x24, 0xA6, 0x35, 0xA6, 0x35,
    0xEB, 0x7E, 0xEB, 0x7E, 0xA6, 0x35, 0xA6, 0x35, 0x22, 0x13, 0x22, 0x13,
    0x00, 0x00, 0x00, 0x00, 0x00, 0x00, 0x00, 0x00, 0x00, 0x00, 0x00, 0x00,
    0x00, 0x00, 0x00, 0x00, 0x00, 0x00, 0x00, 0x00, 0x00, 0x00, 0x00, 0x00,
    0x22, 0x13, 0x22, 0x13, 0xEB, 0x7E, 0xEB, 0x7E, 0xA6, 0x35, 0xA6, 0x35,
    0xA6, 0x35, 0xA6, 0x35, 0x44, 0x24, 0x44, 0x24, 0x44, 0x24, 0x44, 0x24,
    0xA6, 0x35, 0xA6, 0x35, 0xEB, 0x7E, 0xEB, 0x7E, 0xA6, 0x35, 0xA6, 0x35,
    0x22, 0x13, 0x22, 0x13, 0x00, 0x00, 0x00, 0x00, 0x00, 0x00, 0x00, 0x00,
    0x00, 0x00, 0x00, 0x00, 0x00, 0x00, 0x00, 0x00, 0x00, 0x00, 0x00, 0x00,
    0x00, 0x00, 0x00, 0x00, 0x22, 0x13, 0x22, 0x13, 0xEB, 0x7E, 0xEB, 0x7E,
    0xA6, 0x35, 0xA6, 0x35, 0xA6, 0x35, 0xA6, 0x35, 0x44, 0x24, 0x44, 0x24,
    0x44, 0x24, 0x44, 0x24, 0xA6, 0x35, 0xA6, 0x35, 0xEB, 0x7E, 0xEB, 0x7E,
    0xA6, 0x35, 0xA6, 0x35, 0x22, 0x13, 0x22, 0x13, 0x00, 0x00, 0x00, 0x00,
    0x00, 0x00, 0x00, 0x00, 0x00, 0x00, 0x00, 0x00, 0x00, 0x00, 0x00, 0x00,
    0x00, 0x00, 0x00, 0x00, 0x00, 0x00, 0x00, 0x00, 0x22, 0x13, 0x22, 0x13,
    0xEB, 0x7E, 0xEB, 0x7E, 0xA6, 0x35, 0xA6, 0x35, 0xA6, 0x35, 0xA6, 0x35,
    0x44, 0x24, 0x44, 0x24, 0x44, 0x24, 0x44, 0x24, 0xA6, 0x35, 0xA6, 0x35,
    0xEB, 0x7E, 0xEB, 0x7E, 0xA6, 0x35, 0xA6, 0x35, 0x22, 0x13, 0x22, 0x13,
    0x00, 0x00, 0x00, 0x00, 0x00, 0x00, 0x00, 0x00, 0x00, 0x00, 0x00, 0x00,
    0x00, 0x00, 0x00, 0x00, 0x00, 0x00, 0x00, 0x00, 0x00, 0x00, 0x00, 0x00,
    0x22, 0x13, 0x22, 0x13, 0xEB, 0x7E, 0xEB, 0x7E, 0xA6, 0x35, 0xA6, 0x35,
    0xA6, 0x35, 0xA6, 0x35, 0x44, 0x24, 0x44, 0x24, 0x44, 0x24, 0x44, 0x24,
    0xA6, 0x35, 0xA6, 0x35, 0xEB, 0x7E, 0xEB, 0x7E, 0xA6, 0x35, 0xA6, 0x35,
    0x22, 0x13, 0x22, 0x13, 0x00, 0x00, 0x00, 0x00, 0x00, 0x00, 0x00, 0x00,
    0x00, 0x00, 0x00, 0x00, 0x00, 0x00, 0x00, 0x00, 0x00, 0x00, 0x00, 0x00,
    0x00, 0x00, 0x00, 0x00, 0x22, 0x13, 0x22, 0x13, 0xEB, 0x7E, 0xEB, 0x7E,
    0xA6, 0x35, 0xA6, 0x35, 0xA6, 0x35, 0xA6, 0x35, 0x44, 0x24, 0x44, 0x24,
    0x44, 0x24, 0x44, 0x24, 0xA6, 0x35, 0xA6, 0x35, 0xEB, 0x7E, 0xEB, 0x7E,
    0xA6, 0x35, 0xA6, 0x35, 0x22, 0x13, 0x22, 0x13, 0x00, 0x00, 0x00, 0x00,
    0x00, 0x00, 0x00, 0x00, 0x00, 0x00, 0x00, 0x00, 0x00, 0x00, 0x00, 0x00,
    0x00, 0x00, 0x00, 0x00, 0x00, 0x00, 0x00, 0x00, 0x22, 0x13, 0x22, 0x13,
    0xEB, 0x7E, 0xEB, 0x7E, 0xA6, 0x35, 0xA6, 0x35, 0xA6, 0x35, 0xA6, 0x35,
    0x44, 0x24, 0x44, 0x24, 0x44, 0x24, 0x44, 0x24, 0xA6, 0x35, 0xA6, 0x35,
    0xEB, 0x7E, 0xEB, 0x7E, 0xA6, 0x35, 0xA6, 0x35, 0x22, 0x13, 0x22, 0x13,
    0x00, 0x00, 0x00, 0x00, 0x00, 0x00, 0x00, 0x00, 0x00, 0x00, 0x00, 0x00,
    0x00, 0x00, 0x00, 0x00, 0x00, 0x00, 0x00, 0x00, 0x00, 0x00, 0x00, 0x00,
    0x22, 0x13, 0x22, 0x13, 0xEB, 0x7E, 0xEB, 0x7E, 0xA6, 0x35, 0xA6, 0x35,
    0xA6, 0x35, 0xA6, 0x35, 0x44, 0x24, 0x44, 0x24, 0x44, 0x24, 0x44, 0x24,
    0xA6, 0x35, 0xA6, 0x35, 0xEB, 0x7E, 0xEB, 0x7E, 0xA6, 0x35, 0xA6, 0x35,
    0x22, 0x13, 0x22, 0x13, 0x00, 0x00, 0x00, 0x00, 0x00, 0x00, 0x00, 0x00,
    0x00, 0x00, 0x00, 0x00, 0x00, 0x00, 0x00, 0x00, 0x00, 0x00, 0x00, 0x00,
    0x00, 0x00, 0x00, 0x00, 0x22, 0x13, 0x22, 0x13, 0xEB, 0x7E, 0xEB, 0x7E,
    0xA6, 0x35, 0xA6, 0x35, 0xA6, 0x35, 0xA6, 0x35, 0x44, 0x24, 0x44, 0x24,
    0x44, 0x24, 0x44, 0x24, 0xA6, 0x35, 0xA6, 0x35, 0xEB, 0x7E, 0xEB, 0x7E,
    0xA6, 0x35, 0xA6, 0x35, 0x22, 0x13, 0x22, 0x13, 0x00, 0x00, 0x00, 0x00,
    0x00, 0x00, 0x00, 0x00, 0x00, 0x00, 0x00, 0x00, 0x00, 0x00, 0x00, 0x00,
    0x00, 0x00, 0x00, 0x00, 0x00, 0x00, 0x00, 0x00, 0x22, 0x13, 0x22, 0x13,
    0xEB, 0x7E, 0xEB, 0x7E, 0xA6, 0x35, 0xA6, 0x35, 0xA6, 0x35, 0xA6, 0x35,
    0x44, 0x24, 0x44, 0x24, 0x44, 0x24, 0x44, 0x24, 0xA6, 0x35, 0xA6, 0x35,
    0xEB, 0x7E, 0xEB, 0x7E, 0xA6, 0x35, 0xA6, 0x35, 0x22, 0x13, 0x22, 0x13,
    0x00, 0x00, 0x00, 0x00, 0x00, 0x00, 0x00, 0x00, 0x00, 0x00, 0x00, 0x00,
    0x00, 0x00, 0x00, 0x00, 0x00, 0x00, 0x00, 0x00, 0x00, 0x00, 0x00, 0x00,
    0x22, 0x13, 0x22, 0x13, 0xEB, 0x7E, 0xEB, 0x7E, 0xA6, 0x35, 0xA6, 0x35,
    0xA6, 0x35, 0xA6, 0x35, 0x44, 0x24, 0x44, 0x24, 0x44, 0x24, 0x44, 0x24,
    0xA6, 0x35, 0xA6, 0x35, 0xEB, 0x7E, 0xEB, 0x7E, 0xA6, 0x35, 0xA6, 0x35,
    0x22, 0x13, 0x22, 0x13, 0x00, 0x00, 0x00, 0x00, 0x00, 0x00, 0x00, 0x00,
    0x00, 0x00, 0x00, 0x00, 0x00, 0x00, 0x00, 0x00, 0x00, 0x00, 0x00, 0x00,
    0x00, 0x00, 0x00, 0x00, 0x22, 0x13, 0x22, 0x13, 0xEB, 0x7E, 0xEB, 0x7E,
    0xA6, 0x35, 0xA6, 0x35, 0xA6, 0x35, 0xA6, 0x35, 0x44, 0x24, 0x44, 0x24,
    0x44, 0x24, 0x44, 0x24, 0xA6, 0x35, 0xA6, 0x35, 0xEB, 0x7E, 0xEB, 0x7E,
    0xA6, 0x35, 0xA6, 0x35, 0x22, 0x13, 0x22, 0x13, 0x00, 0x00, 0x00, 0x00,
    0x00, 0x00, 0x00, 0x00, 0x00, 0x00, 0x00, 0x00, 0x00, 0x00, 0x00, 0x00,
    0x00, 0x00, 0x00, 0x00, 0x00, 0x00, 0x00, 0x00, 0x22, 0x13, 0x22, 0x13,
    0xEB, 0x7E, 0xEB, 0x7E, 0xA6, 0x35, 0xA6, 0x35, 0xA6, 0x35, 0xA6, 0x35,
    0x44, 0x24, 0x44, 0x24, 0x44, 0x24, 0x44, 0x24, 0xA6, 0x35, 0xA6, 0x35,
    0xEB, 0x7E, 0xEB, 0x7E, 0xA6, 0x35, 0xA6, 0x35, 0x22, 0x13, 0x22, 0x13,
    0x00, 0x00, 0x00, 0x00, 0x00, 0x00, 0x00, 0x00, 0x00, 0x00, 0x00, 0x00,
    0x00, 0x00, 0x00, 0x00, 0x00, 0x00, 0x00, 0x00, 0x00, 0x00, 0x00, 0x00,
    0x22, 0x13, 0x22, 0x13, 0xEB, 0x7E, 0xEB, 0x7E, 0xA6, 0x35, 0xA6, 0x35,
    0xA6, 0x35, 0xA6, 0x35, 0x44, 0x24, 0x44, 0x24, 0x44, 0x24, 0x44, 0x24,
    0xA6, 0x35, 0xA6, 0x35, 0xEB, 0x7E, 0xEB, 0x7E, 0xA6, 0x35, 0xA6, 0x35,
    0x22, 0x13, 0x22, 0x13, 0x00, 0x00, 0x00, 0x00, 0x00, 0x00, 0x00, 0x00,
    0x00, 0x00, 0x00, 0x00, 0x00, 0x00, 0x00, 0x00, 0x00, 0x00, 0x00, 0x00,
    0x00, 0x00, 0x00, 0x00, 0x22, 0x13, 0x22, 0x13, 0xEB, 0x7E, 0xEB, 0x7E,
    0xA6, 0x35, 0xA6, 0x35, 0xA6, 0x35, 0xA6, 0x35, 0x44, 0x24, 0x44, 0x24,
    0x44, 0x24, 0x44, 0x24, 0xA6, 0x35, 0xA6, 0x35, 0xEB, 0x7E, 0xEB, 0x7E,
    0xA6, 0x35, 0xA6, 0x35, 0x22, 0x13, 0x22, 0x13, 0x00, 0x00, 0x00, 0x00,
    0x00, 0x00, 0x00, 0x00, 0x00, 0x00, 0x00, 0x00, 0x00, 0x00, 0x00, 0x00,
    0x00, 0x00, 0x00, 0x00, 0x00, 0x00, 0x00, 0x00, 0x22, 0x13, 0x22, 0x13,
    0xEB, 0x7E, 0xEB, 0x7E, 0xA6, 0x35, 0xA6, 0x35, 0xA6, 0x35, 0xA6, 0x35,
    0x44, 0x24, 0x44, 0x24, 0x44, 0x24, 0x44, 0x24, 0xA6, 0x35, 0xA6, 0x35,
    0xEB, 0x7E, 0xEB, 0x7E, 0xA6, 0x35, 0xA6, 0x35, 0x22, 0x13, 0x22, 0x13,
    0x00, 0x00, 0x00, 0x00, 0x00, 0x00, 0x00, 0x00, 0x00, 0x00, 0x00, 0x00,
    0x00, 0x00, 0x00, 0x00, 0x00, 0x00, 0x00, 0x00, 0x00, 0x00, 0x00, 0x00,
    0x22, 0x13, 0x22, 0x13, 0xEB, 0x7E, 0xEB, 0x7E, 0xA6, 0x35, 0xA6, 0x35,
    0xA6, 0x35, 0xA6, 0x35, 0x44, 0x24, 0x44, 0x24, 0x44, 0x24, 0x44, 0x24,
    0xA6, 0x35, 0xA6, 0x35, 0xEB, 0x7E, 0xEB, 0x7E, 0xA6, 0x35, 0xA6, 0x35,
    0x22, 0x13, 0x22, 0x13, 0x00, 0x00, 0x00, 0x00, 0x00, 0x00, 0x00, 0x00,
    0x00, 0x00, 0x00, 0x00, 0x00, 0x00, 0x00, 0x00, 0x00, 0x00, 0x00, 0x00,
    0x00, 0x00, 0x00, 0x00, 0x22, 0x13, 0x22, 0x13, 0xEB, 0x7E, 0xEB, 0x7E,
    0xA6, 0x35, 0xA6, 0x35, 0xA6, 0x35, 0xA6, 0x35, 0x44, 0x24, 0x44, 0x24,
    0x44, 0x24, 0x44, 0x24, 0xA6, 0x35, 0xA6, 0x35, 0xEB, 0x7E, 0xEB, 0x7E,
    0xA6, 0x35, 0xA6, 0x35, 0x22, 0x13, 0x22, 0x13, 0x00, 0x00, 0x00, 0x00,
    0x00, 0x00, 0x00, 0x00, 0x00, 0x00, 0x00, 0x00, 0x00, 0x00, 0x00, 0x00,
    0x00, 0x00, 0x00, 0x00, 0x00, 0x00, 0x00, 0x00, 0x22, 0x13, 0x22, 0x13,
    0xEB, 0x7E, 0xEB, 0x7E, 0xA6, 0x35, 0xA6, 0x35, 0xA6, 0x35, 0xA6, 0x35,
    0x44, 0x24, 0x44, 0x24, 0x44, 0x24, 0x44, 0x24, 0xA6, 0x35, 0xA6, 0x35,
    0xEB, 0x7E, 0xEB, 0x7E, 0xA6, 0x35, 0xA6, 0x35, 0x22, 0x13, 0x22, 0x13,
    0x00, 0x00, 0x00, 0x00, 0x00, 0x00, 0x00, 0x00, 0x00, 0x00, 0x00, 0x00,
    0x00, 0x00, 0x00, 0x00, 0x00, 0x00, 0x00, 0x00, 0x00, 0x00, 0x00, 0x00,
    0x22, 0x13, 0x22, 0x13, 0xEB, 0x7E, 0xEB, 0x7E, 0xA6, 0x35, 0xA6, 0x35,
    0xA6, 0x35, 0xA6, 0x35, 0x44, 0x24, 0x44, 0x24, 0x44, 0x24, 0x44, 0x24,
    0xA6, 0x35, 0xA6, 0x35, 0xEB, 0x7E, 0xEB, 0x7E, 0xA6, 0x35, 0xA6, 0x35,
    0x22, 0x13, 0x22, 0x13, 0x00, 0x00, 0x00, 0x00, 0x00, 0x00, 0x00, 0x00,
    0x00, 0x00, 0x00, 0x00, 0x00, 0x00, 0x00, 0x00, 0x00, 0x00, 0x00, 0x00,
    0x00, 0x00, 0x00, 0x00, 0x22, 0x13, 0x22, 0x13, 0xEB, 0x7E, 0xEB, 0x7E,
    0xA6, 0x35, 0xA6, 0x35, 0xA6, 0x35, 0xA6, 0x35, 0x44, 0x24, 0x44, 0x24,
    0x44, 0x24, 0x44, 0x24, 0xA6, 0x35, 0xA6, 0x35, 0xEB, 0x7E, 0xEB, 0x7E,
    0xA6, 0x35, 0xA6, 0x35, 0x22, 0x13, 0x22, 0x13, 0x00, 0x00, 0x00, 0x00,
    0x00, 0x00, 0x00, 0x00, 0x00, 0x00, 0x00, 0x00, 0x00, 0x00, 0x00, 0x00,
    0x00, 0x00, 0x00, 0x00, 0x00, 0x00, 0x00, 0x00, 0x22, 0x13, 0x22, 0x13,
    0xEB, 0x7E, 0xEB, 0x7E, 0xA6, 0x35, 0xA6, 0x35, 0xA6, 0x35, 0xA6, 0x35,
    0x44, 0x24, 0x44, 0x24, 0x44, 0x24, 0x44, 0x24, 0xA6, 0x35, 0xA6, 0x35,
    0xEB, 0x7E, 0xEB, 0x7E, 0xA6, 0x35, 0xA6, 0x35, 0x22, 0x13, 0x22, 0x13,
    0x00, 0x00, 0x00, 0x00, 0x00, 0x00, 0x00, 0x00, 0x00, 0x00, 0x00, 0x00,
    0x00, 0x00, 0x00, 0x00, 0x00, 0x00, 0x00, 0x00, 0x00, 0x00, 0x00, 0x00,
    0x22, 0x13, 0x22, 0x13, 0xEB, 0x7E, 0xEB, 0x7E, 0xA6, 0x35, 0xA6, 0x35,
    0xA6, 0x35, 0xA6, 0x35, 0x44, 0x24, 0x44, 0x24, 0x44, 0x24, 0x44, 0x24,
    0xA6, 0x35, 0xA6, 0x35, 0xEB, 0x7E, 0xEB, 0x7E, 0xA6, 0x35, 0xA6, 0x35,
    0x22, 0x13, 0x22, 0x13, 0x00, 0x00, 0x00, 0x00, 0x00, 0x00, 0x00, 0x00,
    0x00, 0x00, 0x00, 0x00, 0x00, 0x00, 0x00, 0x00, 0x00, 0x00, 0x00, 0x00,
    0x00, 0x00, 0x00, 0x00, 0x22, 0x13, 0x22, 0x13, 0xEB, 0x7E, 0xEB, 0x7E,
    0xA6, 0x35, 0xA6, 0x35, 0xA6, 0x35, 0xA6, 0x35, 0x44, 0x24, 0x44, 0x24,
    0x44, 0x24, 0x44, 0x24, 0xA6, 0x35, 0xA6, 0x35, 0xEB, 0x7E, 0xEB, 0x7E,
    0xA6, 0x35, 0xA6, 0x35, 0x22, 0x13, 0x22, 0x13, 0x00, 0x00, 0x00, 0x00,
    0x00, 0x00, 0x00, 0x00, 0x00, 0x00, 0x00, 0x00, 0x00, 0x00, 0x00, 0x00,
    0x00, 0x00, 0x00, 0x00, 0x00, 0x00, 0x00, 0x00, 0x22, 0x13, 0x22, 0x13,
    0xEB, 0x7E, 0xEB, 0x7E, 0xA6, 0x35, 0xA6, 0x35, 0xA6, 0x35, 0xA6, 0x35,
    0x44, 0x24, 0x44, 0x24, 0x44, 0x24, 0x44, 0x24, 0xA6, 0x35, 0xA6, 0x35,
    0xEB, 0x7E, 0xEB, 0x7E, 0xA6, 0x35, 0xA6, 0x35, 0x22, 0x13, 0x22, 0x13,
    0x00, 0x00, 0x00, 0x00, 0x00, 0x00, 0x00, 0x00, 0x00, 0x00, 0x00, 0x00,
    0x00, 0x00, 0x00, 0x00, 0x00, 0x00, 0x00, 0x00, 0x00, 0x00, 0x00, 0x00,
    0x22, 0x13, 0x22, 0x13, 0xEB, 0x7E, 0xEB, 0x7E, 0xA6, 0x35, 0xA6, 0x35,
    0xA6, 0x35, 0xA6, 0x35, 0x44, 0x24, 0x44, 0x24, 0x44, 0x24, 0x44, 0x24,
    0xA6, 0x35, 0xA6, 0x35, 0xEB, 0x7E, 0xEB, 0x7E, 0xA6, 0x35, 0xA6, 0x35,
    0x22, 0x13, 0x22, 0x13, 0x00, 0x00, 0x00, 0x00, 0x00, 0x00, 0x00, 0x00,
    0x00, 0x00, 0x00, 0x00, 0x00, 0x00, 0x00, 0x00, 0x00, 0x00, 0x00, 0x00,
    0x00, 0x00, 0x00, 0x00, 0x22, 0x13, 0x22, 0x13, 0xEB, 0x7E, 0xEB, 0x7E,
    0xA6, 0x35, 0xA6, 0x35, 0xA6, 0x35, 0xA6, 0x35, 0x44, 0x24, 0x44, 0x24,
    0x44, 0x24, 0x44, 0x24, 0xA6, 0x35, 0xA6, 0x35, 0xEB, 0x7E, 0xEB, 0x7E,
    0xA6, 0x35, 0xA6, 0x35, 0x22, 0x13, 0x22, 0x13, 0x00, 0x00, 0x00, 0x00,
    0x00, 0x00, 0x00, 0x00, 0x00, 0x00, 0x00, 0x00, 0x00, 0x00, 0x00, 0x00,
    0x00, 0x00, 0x00, 0x00, 0x00, 0x00, 0x00, 0x00, 0x22, 0x13, 0x22, 0x13,
    0xEB, 0x7E, 0xEB, 0x7E, 0xA6, 0x35, 0xA6, 0x35, 0xA6, 0x35, 0xA6, 0x35,
    0x44, 0x24, 0x44, 0x24, 0x44, 0x24, 0x44, 0x24, 0xA6, 0x35, 0xA6, 0x35,
    0xEB, 0x7E, 0xEB, 0x7E, 0xA6, 0x35, 0xA6, 0x35, 0x22, 0x13, 0x22, 0x13,
    0x00, 0x00, 0x00, 0x00, 0x00, 0x00, 0x00, 0x00, 0x00, 0x00, 0x00, 0x00,
    0x00, 0x00, 0x00, 0x00, 0x00, 0x00, 0x00, 0x00, 0x00, 0x00, 0x00, 0x00,
    0x22, 0x13, 0x22, 0x13, 0xEB, 0x7E, 0xEB, 0x7E, 0xA6, 0x35, 0xA6, 0x35,
    0xA6, 0x35, 0xA6, 0x35, 0x44, 0x24, 0x44, 0x24, 0x44, 0x24, 0x44, 0x24,
    0xA6, 0x35, 0xA6, 0x35, 0xEB, 0x7E, 0xEB, 0x7E, 0xA6, 0x35, 0xA6, 0x35,
    0x22, 0x13, 0x22, 0x13, 0x00, 0x00, 0x00, 0x00, 0x00, 0x00, 0x00, 0x00,
    0x00, 0x00, 0x00, 0x00, 0x00, 0x00, 0x00, 0x00, 0x00, 0x00, 0x00, 0x00,
    0x00, 0x00, 0x00, 0x00, 0x22, 0x13, 0x22, 0x13, 0xEB, 0x7E, 0xEB, 0x7E,
    0xA6, 0x35, 0xA6, 0x35, 0xA6, 0x35, 0xA6, 0x35, 0x44, 0x24, 0x44, 0x24,
    0x44, 0x24, 0x44, 0x24, 0xA6, 0x35, 0xA6, 0x35, 0xEB, 0x7E, 0xEB, 0x7E,
    0xA6, 0x35, 0xA6, 0x35, 0x22, 0x13, 0x22, 0x13, 0x00, 0x00, 0x00, 0x00,
    0x00, 0x00, 0x00, 0x00, 0x00, 0x00, 0x00, 0x00, 0x00, 0x00, 0x00, 0x00,
    0x00, 0x00, 0x00, 0x00, 0x00, 0x00, 0x00, 0x00, 0x22, 0x13, 0x22, 0x13,
    0xEB, 0x7E, 0xEB, 0x7E, 0xA6, 0x35, 0xA6, 0x35, 0xA6, 0x35, 0xA6, 0x35,
    0x44, 0x24, 0x44, 0x24, 0x44, 0x24, 0x44, 0x24, 0xA6, 0x35, 0xA6, 0x35,
    0xEB, 0x7E, 0xEB, 0x7E, 0xA6, 0x35, 0xA6, 0x35, 0x22, 0x13, 0x22, 0x13,
    0x00, 0x00, 0x00, 0x00, 0x00, 0x00, 0x00, 0x00, 0x00, 0x00, 0x00, 0x00,
    0x00, 0x00, 0x00, 0x00, 0x00, 0x00, 0x00, 0x00, 0x00, 0x00, 0x00, 0x00,
    0x22, 0x13, 0x22, 0x13, 0xEB, 0x7E, 0xEB, 0x7E, 0xA6, 0x35, 0xA6, 0x35,
    0xA6, 0x35, 0xA6, 0x35, 0x44, 0x24, 0x44, 0x24, 0x44, 0x24, 0x44, 0x24,
    0xA6, 0x35, 0xA6, 0x35, 0xEB, 0x7E, 0xEB, 0x7E, 0xA6, 0x35, 0xA6, 0x35,
    0x22, 0x13, 0x22, 0x13, 0x00, 0x00, 0x00, 0x00, 0x00, 0x00, 0x00, 0x00,
    0x00, 0x00, 0x00, 0x00, 0x00, 0x00, 0x00, 0x00, 0x00, 0x00, 0x00, 0x00,
    0x00, 0x00, 0x00, 0x00, 0x22, 0x13, 0x22, 0x13, 0xEB, 0x7E, 0xEB, 0x7E,
    0xA6, 0x35, 0xA6, 0x35, 0xA6, 0x35, 0xA6, 0x35, 0x44, 0x24, 0x44, 0x24,
    0x44, 0x24, 0x44, 0x24, 0xA6, 0x35, 0xA6, 0x35, 0xEB, 0x7E, 0xEB, 0x7E,
    0xA6, 0x35, 0xA6, 0x35, 0x22, 0x13, 0x22, 0x13, 0x00, 0x00, 0x00, 0x00,
    0x00, 0x00, 0x00, 0x00, 0x00, 0x00, 0x00, 0x00, 0x00, 0x00, 0x00, 0x00,
    0x00, 0x00, 0x00, 0x00, 0x00, 0x00, 0x00, 0x00, 0x22, 0x13, 0x22, 0x13,
    0xEB, 0x7E, 0xEB, 0x7E, 0xA6, 0x35, 0xA6, 0x35, 0xA6, 0x35, 0xA6, 0x35,
    0x44, 0x24, 0x44, 0x24, 0x44, 0x24, 0x44, 0x24, 0xA6, 0x35, 0xA6, 0x35,
    0xEB, 0x7E, 0xEB, 0x7E, 0xA6, 0x35, 0xA6, 0x35, 0x22, 0x13, 0x22, 0x13,
    0x00, 0x00, 0x00, 0x00, 0x00, 0x00, 0x00, 0x00, 0x00, 0x00, 0x00, 0x00,
    0x00, 0x00, 0x00, 0x00, 0x00, 0x00, 0x00, 0x00, 0x00, 0x00, 0x00, 0x00,
    0x22, 0x13, 0x22, 0x13, 0xEB, 0x7E, 0xEB, 0x7E, 0xA6, 0x35, 0xA6, 0x35,
    0xA6, 0x35, 0xA6, 0x35, 0x44, 0x24, 0x44, 0x24, 0x44, 0x24, 0x44, 0x24,
    0xA6, 0x35, 0xA6, 0x35, 0xEB, 0x7E, 0xEB, 0x7E, 0xA6, 0x35, 0xA6, 0x35,
    0x22, 0x13, 0x22, 0x13, 0x00, 0x00, 0x00, 0x00, 0x00, 0x00, 0x00, 0x00,
    0x00, 0x00, 0x00, 0x00, 0x00, 0x00, 0x00, 0x00, 0x00, 0x00, 0x00, 0x00,
    0x00, 0x00, 0x00, 0x00, 0x22, 0x13, 0x22, 0x13, 0xEB, 0x7E, 0xEB, 0x7E,
    0xA6, 0x35, 0xA6, 0x35, 0xA6, 0x35, 0xA6, 0x35, 0x44, 0x24, 0x44, 0x24,
    0x44, 0x24, 0x44, 0x24, 0xA6, 0x35, 0xA6, 0x35, 0xEB, 0x7E, 0xEB, 0x7E,
    0xA6, 0x35, 0xA6, 0x35, 0x22, 0x13, 0x22, 0x13, 0x00, 0x00, 0x00, 0x00,
    0x00, 0x00, 0x00, 0x00, 0x00, 0x00, 0x00, 0x00, 0x00, 0x00, 0x00, 0x00,
    0x00, 0x00, 0x00, 0x00, 0x00, 0x00, 0x00, 0x00, 0x22, 0x13, 0x22, 0x13,
    0xEB, 0x7E, 0xEB, 0x7E, 0xA6, 0x35, 0xA6, 0x35, 0xA6, 0x35, 0xA6, 0x35,
    0x44, 0x24, 0x44, 0x24, 0x44, 0x24, 0x44, 0x24, 0xA6, 0x35, 0xA6, 0x35,
    0xEB, 0x7E, 0xEB, 0x7E, 0xA6, 0x35, 0xA6, 0x35, 0x22, 0x13, 0x22, 0x13,
    0x00, 0x00, 0x00, 0x00, 0x00, 0x00, 0x00, 0x00, 0x00, 0x00, 0x00, 0x00,
    0x00, 0x00, 0x00, 0x00, 0x00, 0x00, 0x00, 0x00, 0x00, 0x00, 0x00, 0x00,
    0x22, 0x13, 0x22, 0x13, 0xEB, 0x7E, 0xEB, 0x7E, 0xA6, 0x35, 0xA6, 0x35,
    0xA6, 0x35, 0xA6, 0x35, 0x44, 0x24, 0x44, 0x24, 0x44, 0x24, 0x44, 0x24,
    0xA6, 0x35, 0xA6, 0x35, 0xEB, 0x7E, 0xEB, 0x7E, 0xA6, 0x35, 0xA6, 0x35,
    0x22, 0x13, 0x22, 0x13, 0x00, 0x00, 0x00, 0x00, 0x00, 0x00, 0x00, 0x00,
    0x00, 0x00, 0x00, 0x00, 0x00, 0x00, 0x00, 0x00, 0x00, 0x00, 0x00, 0x00,
    0x00, 0x00, 0x00, 0x00, 0x22, 0x13, 0x22, 0x13, 0xEB, 0x7E, 0xEB, 0x7E,
    0xA6, 0x35, 0xA6, 0x35, 0xA6, 0x35, 0xA6, 0x35, 0x44, 0x24, 0x44, 0x24,
    0x44, 0x24, 0x44, 0x24, 0xA6, 0x35, 0xA6, 0x35, 0xEB, 0x7E, 0xEB, 0x7E,
    0xA6, 0x35, 0xA6, 0x35, 0x22, 0x13, 0x22, 0x13, 0x00, 0x00, 0x00, 0x00,
    0x00, 0x00, 0x00, 0x00, 0x00, 0x00, 0x00, 0x00, 0x00, 0x00, 0x00, 0x00,
    0x00, 0x00, 0x00, 0x00, 0x00, 0x00, 0x00, 0x00, 0x00, 0x00, 0x00, 0x00,
    0x00, 0x00, 0x00, 0x00, 0x00, 0x00, 0x00, 0x00, 0x00, 0x00, 0x00, 0x00,
    0x00, 0x00, 0x00, 0x00, 0x00, 0x00, 0x00, 0x00, 0x00, 0x00, 0x00, 0x00,
    0x00, 0x00, 0x00, 0x00, 0x00, 0x00, 0x00, 0x00, 0x00, 0x00, 0x00, 0x00,
    0x00, 0x00, 0x00, 0x00, 0x00, 0x00, 0x00, 0x00, 0x00, 0x00, 0x00, 0x00,
    0x00, 0x00, 0x00, 0x00, 0x00, 0x00, 0x00, 0x00, 0x00, 0x00, 0x00, 0x00,
    0x00, 0x00, 0x00, 0x00, 0x00, 0x00, 0x00, 0x00, 0x00, 0x00, 0x00, 0x00,
    0x00, 0x00, 0x00, 0x00, 0x00, 0x00, 0x00, 0x00, 0x00, 0x00, 0x00, 0x00,
    0x00, 0x00, 0x00, 0x00, 0x00, 0x00, 0x00, 0x00, 0x00, 0x00, 0x00, 0x00,
    0x00, 0x00, 0x00, 0x00, 0x00, 0x00, 0x00, 0x00, 0x00, 0x00, 0x00, 0x00,
    0x00, 0x00, 0x00, 0x00, 0x00, 0x00, 0x00, 0x00, 0x22, 0x13, 0x22, 0x13,
    0x22, 0x13, 0x22, 0x13, 0x22, 0x13, 0x22, 0x13, 0x22, 0x13, 0x22, 0x13,
    0x22, 0x13, 0x22, 0x13, 0x22, 0x13, 0x22, 0x13, 0x22, 0x13, 0x22, 0x13,
    0x22, 0x13, 0x22, 0x13, 0x22, 0x13, 0x22, 0x13, 0x22, 0x13, 0x22, 0x13,
    0x22, 0x13, 0x22, 0x13, 0x22, 0x13, 0x22, 0x13, 0x22, 0x13, 0x22, 0x13,
    0x22, 0x13, 0x22, 0x13, 0x00, 0x00, 0x00, 0x00, 0x00, 0x00, 0x00, 0x00,
    0x22, 0x13, 0x22, 0x13, 0x22, 0x13, 0x22, 0x13, 0x22, 0x13, 0x22, 0x13,
    0x22, 0x13, 0x22, 0x13, 0x22, 0x13, 0x22, 0x13, 0x22, 0x13, 0x22, 0x13,
    0x22, 0x13, 0x22, 0x13, 0x22, 0x13, 0x22, 0x13, 0x22, 0x13, 0x22, 0x13,
    0x22, 0x13, 0x22, 0x13, 0x22, 0x13, 0x22, 0x13, 0x22, 0x13, 0x22, 0x13,
    0x22, 0x13, 0x22, 0x13, 0x22, 0x13, 0x22, 0x13, 0x00, 0x00, 0x00, 0x00,
    0x00, 0x00, 0x00, 0x00, 0x22, 0x13, 0x22, 0x13, 0xEB, 0x7E, 0xEB, 0x7E,
    0x44, 0x24, 0x44, 0x24, 0x44, 0x24, 0x44, 0x24, 0x44, 0x24, 0x44, 0x24,
    0x44, 0x24, 0x44, 0x24, 0x44, 0x24, 0x44, 0x24, 0x44, 0x24, 0x44, 0x24,
    0x44, 0x24, 0x44, 0x24, 0x44, 0x24, 0x44, 0x24, 0x44, 0x24, 0x44, 0x24,
    0x44, 0x24, 0x44, 0x24, 0xA6, 0x35, 0xA6, 0x35, 0x22, 0x13, 0x22, 0x13,
    0x00, 0x00, 0x00, 0x00, 0x00, 0x00, 0x00, 0x00, 0x22, 0x13, 0x22, 0x13,
    0xEB, 0x7E, 0xEB, 0x7E, 0x44, 0x24, 0x44, 0x24, 0x44, 0x24, 0x44, 0x24,
    0x44, 0x24, 0x44, 0x24, 0x44, 0x24, 0x44, 0x24, 0x44, 0x24, 0x44, 0x24,
    0x44, 0x24, 0x44, 0x24, 0x44, 0x24, 0x44, 0x24, 0x44, 0x24, 0x44, 0x24,
    0x44, 0x24, 0x44, 0x24, 0x44, 0x24, 0x44, 0x24, 0xA6, 0x35, 0xA6, 0x35,
    0x22, 0x13, 0x22, 0x13, 0x00, 0x00, 0x00, 0x00, 0x00, 0x00, 0x00, 0x00,
    0x22, 0x13, 0x22, 0x13, 0xEB, 0x7E, 0xEB, 0x7E, 0x44, 0x24, 0x44, 0x24,
    0x44, 0x24, 0x44, 0x24, 0x44, 0x24, 0x44, 0x24, 0x44, 0x24, 0x44, 0x24,
    0x44, 0x24, 0x44, 0x24, 0x44, 0x24, 0x44, 0x24, 0x44, 0x24, 0x44, 0x24,
    0x44, 0x24, 0x44, 0x24, 0x44, 0x24, 0x44, 0x24, 0x44, 0x24, 0x44, 0x24,
    0xA6, 0x35, 0xA6, 0x35, 0x22, 0x13, 0x22, 0x13, 0x00, 0x00, 0x00, 0x00,
    0x00, 0x00, 0x00, 0x00, 0x22, 0x13, 0x22, 0x13, 0xEB, 0x7E, 0xEB, 0x7E,
    0x44, 0x24, 0x44, 0x24, 0x44, 0x24, 0x44, 0x24, 0x44, 0x24, 0x44, 0x24,
    0x44, 0x24, 0x44, 0x24, 0x44, 0x24, 0x44, 0x24, 0x44, 0x24, 0x44, 0x24,
    0x44, 0x24, 0x44, 0x24, 0x44, 0x24, 0x44, 0x24, 0x44, 0x24, 0x44, 0x24,
    0x44, 0x24, 0x44, 0x24, 0xA6, 0x35, 0xA6, 0x35, 0x22, 0x13, 0x22, 0x13,
    0x00, 0x00, 0x00, 0x00, 0x00, 0x00, 0x00, 0x00, 0x22, 0x13, 0x22, 0x13,
    0xEB, 0x7E, 0xEB, 0x7E, 0x44, 0x24, 0x44, 0x24, 0x44, 0x24, 0x44, 0x24,
    0x44, 0x24, 0x44, 0x24, 0x44, 0x24, 0x44, 0x24, 0x44, 0x24, 0x44, 0x24,
    0x44, 0x24, 0x44, 0x24, 0x44, 0x24, 0x44, 0x24, 0x44, 0x24, 0x44, 0x24,
    0x44, 0x24, 0x44, 0x24, 0x44, 0x24, 0x44, 0x24, 0xA6, 0x35, 0xA6, 0x35,
    0x22, 0x13, 0x22, 0x13, 0x00, 0x00, 0x00, 0x00, 0x00, 0x00, 0x00, 0x00,
    0x22, 0x13, 0x22, 0x13, 0xEB, 0x7E, 0xEB, 0x7E, 0x44, 0x24, 0x44, 0x24,
    0x44, 0x24, 0x44, 0x24, 0x44, 0x24, 0x44, 0x24, 0x44, 0x24, 0x44, 0x24,
    0x44, 0x24, 0x44, 0x24, 0x44, 0x24, 0x44, 0x24, 0x44, 0x24, 0x44, 0x24,
    0x44, 0x24, 0x44, 0x24, 0x44, 0x24, 0x44, 0x24, 0x44, 0x24, 0x44, 0x24,
    0xA6, 0x35, 0xA6, 0x35, 0x22, 0x13, 0x22, 0x13, 0x00, 0x00, 0x00, 0x00,
    0x00, 0x00, 0x00, 0x00, 0x22, 0x13, 0x22, 0x13, 0xEB, 0x7E, 0xEB, 0x7E,
    0x44, 0x24, 0x44, 0x24, 0x44, 0x24, 0x44, 0x24, 0x44, 0x24, 0x44, 0x24,
    0x44, 0x24, 0x44, 0x24, 0x44, 0x24, 0x44, 0x24, 0x44, 0x24, 0x44, 0x24,
    0x44, 0x24, 0x44, 0x24, 0x44, 0x24, 0x44, 0x24, 0x44, 0x24, 0x44, 0x24,
    0x44, 0x24, 0x44, 0x24, 0xA6, 0x35, 0xA6, 0x35, 0x22, 0x13, 0x22, 0x13,
    0x00, 0x00, 0x00, 0x00, 0x00, 0x00, 0x00, 0x00, 0x22, 0x13, 0x22, 0x13,
    0xEB, 0x7E, 0xEB, 0x7E, 0x44, 0x24, 0x44, 0x24, 0x44, 0x24, 0x44, 0x24,
    0x44, 0x24, 0x44, 0x24, 0x44, 0x24, 0x44, 0x24, 0x44, 0x24, 0x44, 0x24,
    0x44, 0x24, 0x44, 0x24, 0x44, 0x24, 0x44, 0x24, 0x44, 0x24, 0x44, 0x24,
    0x44, 0x24, 0x44, 0x24, 0x44, 0x24, 0x44, 0x24, 0xA6, 0x35, 0xA6, 0x35,
    0x22, 0x13, 0x22, 0x13, 0x00, 0x00, 0x00, 0x00, 0x00, 0x00, 0x00, 0x00,
    0x00, 0x00, 0x00, 0x00, 0x00, 0x00, 0x00, 0x00, 0x00, 0x00, 0x00, 0x00,
    0x00, 0x00, 0x00, 0x00, 0x00, 0x00, 0x00, 0x00, 0x00, 0x00, 0x00, 0x00,
    0x00, 0x00, 0x00, 0x00, 0x00, 0x00, 0x00, 0x00, 0x00, 0x00, 0x00, 0x00,
    0x00, 0x00, 0x00, 0x00, 0x00, 0x00, 0x00, 0x00, 0x00, 0x00, 0x00, 0x00,
    0x00, 0x00, 0x00, 0x00, 0x00, 0x00, 0x00, 0x00, 0x00, 0x00, 0x00, 0x00,
    0x00, 0x00, 0x00, 0x00, 0x00, 0x00, 0x00, 0x00, 0x00, 0x00, 0x00, 0x00,
    0x00, 0x00, 0x00, 0x00, 0x00, 0x00, 0x00, 0x00, 0x00, 0x00, 0x00, 0x00,
    0x00, 0x00, 0x00, 0x00, 0x00, 0x00, 0x00, 0x00, 0x00, 0x00, 0x00, 0x00,
    0x00, 0x00, 0x00, 0x00, 0x00, 0x00, 0x00, 0x00, 0x00, 0x00, 0x00, 0x00,
    0x00, 0x00, 0x00, 0x00, 0x00, 0x00, 0x00, 0x00, 0x00, 0x00, 0x00, 0x00,
    0x00, 0x00, 0x00, 0x00, 0x00, 0x00, 0x00, 0x00, 0x00, 0x00, 0x00, 0x00,
    0x00, 0x00, 0x00, 0x00, 0x22, 0x13, 0x22, 0x13, 0xEB, 0x7E, 0xEB, 0x7E,
    0xA6, 0x35, 0xA6, 0x35, 0xA6, 0x35, 0xA6, 0x35, 0x44, 0x24, 0x44, 0x24,
    0x44, 0x24, 0x44, 0x24, 0xA6, 0x35, 0xA6, 0x35, 0xEB, 0x7E, 0xEB, 0x7E,
    0xA6, 0x35, 0xA6, 0x35, 0x22, 0x13, 0x22, 0x13, 0x00, 0x00, 0x00, 0x00,
    0x00, 0x00, 0x00, 0x00, 0x00, 0x00, 0x00, 0x00, 0x00, 0x00, 0x00, 0x00,
    0x00, 0x00, 0x00, 0x00, 0x00, 0x00, 0x00, 0x00, 0x22, 0x13, 0x22, 0x13,
    0xEB, 0x7E, 0xEB, 0x7E, 0xA6, 0x35, 0xA6, 0x35, 0xA6, 0x35, 0xA6, 0x35,
    0x44, 0x24, 0x44, 0x24, 0x44, 0x24, 0x44, 0x24, 0xA6, 0x35, 0xA6, 0x35,
    0xEB, 0x7E, 0xEB, 0x7E, 0xA6, 0x35, 0xA6, 0x35, 0x22, 0x13, 0x22, 0x13,
    0x00, 0x00, 0x00, 0x00, 0x00, 0x00, 0x00, 0x00, 0x00, 0x00, 0x00, 0x00,
    0x00, 0x00, 0x00, 0x00, 0x00, 0x00, 0x00, 0x00, 0x00, 0x00, 0x00, 0x00,
    0x22, 0x13, 0x22, 0x13, 0xEB, 0x7E, 0xEB, 0x7E, 0xA6, 0x35, 0xA6, 0x35,
    0xA6, 0x35, 0xA6, 0x35, 0x44, 0x24, 0x44, 0x24, 0x44, 0x24, 0x44, 0x24,
    0xA6, 0x35, 0xA6, 0x35, 0xEB, 0x7E, 0xEB, 0x7E, 0xA6, 0x35, 0xA6, 0x35,
    0x22, 0x13, 0x22, 0x13, 0x00, 0x00, 0x00, 0x00, 0x00, 0x00, 0x00, 0x00,
    0x00, 0x00, 0x00, 0x00, 0x00, 0x00, 0x00, 0x00, 0x00, 0x00, 0x00, 0x00,
    0x00, 0x00, 0x00, 0x00, 0x22, 0x13, 0x22, 0x13, 0xEB, 0x7E, 0xEB, 0x7E,
    0xA6, 0x35, 0xA6, 0x35, 0xA6, 0x35, 0xA6, 0x35, 0x44, 0x24, 0x44, 0x24,
    0x44, 0x24, 0x44, 0x24, 0xA6, 0x35, 0xA6, 0x35, 0xEB, 0x7E, 0xEB, 0x7E,
    0xA6, 0x35, 0xA6, 0x35, 0x22, 0x13, 0x22, 0x13, 0x00, 0x00, 0x00, 0x00,
    0x00, 0x00, 0x00, 0x00, 0x00, 0x00, 0x00, 0x00, 0x00, 0x00, 0x00, 0x00,
    0x00, 0x00, 0x00, 0x00, 0x00, 0x00, 0x00, 0x00, 0x22, 0x13, 0x22, 0x13,
    0xEB, 0x7E, 0xEB, 0x7E, 0xA6, 0x35, 0xA6, 0x35, 0xA6, 0x35, 0xA6, 0x35,
    0x44, 0x24, 0x44, 0x24, 0x44, 0x24, 0x44, 0x24, 0xA6, 0x35, 0xA6, 0x35,
    0xEB, 0x7E, 0xEB, 0x7E, 0xA6, 0x35, 0xA6, 0x35, 0x22, 0x13, 0x22, 0x13,
    0x00, 0x00, 0x00, 0x00, 0x00, 0x00, 0x00, 0x00, 0x00, 0x00, 0x00, 0x00,
    0x00, 0x00, 0x00, 0x00, 0x00, 0x00, 0x00, 0x00, 0x00, 0x00, 0x00, 0x00,
    0x22, 0x13, 0x22, 0x13, 0xEB, 0x7E, 0xEB, 0x7E, 0xA6, 0x35, 0xA6, 0x35,
    0xA6, 0x35, 0xA6, 0x35, 0x44, 0x24, 0x44, 0x24, 0x44, 0x24, 0x44, 0x24,
    0xA6, 0x35, 0xA6, 0x35, 0xEB, 0x7E, 0xEB, 0x7E, 0xA6, 0x35, 0xA6, 0x35,
    0x22, 0x13, 0x22, 0x13, 0x00, 0x00, 0x00, 0x00, 0x00, 0x00, 0x00, 0x00,
    0x00, 0x00, 0x00, 0x00, 0x00, 0x00, 0x00, 0x00, 0x00, 0x00, 0x00, 0x00,
    0x00, 0x00, 0x00, 0x00, 0x22, 0x13, 0x22, 0x13, 0xEB, 0x7E, 0xEB, 0x7E,
    0xA6, 0x35, 0xA6, 0x35, 0xA6, 0x35, 0xA6, 0x35, 0x44, 0x24, 0x44, 0x24,
    0x44, 0x24, 0x44, 0x24, 0xA6, 0x35, 0xA6, 0x35, 0xEB, 0x7E, 0xEB, 0x7E,
    0xA6, 0x35, 0xA6, 0x35, 0x22, 0x13, 0x22, 0x13, 0x00, 0x00, 0x00, 0x00,
    0x00, 0x00, 0x00, 0x00, 0x00, 0x00, 0x00, 0x00, 0x00, 0x00, 0x00, 0x00,
    0x00, 0x00, 0x00, 0x00, 0x00, 0x00, 0x00, 0x00, 0x22, 0x13, 0x22, 0x13,
    0xEB, 0x7E, 0xEB, 0x7E, 0xA6, 0x35, 0xA6, 0x35, 0xA6, 0x35, 0xA6, 0x35,
    0x44, 0x24, 0x44, 0x24, 0x44, 0x24, 0x44, 0x24, 0xA6, 0x35, 0xA6, 0x35,
    0xEB, 0x7E, 0xEB, 0x7E, 0xA6, 0x35, 0xA6, 0x35, 0x22, 0x13, 0x22, 0x13,
    0x00, 0x00, 0x00, 0x00, 0x00, 0x00, 0x00, 0x00, 0x00, 0x00, 0x00, 0x00,
    0x00, 0x00, 0x00, 0x00, 0x00, 0x00, 0x00, 0x00, 0x00, 0x00, 0x00, 0x00,
    0x22, 0x13, 0x22, 0x13, 0xEB, 0x7E, 0xEB, 0x7E, 0xA6, 0x35, 0xA6, 0x35,
    0xA6, 0x35, 0xA6, 0x35, 0x44, 0x24, 0x44, 0x24, 0x44, 0x24, 0x44, 0x24,
    0xA6, 0x35, 0xA6, 0x35, 0xEB, 0x7E, 0xEB, 0x7E, 0xA6, 0x35, 0xA6, 0x35,
    0x22, 0x13, 0x22, 0x13, 0x00, 0x00, 0x00, 0x00, 0x00, 0x00, 0x00, 0x00,
    0x00, 0x00, 0x00, 0x00, 0x00, 0x00, 0x00, 0x00, 0x00, 0x00, 0x00, 0x00,
    0x00, 0x00, 0x00, 0x00, 0x22, 0x13, 0x22, 0x13, 0xEB, 0x7E, 0xEB, 0x7E,
    0xA6, 0x35, 0xA6, 0x35, 0xA6, 0x35, 0xA6, 0x35, 0x44, 0x24, 0x44, 0x24,
    0x44, 0x24, 0x44, 0x24, 0xA6, 0x35, 0xA6, 0x35, 0xEB, 0x7E, 0xEB, 0x7E,
    0xA6, 0x35, 0xA6, 0x35, 0x22, 0x13, 0x22, 0x13, 0x00, 0x00, 0x00, 0x00,
    0x00, 0x00, 0x00, 0x00, 0x00, 0x00, 0x00, 0x00, 0x00, 0x00, 0x00, 0x00,
    0x00, 0x00, 0x00, 0x00, 0x00, 0x00, 0x00, 0x00, 0x22, 0x13, 0x22, 0x13,
    0xEB, 0x7E, 0xEB, 0x7E, 0xA6, 0x35, 0xA6, 0x35, 0xA6, 0x35, 0xA6, 0x35,
    0x44, 0x24, 0x44, 0x24, 0x44, 0x24, 0x44, 0x24, 0xA6, 0x35, 0xA6, 0x35,
    0xEB, 0x7E, 0xEB, 0x7E, 0xA6, 0x35, 0xA6, 0x35, 0x22, 0x13, 0x22, 0x13,
    0x00, 0x00, 0x00, 0x00, 0x00, 0x00, 0x00, 0x00, 0x00, 0x00, 0x00, 0x00,
    0x00, 0x00, 0x00, 0x00, 0x00, 0x00, 0x00, 0x00, 0x00, 0x00, 0x00, 0x00,
    0x22, 0x13, 0x22, 0x13, 0xEB, 0x7E, 0xEB, 0x7E, 0xA6, 0x35, 0xA6, 0x35,
    0xA6, 0x35, 0xA6, 0x35, 0x44, 0x24, 0x44, 0x24, 0x44, 0x24, 0x44, 0x24,
    0xA6, 0x35, 0xA6, 0x35, 0xEB, 0x7E, 0xEB, 0x7E, 0xA6, 0x35, 0xA6, 0x35,
    0x22, 0x13, 0x22, 0x13, 0x00, 0x00, 0x00, 0x00, 0x00, 0x00, 0x00, 0x00,
    0x00, 0x00, 0x00, 0x00, 0x00, 0x00, 0x00, 0x00, 0x00, 0x00, 0x00, 0x00,
    0x00, 0x00, 0x00, 0x00, 0x22, 0x13, 0x22, 0x13, 0xEB, 0x7E, 0xEB, 0x7E,
    0xA6, 0x35, 0xA6, 0x35, 0xA6, 0x35, 0xA6, 0x35, 0x44, 0x24, 0x44, 0x24,
    0x44, 0x24, 0x44, 0x24, 0xA6, 0x35, 0xA6, 0x35, 0xEB, 0x7E, 0xEB, 0x7E,
    0xA6, 0x35, 0xA6, 0x35, 0x22, 0x13, 0x22, 0x13, 0x00, 0x00, 0x00, 0x00,
    0x00, 0x00, 0x00, 0x00, 0x00, 0x00, 0x00, 0x00, 0x00, 0x00, 0x00, 0x00,
    0x00, 0x00, 0x00, 0x00, 0x00, 0x00, 0x00, 0x00, 0x22, 0x13, 0x22, 0x13,
    0xEB, 0x7E, 0xEB, 0x7E, 0xA6, 0x35, 0xA6, 0x35, 0xA6, 0x35, 0xA6, 0x35,
    0x44, 0x24, 0x44, 0x24, 0x44, 0x24, 0x44, 0x24, 0xA6, 0x35, 0xA6, 0x35,
    0xEB, 0x7E, 0xEB, 0x7E, 0xA6, 0x35, 0xA6, 0x35, 0x22, 0x13, 0x22, 0x13,
    0x00, 0x00, 0x00, 0x00, 0x00, 0x00, 0x00, 0x00, 0x00, 0x00, 0x00, 0x00,
    0x00, 0x00, 0x00, 0x00, 0x00, 0x00, 0x00, 0x00, 0x00, 0x00, 0x00, 0x00,
    0x22, 0x13, 0x22, 0x13, 0xEB, 0x7E, 0xEB, 0x7E, 0xA6, 0x35, 0xA6, 0x35,
    0xA6, 0x35, 0xA6, 0x35, 0x44, 0x24, 0x44, 0x24, 0x44, 0x24, 0x44, 0x24,
    0xA6, 0x35, 0xA6, 0x35, 0xEB, 0x7E, 0xEB, 0x7E, 0xA6, 0x35, 0xA6, 0x35,
    0x22, 0x13, 0x22, 0x13, 0x00, 0x00, 0x00, 0x00, 0x00, 0x00, 0x00, 0x00,
    0x00, 0x00, 0x00, 0x00, 0x00, 0x00, 0x00, 0x00, 0x00, 0x00, 0x00, 0x00,
    0x00, 0x00, 0x00, 0x00, 0x22, 0x13, 0x22, 0x13, 0xEB, 0x7E, 0xEB, 0x7E,
    0xA6, 0x35, 0xA6, 0x35, 0xA6, 0x35, 0xA6, 0x35, 0x44, 0x24, 0x44, 0x24,
    0x44, 0x24, 0x44, 0x24, 0xA6, 0x35, 0xA6, 0x35, 0xEB, 0x7E, 0xEB, 0x7E,
    0xA6, 0x35, 0xA6, 0x35, 0x22, 0x13, 0x22, 0x13, 0x00, 0x00, 0x00, 0x00,
    0x00, 0x00, 0x00, 0x00, 0x00, 0x00, 0x00, 0x00, 0x00, 0x00, 0x00, 0x00,
    0x00, 0x00, 0x00, 0x00, 0x00, 0x00, 0x00, 0x00, 0x22, 0x13, 0x22, 0x13,
    0xEB, 0x7E, 0xEB, 0x7E, 0xA6, 0x35, 0xA6, 0x35, 0xA6, 0x35, 0xA6, 0x35,
    0x44, 0x24, 0x44, 0x24, 0x44, 0x24, 0x44, 0x24, 0xA6, 0x35, 0xA6, 0x35,
    0xEB, 0x7E, 0xEB, 0x7E, 0xA6, 0x35, 0xA6, 0x35, 0x22, 0x13, 0x22, 0x13,
    0x00, 0x00, 0x00, 0x00, 0x00, 0x00, 0x00, 0x00, 0x00, 0x00, 0x00, 0x00,
    0x00, 0x00, 0x00, 0x00, 0x00, 0x00, 0x00, 0x00, 0x00, 0x00, 0x00, 0x00,
    0x22, 0x13, 0x22, 0x13, 0xEB, 0x7E, 0xEB, 0x7E, 0xA6, 0x35, 0xA6, 0x35,
    0xA6, 0x35, 0xA6, 0x35, 0x44, 0x24, 0x44, 0x24, 0x44, 0x24, 0x44, 0x24,
    0xA6, 0x35, 0xA6, 0x35, 0xEB, 0x7E, 0xEB, 0x7E, 0xA6, 0x35, 0xA6, 0x35,
    0x22, 0x13, 0x22, 0x13, 0x00, 0x00, 0x00, 0x00, 0x00, 0x00, 0x00, 0x00,
    0x00, 0x00, 0x00, 0x00, 0x00, 0x00, 0x00, 0x00, 0x00, 0x00, 0x00, 0x00,
    0x00, 0x00, 0x00, 0x00, 0x00, 0x00, 0x00, 0x00, 0x00, 0x00, 0x00, 0x00,
    0x00, 0x00, 0x00, 0x00, 0x00, 0x00, 0x00, 0x00, 0x00, 0x00, 0x00, 0x00,
    0x00, 0x00, 0x00, 0x00, 0x00, 0x00, 0x00, 0x00, 0x00, 0x00, 0x00, 0x00,
    0x00, 0x00, 0x00, 0x00, 0x00, 0x00, 0x00, 0x00, 0x00, 0x00, 0x00, 0x00,
    0x00, 0x00, 0x00, 0x00, 0x00, 0x00, 0x00, 0x00, 0x00, 0x00, 0x00, 0x00,
    0x00, 0x00, 0x00, 0x00, 0x00, 0x00, 0x00, 0x00, 0x00, 0x00, 0x00, 0x00,
    0x00, 0x00, 0x00, 0x00, 0x00, 0x00, 0x00, 0x00, 0x00, 0x00, 0x00, 0x00,
    0x00, 0x00, 0x00, 0x00, 0x00, 0x00, 0x00, 0x00, 0x00, 0x00, 0x00, 0x00,
    0x00, 0x00, 0x00, 0x00, 0x00, 0x00, 0x00, 0x00, 0x00, 0x00, 0x00, 0x00,
    0x00, 0x00, 0x00, 0x00, 0x00, 0x00, 0x00, 0x00, 0x00, 0x00, 0x00, 0x00,
    0x00, 0x00, 0x00, 0x00, 0x22, 0x13, 0x22, 0x13, 0x22, 0x13, 0x22, 0x13,
    0x22, 0x13, 0x22, 0x13, 0x22, 0x13, 0x22, 0x13, 0x22, 0x13, 0x22, 0x13,
    0x22, 0x13, 0x22, 0x13, 0x22, 0x13, 0x22, 0x13, 0x22, 0x13, 0x22, 0x13,
    0x22, 0x13, 0x22, 0x13, 0x22, 0x13, 0x22, 0x13, 0x22, 0x13, 0x22, 0x13,
    0x22, 0x13, 0x22, 0x13, 0x22, 0x13, 0x22, 0x13, 0x22, 0x13, 0x22, 0x13,
    0x00, 0x00, 0x00, 0x00, 0x00, 0x00, 0x00, 0x00, 0x22, 0x13, 0x22, 0x13,
    0x22, 0x13, 0x22, 0x13, 0x22, 0x13, 0x22, 0x13, 0x22, 0x13, 0x22, 0x13,
    0x22, 0x13, 0x22, 0x13, 0x22, 0x13, 0x22, 0x13, 0x22, 0x13, 0x22, 0x13,
    0x22, 0x13, 0x22, 0x13, 0x22, 0x13, 0x22, 0x13, 0x22, 0x13, 0x22, 0x13,
    0x22, 0x13, 0x22, 0x13, 0x22, 0x13, 0x22, 0x13, 0x22, 0x13, 0x22, 0x13,
    0x22, 0x13, 0x22, 0x13, 0x00, 0x00, 0x00, 0x00, 0x00, 0x00, 0x00, 0x00,
    0x22, 0x13, 0x22, 0x13, 0xEB, 0x7E, 0xEB, 0x7E, 0x44, 0x24, 0x44, 0x24,
    0x44, 0x24, 0x44, 0x24, 0x44, 0x24, 0x44, 0x24, 0x44, 0x24, 0x44, 0x24,
    0x44, 0x24, 0x44, 0x24, 0x44, 0x24, 0x44, 0x24, 0x44, 0x24, 0x44, 0x24,
    0x44, 0x24, 0x44, 0x24, 0x44, 0x24, 0x44, 0x24, 0x44, 0x24, 0x44, 0x24,
    0xA6, 0x35, 0xA6, 0x35, 0x22, 0x13, 0x22, 0x13, 0x00, 0x00, 0x00, 0x00,
    0x00, 0x00, 0x00, 0x00, 0x22, 0x13, 0x22, 0x13, 0xEB, 0x7E, 0xEB, 0x7E,
    0x44, 0x24, 0x44, 0x24, 0x44, 0x24, 0x44, 0x24, 0x44, 0x24, 0x44, 0x24,
    0x44, 0x24, 0x44, 0x24, 0x44, 0x24, 0x44, 0x24, 0x44, 0x24, 0x44, 0x24,
    0x44, 0x24, 0x44, 0x24, 0x44, 0x24, 0x44, 0x24, 0x44, 0x24, 0x44, 0x24,
    0x44, 0x24, 0x44, 0x24, 0xA6, 0x35, 0xA6, 0x35, 0x22, 0x13, 0x22, 0x13,
    0x00, 0x00, 0x00, 0x00, 0x00, 0x00, 0x00, 0x00, 0x22, 0x13, 0x22, 0x13,
    0xEB, 0x7E, 0xEB, 0x7E, 0x44, 0x24, 0x44, 0x24, 0x44, 0x24, 0x44, 0x24,
    0x44, 0x24, 0x44, 0x24, 0x44, 0x24, 0x44, 0x24, 0x44, 0x24, 0x44, 0x24,
    0x44, 0x24, 0x44, 0x24, 0x44, 0x24, 0x44, 0x24, 0x44, 0x24, 0x44, 0x24,
    0x44, 0x24, 0x44, 0x24, 0x44, 0x24, 0x44, 0x24, 0xA6, 0x35, 0xA6, 0x35,
    0x22, 0x13, 0x22, 0x13, 0x00, 0x00, 0x00, 0x00, 0x00, 0x00, 0x00, 0x00,
    0x22, 0x13, 0x22, 0x13, 0xEB, 0x7E, 0xEB, 0x7E, 0x44, 0x24, 0x44, 0x24,
    0x44, 0x24, 0x44, 0x24, 0x44, 0x24, 0x44, 0x24, 0x44, 0x24, 0x44, 0x24,
    0x44, 0x24, 0x44, 0x24, 0x44, 0x24, 0x44, 0x24, 0x44, 0x24, 0x44, 0x24,
    0x44, 0x24, 0x44, 0x24, 0x44, 0x24, 0x44, 0x24, 0x44, 0x24, 0x44, 0x24,
    0xA6, 0x35, 0xA6, 0x35, 0x22, 0x13, 0x22, 0x13, 0x00, 0x00, 0x00, 0x00,
    0x00, 0x00, 0x00, 0x00, 0x22, 0x13, 0x22, 0x13, 0xEB, 0x7E, 0xEB, 0x7E,
    0x44, 0x24, 0x44, 0x24, 0x44, 0x24, 0x44, 0x24, 0x44, 0x24, 0x44, 0x24,
    0x44, 0x24, 0x44, 0x24, 0x44, 0x24, 0x44, 0x24, 0x44, 0x24, 0x44, 0x24,
    0x44, 0x24, 0x44, 0x24, 0x44, 0x24, 0x44, 0x24, 0x44, 0x24, 0x44, 0x24,
    0x44, 0x24, 0x44, 0x24, 0xA6, 0x35, 0xA6, 0x35, 0x22, 0x13, 0x22, 0x13,
    0x00, 0x00, 0x00, 0x00, 0x00, 0x00, 0x00, 0x00, 0x22, 0x13, 0x22, 0x13,
    0xEB, 0x7E, 0xEB, 0x7E, 0x44, 0x24, 0x44, 0x24, 0x44, 0x24, 0x44, 0x24,
    0x44, 0x24, 0x44, 0x24, 0x44, 0x24, 0x44, 0x24, 0x44, 0x24, 0x44, 0x24,
    0x44, 0x24, 0x44, 0x24, 0x44, 0x24, 0x44, 0x24, 0x44, 0x24, 0x44, 0x24,
    0x44, 0x24, 0x44, 0x24, 0x44, 0x24, 0x44, 0x24, 0xA6, 0x35, 0xA6, 0x35,
    0x22, 0x13, 0x22, 0x13, 0x00, 0x00, 0x00, 0x00, 0x00, 0x00, 0x00, 0x00,
    0x22, 0x13, 0x22, 0x13, 0xEB, 0x7E, 0xEB, 0x7E, 0x44, 0x24, 0x44, 0x24,
    0x44, 0x24, 0x44, 0x24, 0x44, 0x24, 0x44, 0x24, 0x44, 0x24, 0x44, 0x24,
    0x44, 0x24, 0x44, 0x24, 0x44, 0x24, 0x44, 0x24, 0x44, 0x24, 0x44, 0x24,
    0x44, 0x24, 0x44, 0x24, 0x44, 0x24, 0x44, 0x24, 0x44, 0x24, 0x44, 0x24,
    0xA6, 0x35, 0xA6, 0x35, 0x22, 0x13, 0x22, 0x13, 0x00, 0x00, 0x00, 0x00,
    0x00, 0x00, 0x00, 0x00, 0x22, 0x13, 0x22, 0x13, 0xEB, 0x7E, 0xEB, 0x7E,
    0x44, 0x24, 0x44, 0x24, 0x44, 0x24, 0x44, 0x24, 0x44, 0x24, 0x44, 0x24,
    0x44, 0x24, 0x44, 0x24, 0x44, 0x24, 0x44, 0x24, 0x44, 0x24, 0x44, 0x24,
    0x44, 0x24, 0x44, 0x24, 0x44, 0x24, 0x44, 0x24, 0x44, 0x24, 0x44, 0x24,
    0x44, 0x24, 0x44, 0x24, 0xA6, 0x35, 0xA6, 0x35, 0x22, 0x13, 0x22, 0x13,
    0x00, 0x00, 0x00, 0x00, 0x00, 0x00, 0x00, 0x00, 0x00, 0x00, 0x00, 0x00,
    0x00, 0x00, 0x00, 0x00, 0x00, 0x00, 0x00, 0x00, 0x00, 0x00, 0x00, 0x00,
    0x00, 0x00, 0x00, 0x00, 0x00, 0x00, 0x00, 0x00, 0x00, 0x00, 0x00, 0x00,
    0x00, 0x00, 0x00, 0x00, 0x00, 0x00, 0x00, 0x00, 0x00, 0x00, 0x00, 0x00,
    0x00, 0x00, 0x00, 0x00, 0x00, 0x00, 0x00, 0x00, 0x00, 0x00, 0x00, 0x00,
    0x00, 0x00, 0x00, 0x00, 0x00, 0x00, 0x00, 0x00, 0x00, 0x00, 0x00, 0x00,
    0x00, 0x00, 0x00, 0x00, 0x00, 0x00, 0x00, 0x00, 0x00, 0x00, 0x00, 0x00,
    0x00, 0x00, 0x00, 0x00, 0x00, 0x00, 0x00, 0x00, 0x00, 0x00, 0x00, 0x00,
    0x00, 0x00, 0x00, 0x00, 0x00, 0x00, 0x00, 0x00, 0x00, 0x00, 0x00, 0x00,
    0x00, 0x00, 0x00, 0x00, 0x00, 0x00, 0x00, 0x00, 0x00, 0x00, 0x00, 0x00,
    0x00, 0x00, 0x00, 0x00, 0x00, 0x00, 0x00, 0x00, 0x00, 0x00, 0x00, 0x00,
    0x00, 0x00, 0x00, 0x00, 0x00, 0x00, 0x00, 0x00, 0x00, 0x00, 0x00, 0x00,
    0x22, 0x13, 0x22, 0x13, 0xEB, 0x7E, 0xEB, 0x7E, 0xA6, 0x35, 0xA6, 0x35,
    0xA6, 0x35, 0xA6, 0x35, 0x44, 0x24, 0x44, 0x24, 0x44, 0x24, 0x44, 0x24,
    0xA6, 0x35, 0xA6, 0x35, 0xEB, 0x7E, 0xEB, 0x7E, 0xA6, 0x35, 0xA6, 0x35,
    0x22, 0x13, 0x22, 0x13, 0x00, 0x00, 0x00, 0x00, 0x00, 0x00, 0x00, 0x00,
    0x00, 0x00, 0x00, 0x00, 0x00, 0x00, 0x00, 0x00, 0x00, 0x00, 0x00, 0x00,
    0x00, 0x00, 0x00, 0x00, 0x22, 0x13, 0x22, 0x13, 0xEB, 0x7E, 0xEB, 0x7E,
    0xA6, 0x35, 0xA6, 0x35, 0xA6, 0x35, 0xA6, 0x35, 0x44, 0x24, 0x44, 0x24,
    0x44, 0x24, 0x44, 0x24, 0xA6, 0x35, 0xA6, 0x35, 0xEB, 0x7E, 0xEB, 0x7E,
    0xA6, 0x35, 0xA6, 0x35, 0x22, 0x13, 0x22, 0x13, 0x00, 0x00, 0x00, 0x00,
    0x00, 0x00, 0x00, 0x00, 0x00, 0x00, 0x00, 0x00, 0x00, 0x00, 0x00, 0x00,
    0x00, 0x00, 0x00, 0x00, 0x00, 0x00, 0x00, 0x00, 0x22, 0x13, 0x22, 0x13,
    0xEB, 0x7E, 0xEB, 0x7E, 0xA6, 0x35, 0xA6, 0x35, 0xA6, 0x35, 0xA6, 0x35,
    0x44, 0x24, 0x44, 0x24, 0x44, 0x24, 0x44, 0x24, 0xA6, 0x35, 0xA6, 0x35,
    0xEB, 0x7E, 0xEB, 0x7E, 0xA6, 0x35, 0xA6, 0x35, 0x22, 0x13, 0x22, 0x13,
    0x00, 0x00, 0x00, 0x00, 0x00, 0x00, 0x00, 0x00, 0x00, 0x00, 0x00, 0x00,
    0x00, 0x00, 0x00, 0x00, 0x00, 0x00, 0x00, 0x00, 0x00, 0x00, 0x00, 0x00,
    0x22, 0x13, 0x22, 0x13, 0xEB, 0x7E, 0xEB, 0x7E, 0xA6, 0x35, 0xA6, 0x35,
    0xA6, 0x35, 0xA6, 0x35, 0x44, 0x24, 0x44, 0x24, 0x44, 0x24, 0x44, 0x24,
    0xA6, 0x35, 0xA6, 0x35, 0xEB, 0x7E, 0xEB, 0x7E, 0xA6, 0x35, 0xA6, 0x35,
    0x22, 0x13, 0x22, 0x13, 0x00, 0x00, 0x00, 0x00, 0x00, 0x00, 0x00, 0x00,
    0x00, 0x00, 0x00, 0x00, 0x00, 0x00, 0x00, 0x00, 0x00, 0x00, 0x00, 0x00,
    0x00, 0x00, 0x00, 0x00, 0x22, 0x13, 0x22, 0x13, 0xEB, 0x7E, 0xEB, 0x7E,
    0xA6, 0x35, 0xA6, 0x35, 0xA6, 0x35, 0xA6, 0x35, 0x44, 0x24, 0x44, 0x24,
    0x44, 0x24, 0x44, 0x24, 0xA6, 0x35, 0xA6, 0x35, 0xEB, 0x7E, 0xEB, 0x7E,
    0xA6, 0x35, 0xA6, 0x35, 0x22, 0x13, 0x22, 0x13, 0x00, 0x00, 0x00, 0x00,
    0x00, 0x00, 0x00, 0x00, 0x00, 0x00, 0x00, 0x00, 0x00, 0x00, 0x00, 0x00,
    0x00, 0x00, 0x00, 0x00, 0x00, 0x00, 0x00, 0x00, 0x22, 0x13, 0x22, 0x13,
    0xEB, 0x7E, 0xEB, 0x7E, 0xA6, 0x35, 0xA6, 0x35, 0xA6, 0x35, 0xA6, 0x35,
    0x44, 0x24, 0x44, 0x24, 0x44, 0x24, 0x44, 0x24, 0xA6, 0x35, 0xA6, 0x35,
    0xEB, 0x7E, 0xEB, 0x7E, 0xA6, 0x35, 0xA6, 0x35, 0x22, 0x13, 0x22, 0x13,
    0x00, 0x00, 0x00, 0x00, 0x00, 0x00, 0x00, 0x00, 0x00, 0x00, 0x00, 0x00,
    0x00, 0x00, 0x00, 0x00, 0x00, 0x00, 0x00, 0x00, 0x00, 0x00, 0x00, 0x00,
    0x22, 0x13, 0x22, 0x13, 0xEB, 0x7E, 0xEB, 0x7E, 0xA6, 0x35, 0xA6, 0x35,
    0xA6, 0x35, 0xA6, 0x35, 0x44, 0x24, 0x44, 0x24, 0x44, 0x24, 0x44, 0x24,
    0xA6, 0x35, 0xA6, 0x35, 0xEB, 0x7E, 0xEB, 0x7E, 0xA6, 0x35, 0xA6, 0x35,
    0x22, 0x13, 0x22, 0x13, 0x00, 0x00, 0x00, 0x00, 0x00, 0x00, 0x00, 0x00,
    0x00, 0x00, 0x00, 0x00, 0x00, 0x00, 0x00, 0x00, 0x00, 0x00, 0x00, 0x00,
    0x00, 0x00, 0x00, 0x00, 0x22, 0x13, 0x22, 0x13, 0xEB, 0x7E, 0xEB, 0x7E,
    0xA6, 0x35, 0xA6, 0x35, 0xA6, 0x35, 0xA6, 0x35, 0x44, 0x24, 0x44, 0x24,
    0x44, 0x24, 0x44, 0x24, 0xA6, 0x35, 0xA6, 0x35, 0xEB, 0x7E, 0xEB, 0x7E,
    0xA6, 0x35, 0xA6, 0x35, 0x22, 0x13, 0x22, 0x13, 0x00, 0x00, 0x00, 0x00,
    0x00, 0x00, 0x00, 0x00, 0x00, 0x00, 0x00, 0x00, 0x00, 0x00, 0x00, 0x00,
    0x00, 0x00, 0x00, 0x00, 0x00, 0x00, 0x00, 0x00, 0x22, 0x13, 0x22, 0x13,
    0xEB, 0x7E, 0xEB, 0x7E, 0xA6, 0x35, 0xA6, 0x35, 0xA6, 0x35, 0xA6, 0x35,
    0x44, 0x24, 0x44, 0x24, 0x44, 0x24, 0x44, 0x24, 0xA6, 0x35, 0xA6, 0x35,
    0xEB, 0x7E, 0xEB, 0x7E, 0xA6, 0x35, 0xA6, 0x35, 0x22, 0x13, 0x22, 0x13,
    0x00, 0x00, 0x00, 0x00, 0x00, 0x00, 0x00, 0x00, 0x00, 0x00, 0x00, 0x00,
    0x00, 0x00, 0x00, 0x00, 0x00, 0x00, 0x00, 0x00, 0x00, 0x00, 0x00, 0x00,
    0x22, 0x13, 0x22, 0x13, 0xEB, 0x7E, 0xEB, 0x7E, 0xA6, 0x35, 0xA6, 0x35,
    0xA6, 0x35, 0xA6, 0x35, 0x44, 0x24, 0x44, 0x24, 0x44, 0x24, 0x44, 0x24,
    0xA6, 0x35, 0xA6, 0x35, 0xEB, 0x7E, 0xEB, 0x7E, 0xA6, 0x35, 0xA6, 0x35,
    0x22, 0x13, 0x22, 0x13, 0x00, 0x00, 0x00, 0x00, 0x00, 0x00, 0x00, 0x00,
    0x00, 0x00, 0x00, 0x00, 0x00, 0x00, 0x00, 0x00, 0x00, 0x00, 0x00, 0x00,
    0x00, 0x00, 0x00, 0x00, 0x22, 0x13, 0x22, 0x13, 0xEB, 0x7E, 0xEB, 0x7E,
    0xA6, 0x35, 0xA6, 0x35, 0xA6, 0x35, 0xA6, 0x35, 0x44, 0x24, 0x44, 0x24,
    0x44, 0x24, 0x44, 0x24, 0xA6, 0x35, 0xA6, 0x35, 0xEB, 0x7E, 0xEB, 0x7E,
    0xA6, 0x35, 0xA6, 0x35, 0x22, 0x13, 0x22, 0x13, 0x00, 0x00, 0x00, 0x00,
    0x00, 0x00, 0x00, 0x00, 0x00, 0x00, 0x00, 0x00, 0x00, 0x00, 0x00, 0x00,
    0x00, 0x00, 0x00, 0x00, 0x00, 0x00, 0x00, 0x00, 0x22, 0x13, 0x22, 0x13,
    0xEB, 0x7E, 0xEB, 0x7E, 0xA6, 0x35, 0xA6, 0x35, 0xA6, 0x35, 0xA6, 0x35,
    0x44, 0x24, 0x44, 0x24, 0x44, 0x24, 0x44, 0x24, 0xA6, 0x35, 0xA6, 0x35,
    0xEB, 0x7E, 0xEB, 0x7E, 0xA6, 0x35, 0xA6, 0x35, 0x22, 0x13, 0x22, 0x13,
    0x00, 0x00, 0x00, 0x00, 0x00, 0x00, 0x00, 0x00, 0x00, 0x00, 0x00, 0x00,
    0x00, 0x00, 0x00, 0x00, 0x00, 0x00, 0x00, 0x00, 0x00, 0x00, 0x00, 0x00,
    0x22, 0x13, 0x22, 0x13, 0xEB, 0x7E, 0xEB, 0x7E, 0xA6, 0x35, 0xA6, 0x35,
    0xA6, 0x35, 0xA6, 0x35, 0x44, 0x24, 0x44, 0x24, 0x44, 0x24, 0x44, 0x24,
    0xA6, 0x35, 0xA6, 0x35, 0xEB, 0x7E, 0xEB, 0x7E, 0xA6, 0x35, 0xA6, 0x35,
    0x22, 0x13, 0x22, 0x13, 0x00, 0x00, 0x00, 0x00, 0x00, 0x00, 0x00, 0x00,
    0x00, 0x00, 0x00, 0x00, 0x00, 0x00, 0x00, 0x00, 0x00, 0x00, 0x00, 0x00,
    0x00, 0x00, 0x00, 0x00, 0x22, 0x13, 0x22, 0x13, 0xEB, 0x7E, 0xEB, 0x7E,
    0xA6, 0x35, 0xA6, 0x35, 0xA6, 0x35, 0xA6, 0x35, 0x44, 0x24, 0x44, 0x24,
    0x44, 0x24, 0x44, 0x24, 0xA6, 0x35, 0xA6, 0x35, 0xEB, 0x7E, 0xEB, 0x7E,
    0xA6, 0x35, 0xA6, 0x35, 0x22, 0x13, 0x22, 0x13, 0x00, 0x00, 0x00, 0x00,
    0x00, 0x00, 0x00, 0x00, 0x00, 0x00, 0x00, 0x00, 0x00, 0x00, 0x00, 0x00,
    0x00, 0x00, 0x00, 0x00, 0x00, 0x00, 0x00, 0x00, 0x22, 0x13, 0x22, 0x13,
    0xEB, 0x7E, 0xEB, 0x7E, 0xA6, 0x35, 0xA6, 0x35, 0xA6, 0x35, 0xA6, 0x35,
    0x44, 0x24, 0x44, 0x24, 0x44, 0x24, 0x44, 0x24, 0xA6, 0x35, 0xA6, 0x35,
    0xEB, 0x7E, 0xEB, 0x7E, 0xA6, 0x35, 0xA6, 0x35, 0x22, 0x13, 0x22, 0x13,
    0x00, 0x00, 0x00, 0x00, 0x00, 0x00, 0x00, 0x00, 0x00, 0x00, 0x00, 0x00,
    0x00, 0x00, 0x00, 0x00, 0x00, 0x00, 0x00, 0x00, 0x00, 0x00, 0x00, 0x00,
    0x22, 0x13, 0x22, 0x13, 0xEB, 0x7E, 0xEB, 0x7E, 0xA6, 0x35, 0xA6, 0x35,
    0xA6, 0x35, 0xA6, 0x35, 0x44, 0x24, 0x44, 0x24, 0x44, 0x24, 0x44, 0x24,
    0xA6, 0x35, 0xA6, 0x35, 0xEB, 0x7E, 0xEB, 0x7E, 0xA6, 0x35, 0xA6, 0x35,
    0x22, 0x13, 0x22, 0x13, 0x00, 0x00, 0x00, 0x00, 0x00, 0x00, 0x00, 0x00,
    0x00, 0x00, 0x00, 0x00, 0x00, 0x00, 0x00, 0x00, 0x00, 0x00, 0x00, 0x00,
    0x00, 0x00, 0x00, 0x00, 0x22, 0x13, 0x22, 0x13, 0xEB, 0x7E, 0xEB, 0x7E,
    0xA6, 0x35, 0xA6, 0x35, 0xA6, 0x35, 0xA6, 0x35, 0x44, 0x24, 0x44, 0x24,
    0x44, 0x24, 0x44, 0x24, 0xA6, 0x35, 0xA6, 0x35, 0xEB, 0x7E, 0xEB, 0x7E,
    0xA6, 0x35, 0xA6, 0x35, 0x22, 0x13, 0x22, 0x13, 0x00, 0x00, 0x00, 0x00,
    0x00, 0x00, 0x00, 0x00, 0x00, 0x00, 0x00, 0x00, 0x00, 0x00, 0x00, 0x00,
    0x00, 0x00, 0x00, 0x00, 0x00, 0x00, 0x00, 0x00, 0x22, 0x13, 0x22, 0x13,
    0xEB, 0x7E, 0xEB, 0x7E, 0xA6, 0x35, 0xA6, 0x35, 0xA6, 0x35, 0xA6, 0x35,
    0x44, 0x24, 0x44, 0x24, 0x44, 0x24, 0x44, 0x24, 0xA6, 0x35, 0xA6, 0x35,
    0xEB, 0x7E, 0xEB, 0x7E, 0xA6, 0x35, 0xA6, 0x35, 0x22, 0x13, 0x22, 0x13,
    0x00, 0x00, 0x00, 0x00, 0x00, 0x00, 0x00, 0x00, 0x00, 0x00, 0x00, 0x00,
    0x00, 0x00, 0x00, 0x00, 0x00, 0x00, 0x00, 0x00, 0x00, 0x00, 0x00, 0x00,
    0x00, 0x00, 0x00, 0x00, 0x00, 0x00, 0x00, 0x00, 0x00, 0x00, 0x00, 0x00,
    0x00, 0x00, 0x00, 0x00, 0x00, 0x00, 0x00, 0x00, 0x00, 0x00, 0x00, 0x00,
    0x00, 0x00, 0x00, 0x00, 0x00, 0x00, 0x00, 0x00, 0x00, 0x00, 0x00, 0x00,
    0x00, 0x00, 0x00, 0x00, 0x00, 0x00, 0x00, 0x00, 0x00, 0x00, 0x00, 0x00,
    0x00, 0x00, 0x00, 0x00, 0x00, 0x00, 0x00, 0x00, 0x00, 0x00, 0x00, 0x00,
    0x00, 0x00, 0x00, 0x00, 0x00, 0x00, 0x00, 0x00, 0x00, 0x00, 0x00, 0x00,
    0x00, 0x00, 0x00, 0x00, 0x00, 0x00, 0x00, 0x00, 0x00, 0x00, 0x00, 0x00,
    0x00, 0x00, 0x00, 0x00, 0x00, 0x00, 0x00, 0x00, 0x00, 0x00, 0x00, 0x00,
    0x00, 0x00, 0x00, 0x00, 0x00, 0x00, 0x00, 0x00, 0x00, 0x00, 0x00, 0x00,
    0x00, 0x00, 0x00, 0x00, 0x00, 0x00, 0x00, 0x00, 0x00, 0x00, 0x00, 0x00,
    0x22, 0x13, 0x22, 0x13, 0x22, 0x13, 0x22, 0x13, 0x22, 0x13, 0x22, 0x13,
    0x22, 0x13, 0x22, 0x13, 0x22, 0x13, 0x22, 0x13, 0x22, 0x13, 0x22, 0x13,
    0x22, 0x13, 0x22, 0x13, 0x22, 0x13, 0x22, 0x13, 0x22, 0x13, 0x22, 0x13,
    0x22, 0x13, 0x22, 0x13, 0x22, 0x13, 0x22, 0x13, 0x22, 0x13, 0x22, 0x13,
    0x22, 0x13, 0x22, 0x13, 0x22, 0x13, 0x22, 0x13, 0x00, 0x00, 0x00, 0x00,
    0x00, 0x00, 0x00, 0x00, 0x22, 0x13, 0x22, 0x13, 0x22, 0x13, 0x22, 0x13,
    0x22, 0x13, 0x22, 0x13, 0x22, 0x13, 0x22, 0x13, 0x22, 0x13, 0x22, 0x13,
    0x22, 0x13, 0x22, 0x13, 0x22, 0x13, 0x22, 0x13, 0x22, 0x13, 0x22, 0x13,
    0x22, 0x13, 0x22, 0x13, 0x22, 0x13, 0x22, 0x13, 0x22, 0x13, 0x22, 0x13,
    0x22, 0x13, 0x22, 0x13, 0x22, 0x13, 0x22, 0x13, 0x22, 0x13, 0x22, 0x13,
    0x00, 0x00, 0x00, 0x00, 0x00, 0x00, 0x00, 0x00, 0x22, 0x13, 0x22, 0x13,
    0xEB, 0x7E, 0xEB, 0x7E, 0x44, 0x24, 0x44, 0x24, 0x44, 0x24, 0x44, 0x24,
    0x44, 0x24, 0x44, 0x24, 0x44, 0x24, 0x44, 0x24, 0x44, 0x24, 0x44, 0x24,
    0x44, 0x24, 0x44, 0x24, 0x44, 0x24, 0x44, 0x24, 0x44, 0x24, 0x44, 0x24,
    0x44, 0x24, 0x44, 0x24, 0x44, 0x24, 0x44, 0x24, 0xA6, 0x35, 0xA6, 0x35,
    0x22, 0x13, 0x22, 0x13, 0x00, 0x00, 0x00, 0x00, 0x00, 0x00, 0x00, 0x00,
    0x22, 0x13, 0x22, 0x13, 0xEB, 0x7E, 0xEB, 0x7E, 0x44, 0x24, 0x44, 0x24,
    0x44, 0x24, 0x44, 0x24, 0x44, 0x24, 0x44, 0x24, 0x44, 0x24, 0x44, 0x24,
    0x44, 0x24, 0x44, 0x24, 0x44, 0x24, 0x44, 0x24, 0x44, 0x24, 0x44, 0x24,
    0x44, 0x24, 0x44, 0x24, 0x44, 0x24, 0x44, 0x24, 0x44, 0x24, 0x44, 0x24,
    0xA6, 0x35, 0xA6, 0x35, 0x22, 0x13, 0x22, 0x13, 0x00, 0x00, 0x00, 0x00,
    0x00, 0x00, 0x00, 0x00, 0xFF, 0xFF, 0xFF, 0xFF, 0xFF, 0xFF, 0xFF, 0xFF,
    0xFF, 0xFF, 0xFF, 0xFF, 0xFF, 0xFF, 0xFF, 0xFF, 0xFF, 0xFF, 0xFF, 0xFF,
    0xFF, 0xFF, 0xFF, 0xFF, 0x00, 0x00, 0x00, 0x00, 0x00, 0x00, 0x00, 0x00,
    0xFF, 0xFF, 0xFF, 0xFF, 0xFF, 0xFF, 0xFF, 0xFF, 0xFF, 0xFF, 0xFF, 0xFF,
    0xFF, 0xFF, 0xFF, 0xFF, 0xFF, 0xFF, 0xFF, 0xFF, 0xFF, 0xFF, 0xFF, 0xFF,
    0x00, 0x00, 0x00, 0x00, 0x00, 0x00, 0x00, 0x00, 0xFF, 0xFF, 0xFF, 0xFF,
    0xFF, 0xFF, 0xFF, 0xFF, 0xFF, 0xFF, 0xFF, 0xFF, 0xFF, 0xFF, 0xFF, 0xFF,
    0xFF, 0xFF, 0xFF, 0xFF, 0xFF, 0xFF, 0xFF, 0xFF, 0x00, 0x00, 0x00, 0x00,
    0x00, 0x00, 0x00, 0x00, 0xFF, 0xFF, 0xFF, 0xFF, 0xFF, 0xFF, 0xFF, 0xFF,
    0xFF, 0xFF, 0xFF, 0xFF, 0xFF, 0xFF, 0xFF, 0xFF, 0xFF, 0xFF, 0xFF, 0xFF,
    0xFF, 0xFF, 0xFF, 0xFF, 0x00, 0x00, 0x00, 0x00, 0x00, 0x00, 0x00, 0x00,
    0xFF, 0xFF, 0xFF, 0xFF, 0xFF, 0xFF, 0xFF, 0xFF, 0xFF, 0xFF, 0xFF, 0xFF,
    0xFF, 0xFF, 0xFF, 0xFF, 0xFF, 0xFF, 0xFF, 0xFF, 0xFF, 0xFF, 0xFF, 0xFF,
    0x00, 0x00, 0x00, 0x00, 0x00, 0x00, 0x00, 0x00, 0xFF, 0xFF, 0xFF, 0xFF,
    0xFF, 0xFF, 0xFF, 0xFF, 0xFF, 0xFF, 0xFF, 0xFF, 0xFF, 0xFF, 0xFF, 0xFF,
    0xFF, 0xFF, 0xFF, 0xFF, 0xFF, 0xFF, 0xFF, 0xFF, 0x00, 0x00, 0x00, 0x00,
    0x00, 0x00, 0x00, 0x00, 0xFF, 0xFF, 0xFF, 0xFF, 0xFF, 0xFF, 0xFF, 0xFF,
    0xFF, 0xFF, 0xFF, 0xFF, 0xFF, 0xFF, 0xFF, 0xFF, 0xFF, 0xFF, 0xFF, 0xFF,
    0xFF, 0xFF, 0xFF, 0xFF, 0x00, 0x00, 0x00, 0x00, 0x00, 0x00, 0x00, 0x00,
    0xFF, 0xFF, 0xFF, 0xFF, 0xFF, 0xFF, 0xFF, 0xFF, 0xFF, 0xFF, 0xFF, 0xFF,
    0xFF, 0xFF, 0xFF, 0xFF, 0xFF, 0xFF, 0xFF, 0xFF, 0xFF, 0xFF, 0xFF, 0xFF,
    0x00, 0x00, 0x00, 0x00, 0x00, 0x00, 0x00, 0x00, 0xFF, 0xFF, 0xFF, 0xFF,
    0xFF, 0xFF, 0xFF, 0xFF, 0xFF, 0xFF, 0xFF, 0xFF, 0xFF, 0xFF, 0xFF, 0xFF,
    0xFF, 0xFF, 0xFF, 0xFF, 0xFF, 0xFF, 0xFF, 0xFF, 0x00, 0x00, 0x00, 0x00,
    0x00, 0x00, 0x00, 0x00, 0xFF, 0xFF, 0xFF, 0xFF, 0xFF, 0xFF, 0xFF, 0xFF,
    0xFF, 0xFF, 0xFF, 0xFF, 0xFF, 0xFF, 0xFF, 0xFF, 0xFF, 0xFF, 0xFF, 0xFF,
    0xFF, 0xFF, 0xFF, 0xFF, 0x00, 0x00, 0x00, 0x00, 0x00, 0x00, 0x00, 0x00,
    0xFF, 0xFF, 0xFF, 0xFF, 0xFF, 0xFF, 0xFF, 0xFF, 0xFF, 0xFF, 0xFF, 0xFF,
    0xFF, 0xFF, 0xFF, 0xFF, 0xFF, 0xFF, 0xFF, 0xFF, 0xFF, 0xFF, 0xFF, 0xFF,
    0x00, 0x00, 0x00, 0x00, 0x00, 0x00, 0x00, 0x00, 0xFF, 0xFF, 0xFF, 0xFF,
    0xFF, 0xFF, 0xFF, 0xFF, 0xFF, 0xFF, 0xFF, 0xFF, 0xFF, 0xFF, 0xFF, 0xFF,
    0xFF, 0xFF, 0xFF, 0xFF, 0xFF, 0xFF, 0xFF, 0xFF, 0x00, 0x00, 0x00, 0x00,
    0x00, 0x00, 0x00, 0x00, 0xFF, 0xFF, 0xFF, 0xFF, 0xFF, 0xFF, 0xFF, 0xFF,
    0xFF, 0xFF, 0xFF, 0xFF, 0xFF, 0xFF, 0xFF, 0xFF, 0xFF, 0xFF, 0xFF, 0xFF,
    0xFF, 0xFF, 0xFF, 0xFF, 0x00, 0x00, 0x00, 0x00, 0x00, 0x00, 0x00, 0x00,
    0xFF, 0xFF, 0xFF, 0xFF, 0xFF, 0xFF, 0xFF, 0xFF, 0xFF, 0xFF, 0xFF, 0xFF,
    0xFF, 0xFF, 0xFF, 0xFF, 0xFF, 0xFF, 0xFF, 0xFF, 0xFF, 0xFF, 0xFF, 0xFF,
    0x00, 0x00, 0x00, 0x00, 0x00, 0x00, 0x00, 0x00, 0xFF, 0xFF, 0xFF, 0xFF,
    0xFF, 0xFF, 0xFF, 0xFF, 0xFF, 0xFF, 0xFF, 0xFF, 0xFF, 0xFF, 0xFF, 0xFF,
    0xFF, 0xFF, 0xFF, 0xFF, 0xFF, 0xFF, 0xFF, 0xFF, 0x00, 0x00, 0x00, 0x00,
    0x00, 0x00, 0x00, 0x00, 0xFF, 0xFF, 0xFF, 0xFF, 0xFF, 0xFF, 0xFF, 0xFF,
    0xFF, 0xFF, 0xFF, 0xFF, 0xFF, 0xFF, 0xFF, 0xFF, 0xFF, 0xFF, 0xFF, 0xFF,
    0xFF, 0xFF, 0xFF, 0xFF, 0x00, 0x00, 0x00, 0x00, 0x00, 0x00, 0x00, 0x00,
    0xFF, 0xFF, 0xFF, 0xFF, 0xFF, 0xFF, 0xFF, 0xFF, 0xFF, 0xFF, 0xFF, 0xFF,
    0xFF, 0xFF, 0xFF, 0xFF, 0xFF, 0xFF, 0xFF, 0xFF, 0xFF, 0xFF, 0xFF, 0xFF,
    0x00, 0x00, 0x00, 0x00, 0x00, 0x00, 0x00, 0x00, 0xFF, 0xFF, 0xFF, 0xFF,
    0xFF, 0xFF, 0xFF, 0xFF, 0xFF, 0xFF, 0xFF, 0xFF, 0xFF, 0xFF, 0xFF, 0xFF,
    0xFF, 0xFF, 0xFF, 0xFF, 0xFF, 0xFF, 0xFF, 0xFF, 0x00, 0x00, 0x00, 0x00,
    0x00, 0x00, 0x00, 0x00, 0xFF, 0xFF, 0xFF, 0xFF, 0xFF, 0xFF, 0xFF, 0xFF,
    0xFF, 0xFF, 0xFF, 0xFF, 0xFF, 0xFF, 0xFF, 0xFF, 0xFF, 0xFF, 0xFF, 0xFF,
    0xFF, 0xFF, 0xFF, 0xFF, 0x00, 0x00, 0x00, 0x00, 0x00, 0x00, 0x00, 0x00,
    0xFF, 0xFF, 0xFF, 0xFF, 0xFF, 0xFF, 0xFF, 0xFF, 0xFF, 0xFF, 0xFF, 0xFF,
    0xFF, 0xFF, 0xFF, 0xFF, 0xFF, 0xFF, 0xFF, 0xFF, 0xFF, 0xFF, 0xFF, 0xFF,
    0x00, 0x00, 0x00, 0x00, 0x00, 0x00, 0x00, 0x00, 0xFF, 0xFF, 0xFF, 0xFF,
    0xFF, 0xFF, 0xFF, 0xFF, 0xFF, 0xFF, 0xFF, 0xFF, 0xFF, 0xFF, 0xFF, 0xFF,
    0xFF, 0xFF, 0xFF, 0xFF, 0xFF, 0xFF, 0xFF, 0xFF, 0x00, 0x00, 0x00, 0x00,
    0x00, 0x00, 0x00, 0x00, 0xFF, 0xFF, 0xFF, 0xFF, 0xFF, 0xFF, 0xFF, 0xFF,
    0xFF, 0xFF, 0xFF, 0xFF, 0xFF, 0xFF, 0xFF, 0xFF, 0xFF, 0xFF, 0xFF, 0xFF,
    0xFF, 0xFF, 0xFF, 0xFF, 0x00, 0x00, 0x00, 0x00, 0x00, 0x00, 0x00, 0x00,
    0xFF, 0xFF, 0xFF, 0xFF, 0xFF, 0xFF, 0xFF, 0xFF, 0xFF, 0xFF, 0xFF, 0xFF,
    0xFF, 0xFF, 0xFF, 0xFF, 0xFF, 0xFF, 0xFF, 0xFF, 0xFF, 0xFF, 0xFF, 0xFF,
    0x00, 0x00, 0x00, 0x00, 0x00, 0x00, 0x00, 0x00, 0xFF, 0xFF, 0xFF, 0xFF,
    0xFF, 0xFF, 0xFF, 0xFF, 0xFF, 0xFF, 0xFF, 0xFF, 0xFF, 0xFF, 0xFF, 0xFF,
    0xFF, 0xFF, 0xFF, 0xFF, 0xFF, 0xFF, 0xFF, 0xFF, 0x00, 0x00, 0x00, 0x00,
    0x00, 0x00, 0x00, 0x00, 0xFF, 0xFF, 0xFF, 0xFF, 0xFF, 0xFF, 0xFF, 0xFF,
    0xFF, 0xFF, 0xFF, 0xFF, 0xFF, 0xFF, 0xFF, 0xFF, 0xFF, 0xFF, 0xFF, 0xFF,
    0xFF, 0xFF, 0xFF, 0xFF, 0x00, 0x00, 0x00, 0x00, 0x00, 0x00, 0x00, 0x00,
    0xFF, 0xFF, 0xFF, 0xFF, 0xFF, 0xFF, 0xFF, 0xFF, 0xFF, 0xFF, 0xFF, 0xFF,
    0xFF, 0xFF, 0xFF, 0xFF, 0xFF, 0xFF, 0xFF, 0xFF, 0xFF, 0xFF, 0xFF, 0xFF,
    0x00, 0x00, 0x00, 0x00, 0x00, 0x00, 0x00, 0x00, 0xFF, 0xFF, 0xFF, 0xFF,
    0xFF, 0xFF, 0xFF, 0xFF, 0xFF, 0xFF, 0xFF, 0xFF, 0xFF, 0xFF, 0xFF, 0xFF,
    0xFF, 0xFF, 0xFF, 0xFF, 0xFF, 0xFF, 0xFF, 0xFF, 0x00, 0x00, 0x00, 0x00,
    0x00, 0x00, 0x00, 0x00, 0xFF, 0xFF, 0xFF, 0xFF, 0xFF, 0xFF, 0xFF, 0xFF,
    0xFF, 0xFF, 0xFF, 0xFF, 0xFF, 0xFF, 0xFF, 0xFF, 0xFF, 0xFF, 0xFF, 0xFF,
    0xFF, 0xFF, 0xFF, 0xFF, 0x00, 0x00, 0x00, 0x00, 0x00, 0x00, 0x00, 0x00,
    0xFF, 0xFF, 0xFF, 0xFF, 0xFF, 0xFF, 0xFF, 0xFF, 0xFF, 0xFF, 0xFF, 0xFF,
    0xFF, 0xFF, 0xFF, 0xFF, 0xFF, 0xFF, 0xFF, 0xFF, 0xFF, 0xFF, 0xFF, 0xFF,
    0x00, 0x00, 0x00, 0x00, 0x00, 0x00, 0x00, 0x00, 0xFF, 0xFF, 0xFF, 0xFF,
    0xFF, 0xFF, 0xFF, 0xFF, 0xFF, 0xFF, 0xFF, 0xFF, 0xFF, 0xFF, 0xFF, 0xFF,
    0xFF, 0xFF, 0xFF, 0xFF, 0xFF, 0xFF, 0xFF, 0xFF, 0x00, 0x00, 0x00, 0x00,
    0x00, 0x00, 0x00, 0x00, 0xFF, 0xFF, 0xFF, 0xFF, 0xFF, 0xFF, 0xFF, 0xFF,
    0xFF, 0xFF, 0xFF, 0xFF, 0xFF, 0xFF, 0xFF, 0xFF, 0xFF, 0xFF, 0xFF, 0xFF,
    0xFF, 0xFF, 0xFF, 0xFF, 0x00, 0x00, 0x00, 0x00, 0x00, 0x00, 0x00, 0x00,
    0xFF, 0xFF, 0xFF, 0xFF, 0xFF, 0xFF, 0xFF, 0xFF, 0xFF, 0xFF, 0xFF, 0xFF,
    0xFF, 0xFF, 0xFF, 0xFF, 0xFF, 0xFF, 0xFF, 0xFF, 0xFF, 0xFF, 0xFF, 0xFF,
    0x00, 0x00, 0x00, 0x00, 0x00, 0x00, 0x00, 0x00, 0xFF, 0xFF, 0xFF, 0xFF,
    0xFF, 0xFF, 0xFF, 0xFF, 0xFF, 0xFF, 0xFF, 0xFF, 0xFF, 0xFF, 0xFF, 0xFF,
    0xFF, 0xFF, 0xFF, 0xFF, 0xFF, 0xFF, 0xFF, 0xFF, 0x00, 0x00, 0x00, 0x00,
    0x00, 0x00, 0x00, 0x00, 0xFF, 0xFF, 0xFF, 0xFF, 0xFF, 0xFF, 0xFF, 0xFF,
    0xFF, 0xFF, 0xFF, 0xFF, 0xFF, 0xFF, 0xFF, 0xFF, 0xFF, 0xFF, 0xFF, 0xFF,
    0xFF, 0xFF, 0xFF, 0xFF, 0x00, 0x00, 0x00, 0x00, 0x00, 0x00, 0x00, 0x00,
    0xFF, 0xFF, 0xFF, 0xFF, 0xFF, 0xFF, 0xFF, 0xFF, 0xFF, 0xFF, 0xFF, 0xFF,
    0xFF, 0xFF, 0xFF, 0xFF, 0xFF, 0xFF, 0xFF, 0xFF, 0xFF, 0xFF, 0xFF, 0xFF,
    0x00, 0x00, 0x00, 0x00, 0x00, 0x00, 0x00, 0x00, 0xFF, 0xFF, 0xFF, 0xFF,
    0xFF, 0xFF, 0xFF, 0xFF, 0xFF, 0xFF, 0xFF, 0xFF, 0xFF, 0xFF, 0xFF, 0xFF,
    0xFF, 0xFF, 0xFF, 0xFF, 0xFF, 0xFF, 0xFF, 0xFF, 0x00, 0x00, 0x00, 0x00,
    0x00, 0x00, 0x00, 0x00, 0xFF, 0xFF, 0xFF, 0xFF, 0xFF, 0xFF, 0xFF, 0xFF,
    0xFF, 0xFF, 0xFF, 0xFF, 0xFF, 0xFF, 0xFF, 0xFF, 0xFF, 0xFF, 0xFF, 0xFF,
    0xFF, 0xFF, 0xFF, 0xFF, 0x00, 0x00, 0x00, 0x00, 0x00, 0x00, 0x00, 0x00,
    0xFF, 0xFF, 0xFF, 0xFF, 0xFF, 0xFF, 0xFF, 0xFF, 0xFF, 0xFF, 0xFF, 0xFF,
    0xFF, 0xFF, 0xFF, 0xFF, 0xFF, 0xFF, 0xFF, 0xFF, 0xFF, 0xFF, 0xFF, 0xFF,
    0x00, 0x00, 0x00, 0x00, 0x00, 0x00, 0x00, 0x00, 0xFF, 0xFF, 0xFF, 0xFF,
    0xFF, 0xFF, 0xFF, 0xFF, 0xFF, 0xFF, 0xFF, 0xFF, 0xFF, 0xFF, 0xFF, 0xFF,
    0xFF, 0xFF, 0xFF, 0xFF, 0xFF, 0xFF, 0xFF, 0xFF, 0x00, 0x00, 0x00, 0x00,
    0x00, 0x00, 0x00, 0x00, 0xFF, 0xFF, 0xFF, 0xFF, 0xFF, 0xFF, 0xFF, 0xFF,
    0xFF, 0xFF, 0xFF, 0xFF, 0xFF, 0xFF, 0xFF, 0xFF, 0xFF, 0xFF, 0xFF, 0xFF,
    0xFF, 0xFF, 0xFF, 0xFF, 0x00, 0x00, 0x00, 0x00, 0x00, 0x00, 0x00, 0x00,
    0xFF, 0xFF, 0xFF, 0xFF, 0xFF, 0xFF, 0xFF, 0xFF, 0xFF, 0xFF, 0xFF, 0xFF,
    0xFF, 0xFF, 0xFF, 0xFF, 0xFF, 0xFF, 0xFF, 0xFF, 0xFF, 0xFF, 0xFF, 0xFF,
    0x00, 0x00, 0x00, 0x00, 0x00, 0x00, 0x00, 0x00, 0xFF, 0xFF, 0xFF, 0xFF,
    0xFF, 0xFF, 0xFF, 0xFF, 0xFF, 0xFF, 0xFF, 0xFF, 0xFF, 0xFF, 0xFF, 0xFF,
    0xFF, 0xFF, 0xFF, 0xFF, 0xFF, 0xFF, 0xFF, 0xFF, 0x00, 0x00, 0x00, 0x00,
    0x00, 0x00, 0x00, 0x00, 0xFF, 0xFF, 0xFF, 0xFF, 0xFF, 0xFF, 0xFF, 0xFF,
    0xFF, 0xFF, 0xFF, 0xFF, 0xFF, 0xFF, 0xFF, 0xFF, 0xFF, 0xFF, 0xFF, 0xFF,
    0xFF, 0xFF, 0xFF, 0xFF, 0x00, 0x00, 0x00, 0x00, 0x00, 0x00, 0x00, 0x00,
    0xFF, 0xFF, 0xFF, 0xFF, 0xFF, 0xFF, 0xFF, 0xFF, 0xFF, 0xFF, 0xFF, 0xFF,
    0xFF, 0xFF, 0xFF, 0xFF, 0xFF, 0xFF, 0xFF, 0xFF, 0xFF, 0xFF, 0xFF, 0xFF,
    0x00, 0x00, 0x00, 0x00, 0x00, 0x00, 0x00, 0x00, 0xFF, 0xFF, 0xFF, 0xFF,
    0xFF, 0xFF, 0xFF, 0xFF, 0xFF, 0xFF, 0xFF, 0xFF, 0xFF, 0xFF, 0xFF, 0xFF,
    0xFF, 0xFF, 0xFF, 0xFF, 0xFF, 0xFF, 0xFF, 0xFF, 0x00, 0x00, 0x00, 0x00,
    0x00, 0x00, 0x00, 0x00, 0xFF, 0xFF, 0xFF, 0xFF, 0xFF, 0xFF, 0xFF, 0xFF,
    0xFF, 0xFF, 0xFF, 0xFF, 0xFF, 0xFF, 0xFF, 0xFF, 0xFF, 0xFF, 0xFF, 0xFF,
    0xFF, 0xFF, 0xFF, 0xFF, 0x00, 0x00, 0x00, 0x00, 0x00, 0x00, 0x00, 0x00,
    0xFF, 0xFF, 0xFF, 0xFF, 0xFF, 0xFF, 0xFF, 0xFF, 0xFF, 0xFF, 0xFF, 0xFF,
    0xFF, 0xFF, 0xFF, 0xFF, 0xFF, 0xFF, 0xFF, 0xFF, 0xFF, 0xFF, 0xFF, 0xFF,
    0x00, 0x00, 0x00, 0x00, 0x00, 0x00, 0x00, 0x00, 0xFF, 0xFF, 0xFF, 0xFF,
    0xFF, 0xFF, 0xFF, 0xFF, 0xFF, 0xFF, 0xFF, 0xFF, 0xFF, 0xFF, 0xFF, 0xFF,
    0xFF, 0xFF, 0xFF, 0xFF, 0xFF, 0xFF, 0xFF, 0xFF, 0x00, 0x00, 0x00, 0x00,
    0x00, 0x00, 0x00, 0x00, 0xFF, 0xFF, 0xFF, 0xFF, 0xFF, 0xFF, 0xFF, 0xFF,
    0xFF, 0xFF, 0xFF, 0xFF, 0xFF, 0xFF, 0xFF, 0xFF, 0xFF, 0xFF, 0xFF, 0xFF,
    0xFF, 0xFF, 0xFF, 0xFF, 0x00, 0x00, 0x00, 0x00, 0x00, 0x00, 0x00, 0x00,
    0xFF, 0xFF, 0xFF, 0xFF, 0xFF, 0xFF, 0xFF, 0xFF, 0xFF, 0xFF, 0xFF, 0xFF,
    0xFF, 0xFF, 0xFF, 0xFF, 0xFF, 0xFF, 0xFF, 0xFF, 0xFF, 0xFF, 0xFF, 0xFF,
    0x00, 0x00, 0x00, 0x00, 0xFF, 0xFF, 0xFF, 0xFF, 0xFF, 0xFF, 0xFF, 0xFF,
    0xFF, 0xFF, 0xFF, 0xFF, 0xFF, 0xFF, 0xFF, 0xFF, 0xFF, 0xFF, 0xFF, 0xFF,
    0xFF, 0xFF, 0xFF, 0xFF, 0xFF, 0xFF, 0xFF, 0xFF, 0xFF, 0xFF, 0xFF, 0xFF,
    0xFF, 0xFF, 0xFF, 0xFF, 0xFF, 0xFF, 0xFF, 0xFF, 0xFF, 0xFF, 0xFF, 0xFF,
    0xFF, 0xFF, 0xFF, 0xFF, 0xFF, 0xFF, 0xFF, 0xFF, 0xFF, 0xFF, 0xFF, 0xFF,
    0xFF, 0xFF, 0xFF, 0xFF, 0xFF, 0xFF, 0xFF, 0xFF, 0xFF, 0xFF, 0xFF, 0xFF,
    0xFF, 0xFF, 0xFF, 0xFF, 0xFF, 0xFF, 0xFF, 0xFF, 0xFF, 0xFF, 0xFF, 0xFF,
    0xFF, 0xFF, 0xFF, 0xFF, 0xFF, 0xFF, 0xFF, 0xFF, 0xFF, 0xFF, 0xFF, 0xFF,
    0xFF, 0xFF, 0xFF, 0xFF, 0xFF, 0xFF, 0xFF, 0xFF, 0xFF, 0xFF, 0xFF, 0xFF,
    0xFF, 0xFF, 0xFF, 0xFF, 0xFF, 0xFF, 0xFF, 0xFF, 0xFF, 0xFF, 0xFF, 0xFF,
    0xFF, 0xFF, 0xFF, 0xFF, 0xFF, 0xFF, 0xFF, 0xFF, 0xFF, 0xFF, 0xFF, 0xFF,
    0xFF, 0xFF, 0xFF, 0xFF, 0xFF, 0xFF, 0xFF, 0xFF, 0xFF, 0xFF, 0xFF, 0xFF,
    0xFF, 0xFF, 0xFF, 0xFF, 0xFF, 0xFF, 0xFF, 0xFF, 0xFF, 0xFF, 0xFF, 0xFF,
    0xFF, 0xFF, 0xFF, 0xFF, 0xFF, 0xFF, 0xFF, 0xFF, 0xFF, 0xFF, 0xFF, 0xFF,
    0xFF, 0xFF, 0xFF, 0xFF, 0xFF, 0xFF, 0xFF, 0xFF, 0xFF, 0xFF, 0xFF, 0xFF,
    0xFF, 0xFF, 0xFF, 0xFF, 0xFF, 0xFF, 0xFF, 0xFF, 0xFF, 0xFF, 0xFF, 0xFF,
    0xFF, 0xFF, 0xFF, 0xFF, 0xFF, 0xFF, 0xFF, 0xFF, 0xFF, 0xFF, 0xFF, 0xFF,
    0xFF, 0xFF, 0xFF, 0xFF, 0xFF, 0xFF, 0xFF, 0xFF, 0xFF, 0xFF, 0xFF, 0xFF,
    0xFF, 0xFF, 0xFF, 0xFF, 0xFF, 0xFF, 0xFF, 0xFF, 0xFF, 0xFF, 0xFF, 0xFF,
    0xFF, 0xFF, 0xFF, 0xFF, 0xFF, 0xFF, 0xFF, 0xFF, 0xFF, 0xFF, 0xFF, 0xFF,
    0xFF, 0xFF, 0xFF, 0xFF, 0xFF, 0xFF, 0xFF, 0xFF, 0xFF, 0xFF, 0xFF, 0xFF,
    0xFF, 0xFF, 0xFF, 0xFF, 0xFF, 0xFF, 0xFF, 0xFF, 0xFF, 0xFF, 0xFF, 0xFF,
    0xFF, 0xFF, 0xFF, 0xFF, 0xFF, 0xFF, 0xFF, 0xFF, 0xFF, 0xFF, 0xFF, 0xFF,
    0xFF, 0xFF, 0xFF, 0xFF, 0xFF, 0xFF, 0xFF, 0xFF, 0xFF, 0xFF, 0xFF, 0xFF,
    0xFF, 0xFF, 0xFF, 0xFF, 0xFF, 0xFF, 0xFF, 0xFF, 0xFF, 0xFF, 0xFF, 0xFF,
    0xFF, 0xFF, 0xFF, 0xFF, 0xFF, 0xFF, 0xFF, 0xFF, 0xFF, 0xFF, 0xFF, 0xFF,
    0xFF, 0xFF, 0xFF, 0xFF, 0xFF, 0xFF, 0xFF, 0xFF, 0xFF, 0xFF, 0xFF, 0xFF,
    0xFF, 0xFF, 0xFF, 0xFF, 0xFF, 0xFF, 0xFF, 0xFF, 0xFF, 0xFF, 0xFF, 0xFF,
    0xFF, 0xFF, 0xFF, 0xFF, 0xFF, 0xFF, 0xFF, 0xFF, 0xFF, 0xFF, 0xFF, 0xFF,
    0xFF, 0xFF, 0xFF, 0xFF, 0xFF, 0xFF, 0xFF, 0xFF, 0xFF, 0xFF, 0xFF, 0xFF,
    0xFF, 0xFF, 0xFF, 0xFF, 0xFF, 0xFF, 0xFF, 0xFF, 0xFF, 0xFF, 0xFF, 0xFF,
    0xFF, 0xFF, 0xFF, 0xFF, 0xFF, 0xFF, 0xFF, 0xFF, 0xFF, 0xFF, 0xFF, 0xFF,
    0xFF, 0xFF, 0xFF, 0xFF, 0xFF, 0xFF, 0xFF, 0xFF, 0xFF, 0xFF, 0xFF, 0xFF,
    0xFF, 0xFF, 0xFF, 0xFF, 0xFF, 0xFF, 0xFF, 0xFF, 0xFF, 0xFF, 0xFF, 0xFF,
    0xFF, 0xFF, 0xFF, 0xFF, 0xFF, 0xFF, 0xFF, 0xFF, 0xFF, 0xFF, 0xFF, 0xFF,
    0xFF, 0xFF, 0xFF, 0xFF, 0xFF, 0xFF, 0xFF, 0xFF, 0xFF, 0xFF, 0xFF, 0xFF,
    0xFF, 0xFF, 0xFF, 0xFF, 0xFF, 0xFF, 0xFF, 0xFF, 0xFF, 0xFF, 0xFF, 0xFF,
    0xFF, 0xFF, 0xFF, 0xFF, 0xFF, 0xFF, 0xFF, 0xFF, 0x00, 0x00, 0x00, 0x00,
    0xFF, 0xFF, 0xFF, 0xFF, 0xFF, 0xFF, 0xFF, 0xFF, 0xFF, 0xFF, 0xFF, 0xFF,
    0xFF, 0xFF, 0xFF, 0xFF, 0xFF, 0xFF, 0xFF, 0xFF, 0xFF, 0xFF, 0xFF, 0xFF,
    0x00, 0x00, 0x00, 0x00, 0x00, 0x00, 0x00, 0x00, 0xFF, 0xFF, 0xFF, 0xFF,
    0xFF, 0xFF, 0xFF, 0xFF, 0xFF, 0xFF, 0xFF, 0xFF, 0xFF, 0xFF, 0xFF, 0xFF,
    0xFF, 0xFF, 0xFF, 0xFF, 0xFF, 0xFF, 0xFF, 0xFF, 0x00, 0x00, 0x00, 0x00,
    0x00, 0x00, 0x00, 0x00, 0xFF, 0xFF, 0xFF, 0xFF, 0xFF, 0xFF, 0xFF, 0xFF,
    0xFF, 0xFF, 0xFF, 0xFF, 0xFF, 0xFF, 0xFF, 0xFF, 0xFF, 0xFF, 0xFF, 0xFF,
    0xFF, 0xFF, 0xFF, 0xFF, 0x00, 0x00, 0x00, 0x00, 0x00, 0x00, 0x00, 0x00,
    0xFF, 0xFF, 0xFF, 0xFF, 0xFF, 0xFF, 0xFF, 0xFF, 0xFF, 0xFF, 0xFF, 0xFF,
    0xFF, 0xFF, 0xFF, 0xFF, 0xFF, 0xFF, 0xFF, 0xFF, 0xFF, 0xFF, 0xFF, 0xFF,
    0x00, 0x00, 0x00, 0x00, 0x00, 0x00, 0x00, 0x00, 0xFF, 0xFF, 0xFF, 0xFF,
    0xFF, 0xFF, 0xFF, 0xFF, 0xFF, 0xFF, 0xFF, 0xFF, 0xFF, 0xFF, 0xFF, 0xFF,
    0xFF, 0xFF, 0xFF, 0xFF, 0xFF, 0xFF, 0xFF, 0xFF, 0x00, 0x00, 0x00, 0x00,
    0x00, 0x00, 0x00, 0x00, 0xFF, 0xFF, 0xFF, 0xFF, 0xFF, 0xFF, 0xFF, 0xFF,
    0xFF, 0xFF, 0xFF, 0xFF, 0xFF, 0xFF, 0xFF, 0xFF, 0xFF, 0xFF, 0xFF, 0xFF,
    0xFF, 0xFF, 0xFF, 0xFF, 0x00, 0x00, 0x00, 0x00, 0x00, 0x00, 0x00, 0x00,
    0xFF, 0xFF, 0xFF, 0xFF, 0xFF, 0xFF, 0xFF, 0xFF, 0xFF, 0xFF, 0xFF, 0xFF,
    0xFF, 0xFF, 0xFF, 0xFF, 0xFF, 0xFF, 0xFF, 0xFF, 0xFF, 0xFF, 0xFF, 0xFF,
    0x00, 0x00, 0x00, 0x00, 0x00, 0x00, 0x00, 0x00, 0xFF, 0xFF, 0xFF, 0xFF,
    0xFF, 0xFF, 0xFF, 0xFF, 0xFF, 0xFF, 0xFF, 0xFF, 0xFF, 0xFF, 0xFF, 0xFF,
    0xFF, 0xFF, 0xFF, 0xFF, 0xFF, 0xFF, 0xFF, 0xFF, 0x00, 0x00, 0x00, 0x00,
    0x00, 0x00, 0x00, 0x00, 0xFF, 0xFF, 0xFF, 0xFF, 0xFF, 0xFF, 0xFF, 0xFF,
    0xFF, 0xFF, 0xFF, 0xFF, 0xFF, 0xFF, 0xFF, 0xFF, 0xFF, 0xFF, 0xFF, 0xFF,
    0xFF, 0xFF, 0xFF, 0xFF, 0x00, 0x00, 0x00, 0x00, 0x00, 0x00, 0x00, 0x00,
    0xFF, 0xFF, 0xFF, 0xFF, 0xFF, 0xFF, 0xFF, 0xFF, 0xFF, 0xFF, 0xFF, 0xFF,
    0xFF, 0xFF, 0xFF, 0xFF, 0xFF, 0xFF, 0xFF, 0xFF, 0xFF, 0xFF, 0xFF, 0xFF,
    0x00, 0x00, 0x00, 0x00, 0x00, 0x00, 0x00, 0x00, 0xFF, 0xFF, 0xFF, 0xFF,
    0xFF, 0xFF, 0xFF, 0xFF, 0xFF, 0xFF, 0xFF, 0xFF, 0xFF, 0xFF, 0xFF, 0xFF,
    0xFF, 0xFF, 0xFF, 0xFF, 0xFF, 0xFF, 0xFF, 0xFF, 0x00, 0x00, 0x00, 0x00,
    0x00, 0x00, 0x00, 0x00, 0xFF, 0xFF, 0xFF, 0xFF, 0xFF, 0xFF, 0xFF, 0xFF,
    0xFF, 0xFF, 0xFF, 0xFF, 0xFF, 0xFF, 0xFF, 0xFF, 0xFF, 0xFF, 0xFF, 0xFF,
    0xFF, 0xFF, 0xFF, 0xFF, 0x00, 0x00, 0x00, 0x00, 0x00, 0x00, 0x00, 0x00,
    0xFF, 0xFF, 0xFF, 0xFF, 0xFF, 0xFF, 0xFF, 0xFF, 0xFF, 0xFF, 0xFF, 0xFF,
    0xFF, 0xFF, 0xFF, 0xFF, 0xFF, 0xFF, 0xFF, 0xFF, 0xFF, 0xFF, 0xFF, 0xFF,
    0x00, 0x00, 0x00, 0x00, 0x00, 0x00, 0x00, 0x00, 0xFF, 0xFF, 0xFF, 0xFF,
    0xFF, 0xFF, 0xFF, 0xFF, 0xFF, 0xFF, 0xFF, 0xFF, 0xFF, 0xFF, 0xFF, 0xFF,
    0xFF, 0xFF, 0xFF, 0xFF, 0xFF, 0xFF, 0xFF, 0xFF, 0x00, 0x00, 0x00, 0x00,
    0x00, 0x00, 0x00, 0x00, 0xFF, 0xFF, 0xFF, 0xFF, 0xFF, 0xFF, 0xFF, 0xFF,
    0xFF, 0xFF, 0xFF, 0xFF, 0xFF, 0xFF, 0xFF, 0xFF, 0xFF, 0xFF, 0xFF, 0xFF,
    0xFF, 0xFF, 0xFF, 0xFF, 0x00, 0x00, 0x00, 0x00, 0x00, 0x00, 0x00, 0x00,
    0xFF, 0xFF, 0xFF, 0xFF, 0xFF, 0xFF, 0xFF, 0xFF, 0xFF, 0xFF, 0xFF, 0xFF,
    0xFF, 0xFF, 0xFF, 0xFF, 0xFF, 0xFF, 0xFF, 0xFF, 0xFF, 0xFF, 0xFF, 0xFF,
    0x00, 0x00, 0x00, 0x00, 0x00, 0x00, 0x00, 0x00, 0xFF, 0xFF, 0xFF, 0xFF,
    0xFF, 0xFF, 0xFF, 0xFF, 0xFF, 0xFF, 0xFF, 0xFF, 0xFF, 0xFF, 0xFF, 0xFF,
    0xFF, 0xFF, 0xFF, 0xFF, 0xFF, 0xFF, 0xFF, 0xFF, 0x00, 0x00, 0x00, 0x00,
    0x00, 0x00, 0x00, 0x00, 0xFF, 0xFF, 0xFF, 0xFF, 0xFF, 0xFF, 0xFF, 0xFF,
    0xFF, 0xFF, 0xFF, 0xFF, 0xFF, 0xFF, 0xFF, 0xFF, 0xFF, 0xFF, 0xFF, 0xFF,
    0xFF, 0xFF, 0xFF, 0xFF, 0x00, 0x00, 0x00, 0x00, 0xFF, 0xFF, 0xFF, 0xFF,
    0xFF, 0xFF, 0xFF, 0xFF, 0xFF, 0xFF, 0xFF, 0xFF, 0xFF, 0xFF, 0xFF, 0xFF,
    0xFF, 0xFF, 0xFF, 0xFF, 0xFF, 0xFF, 0xFF, 0xFF, 0xFF, 0xFF, 0xFF, 0xFF,
    0xFF, 0xFF, 0xFF, 0xFF, 0xFF, 0xFF, 0xFF, 0xFF, 0xFF, 0xFF, 0xFF, 0xFF,
    0xFF, 0xFF, 0xFF, 0xFF, 0xFF, 0xFF, 0xFF, 0xFF, 0xFF, 0xFF, 0xFF, 0xFF,
    0xFF, 0xFF, 0xFF, 0xFF, 0xFF, 0xFF, 0xFF, 0xFF, 0xFF, 0xFF, 0xFF, 0xFF,
    0xFF, 0xFF, 0xFF, 0xFF, 0xFF, 0xFF, 0xFF, 0xFF, 0xFF, 0xFF, 0xFF, 0xFF,
    0xFF, 0xFF, 0xFF, 0xFF, 0xFF, 0xFF, 0xFF, 0xFF, 0xFF, 0xFF, 0xFF, 0xFF,
    0xFF, 0xFF, 0xFF, 0xFF, 0xFF, 0xFF, 0xFF, 0xFF, 0xFF, 0xFF, 0xFF, 0xFF,
    0xFF, 0xFF, 0xFF, 0xFF, 0xFF, 0xFF, 0xFF, 0xFF, 0xFF, 0xFF, 0xFF, 0xFF,
    0xFF, 0xFF, 0xFF, 0xFF, 0xFF, 0xFF, 0xFF, 0xFF, 0xFF, 0xFF, 0xFF, 0xFF,
    0xFF, 0xFF, 0xFF, 0xFF, 0xFF, 0xFF, 0xFF, 0xFF, 0xFF, 0xFF, 0xFF, 0xFF,
    0xFF, 0xFF, 0xFF, 0xFF, 0xFF, 0xFF, 0xFF, 0xFF, 0xFF, 0xFF, 0xFF, 0xFF,
    0xFF, 0xFF, 0xFF, 0xFF, 0xFF, 0xFF, 0xFF, 0xFF, 0xFF, 0xFF, 0xFF, 0xFF,
    0xFF, 0xFF, 0xFF, 0xFF, 0xFF, 0xFF, 0xFF, 0xFF, 0xFF, 0xFF, 0xFF, 0xFF,
    0xFF, 0xFF, 0xFF, 0xFF, 0xFF, 0xFF, 0xFF, 0xFF, 0xFF, 0xFF, 0xFF, 0xFF,
    0xFF, 0xFF, 0xFF, 0xFF, 0xFF, 0xFF, 0xFF, 0xFF, 0xFF, 0xFF, 0xFF, 0xFF,
    0xFF, 0xFF, 0xFF, 0xFF, 0xFF, 0xFF, 0xFF, 0xFF, 0xFF, 0xFF, 0xFF, 0xFF,
    0xFF, 0xFF, 0xFF, 0xFF, 0xFF, 0xFF, 0xFF, 0xFF, 0xFF, 0xFF, 0xFF, 0xFF,
    0xFF, 0xFF, 0xFF, 0xFF, 0xFF, 0xFF, 0xFF, 0xFF, 0xFF, 0xFF, 0xFF, 0xFF,
    0xFF, 0xFF, 0xFF, 0xFF, 0xFF, 0xFF, 0xFF, 0xFF, 0xFF, 0xFF, 0xFF, 0xFF,
    0xFF, 0xFF, 0xFF, 0xFF, 0xFF, 0xFF, 0xFF, 0xFF, 0xFF, 0xFF, 0xFF, 0xFF,
    0xFF, 0xFF, 0xFF, 0xFF, 0xFF, 0xFF, 0xFF, 0xFF, 0xFF, 0xFF, 0xFF, 0xFF,
    0xFF, 0xFF, 0xFF, 0xFF, 0xFF, 0xFF, 0xFF, 0xFF, 0xFF, 0xFF, 0xFF, 0xFF,
    0xFF, 0xFF, 0xFF, 0xFF, 0xFF, 0xFF, 0xFF, 0xFF, 0xFF, 0xFF, 0xFF, 0xFF,
    0xFF, 0xFF, 0xFF, 0xFF, 0xFF, 0xFF, 0xFF, 0xFF, 0xFF, 0xFF, 0xFF, 0xFF,
    0xFF, 0xFF, 0xFF, 0xFF, 0xFF, 0xFF, 0xFF, 0xFF, 0xFF, 0xFF, 0xFF, 0xFF,
    0xFF, 0xFF, 0xFF, 0xFF, 0xFF, 0xFF, 0xFF, 0xFF, 0xFF, 0xFF, 0xFF, 0xFF,
    0xFF, 0xFF, 0xFF, 0xFF, 0xFF, 0xFF, 0xFF, 0xFF, 0xFF, 0xFF, 0xFF, 0xFF,
    0xFF, 0xFF, 0xFF, 0xFF, 0xFF, 0xFF, 0xFF, 0xFF, 0xFF, 0xFF, 0xFF, 0xFF,
    0xFF, 0xFF, 0xFF, 0xFF, 0xFF, 0xFF, 0xFF, 0xFF, 0xFF, 0xFF, 0xFF, 0xFF,
    0xFF, 0xFF, 0xFF, 0xFF, 0xFF, 0xFF, 0xFF, 0xFF, 0xFF, 0xFF, 0xFF, 0xFF,
    0xFF, 0xFF, 0xFF, 0xFF, 0xFF, 0xFF, 0xFF, 0xFF, 0xFF, 0xFF, 0xFF, 0xFF,
    0xFF, 0xFF, 0xFF, 0xFF, 0xFF, 0xFF, 0xFF, 0xFF, 0xFF, 0xFF, 0xFF, 0xFF,
    0xFF, 0xFF, 0xFF, 0xFF, 0xFF, 0xFF, 0xFF, 0xFF, 0xFF, 0xFF, 0xFF, 0xFF,
    0xFF, 0xFF, 0xFF, 0xFF, 0xFF, 0xFF, 0xFF, 0xFF, 0xFF, 0xFF, 0xFF, 0xFF,
    0xFF, 0xFF, 0xFF, 0xFF, 0xFF, 0xFF, 0xFF, 0xFF, 0xFF, 0xFF, 0xFF, 0xFF,
    0xFF, 0xFF, 0xFF, 0xFF, 0xFF, 0xFF, 0xFF, 0xFF, 0xFF, 0xFF, 0xFF, 0xFF,
    0x00, 0x00, 0x00, 0x00, 0xFF, 0xFF, 0xFF, 0xFF, 0xFF, 0xFF, 0xFF, 0xFF,
    0xFF, 0xFF, 0xFF, 0xFF, 0xFF, 0xFF, 0xFF, 0xFF, 0xFF, 0xFF, 0xFF, 0xFF,
    0xFF, 0xFF, 0xFF, 0xFF, 0x00, 0x00, 0x00, 0x00, 0x00, 0x00, 0x00, 0x00,
    0xFF, 0xFF, 0xFF, 0xFF, 0xFF, 0xFF, 0xFF, 0xFF, 0xFF, 0xFF, 0xFF, 0xFF,
    0xFF, 0xFF, 0xFF, 0xFF, 0xFF, 0xFF, 0xFF, 0xFF, 0xFF, 0xFF, 0xFF, 0xFF,
    0x00, 0x00, 0x00, 0x00, 0x00, 0x00, 0x00, 0x00, 0xFF, 0xFF, 0xFF, 0xFF,
    0xFF, 0xFF, 0xFF, 0xFF, 0xFF, 0xFF, 0xFF, 0xFF, 0xFF, 0xFF, 0xFF, 0xFF,
    0xFF, 0xFF, 0xFF, 0xFF, 0xFF, 0xFF, 0xFF, 0xFF, 0x00, 0x00, 0x00, 0x00,
    0x00, 0x00, 0x00, 0x00, 0xFF, 0xFF, 0xFF, 0xFF, 0xFF, 0xFF, 0xFF, 0xFF,
    0xFF, 0xFF, 0xFF, 0xFF, 0xFF, 0xFF, 0xFF, 0xFF, 0xFF, 0xFF, 0xFF, 0xFF,
    0xFF, 0xFF, 0xFF, 0xFF, 0x00, 0x00, 0x00, 0x00, 0x00, 0x00, 0x00, 0x00,
    0xFF, 0xFF, 0xFF, 0xFF, 0xFF, 0xFF, 0xFF, 0xFF, 0xFF, 0xFF, 0xFF, 0xFF,
    0xFF, 0xFF, 0xFF, 0xFF, 0xFF, 0xFF, 0xFF, 0xFF, 0xFF, 0xFF, 0xFF, 0xFF,
    0x00, 0x00, 0x00, 0x00, 0x00, 0x00, 0x00, 0x00, 0xFF, 0xFF, 0xFF, 0xFF,
    0xFF, 0xFF, 0xFF, 0xFF, 0xFF, 0xFF, 0xFF, 0xFF, 0xFF, 0xFF, 0xFF, 0xFF,
    0xFF, 0xFF, 0xFF, 0xFF, 0xFF, 0xFF, 0xFF, 0xFF, 0x00, 0x00, 0x00, 0x00,
    0x00, 0x00, 0x00, 0x00, 0xFF, 0xFF, 0xFF, 0xFF, 0xFF, 0xFF, 0xFF, 0xFF,
    0xFF, 0xFF, 0xFF, 0xFF, 0xFF, 0xFF, 0xFF, 0xFF, 0xFF, 0xFF, 0xFF, 0xFF,
    0xFF, 0xFF, 0xFF, 0xFF, 0x00, 0x00, 0x00, 0x00, 0x00, 0x00, 0x00, 0x00,
    0xFF, 0xFF, 0xFF, 0xFF, 0xFF, 0xFF, 0xFF, 0xFF, 0xFF, 0xFF, 0xFF, 0xFF,
    0xFF, 0xFF, 0xFF, 0xFF, 0xFF, 0xFF, 0xFF, 0xFF, 0xFF, 0xFF, 0xFF, 0xFF,
    0x00, 0x00, 0x00, 0x00, 0x00, 0x00, 0x00, 0x00, 0xFF, 0xFF, 0xFF, 0xFF,
    0xFF, 0xFF, 0xFF, 0xFF, 0xFF, 0xFF, 0xFF, 0xFF, 0xFF, 0xFF, 0xFF, 0xFF,
    0xFF, 0xFF, 0xFF, 0xFF, 0xFF, 0xFF, 0xFF, 0xFF, 0x00, 0x00, 0x00, 0x00,
    0x00, 0x00, 0x00, 0x00, 0xFF, 0xFF, 0xFF, 0xFF, 0xFF, 0xFF, 0xFF, 0xFF,
    0xFF, 0xFF, 0xFF, 0xFF, 0xFF, 0xFF, 0xFF, 0xFF, 0xFF, 0xFF, 0xFF, 0xFF,
    0xFF, 0xFF, 0xFF, 0xFF, 0x00, 0x00, 0x00, 0x00, 0x00, 0x00, 0x00, 0x00,
    0xFF, 0xFF, 0xFF, 0xFF, 0xFF, 0xFF, 0xFF, 0xFF, 0xFF, 0xFF, 0xFF, 0xFF,
    0xFF, 0xFF, 0xFF, 0xFF, 0xFF, 0xFF, 0xFF, 0xFF, 0xFF, 0xFF, 0xFF, 0xFF,
    0x00, 0x00, 0x00, 0x00, 0x00, 0x00, 0x00, 0x00, 0xFF, 0xFF, 0xFF, 0xFF,
    0xFF, 0xFF, 0xFF, 0xFF, 0xFF, 0xFF, 0xFF, 0xFF, 0xFF, 0xFF, 0xFF, 0xFF,
    0xFF, 0xFF, 0xFF, 0xFF, 0xFF, 0xFF, 0xFF, 0xFF, 0x00, 0x00, 0x00, 0x00,
    0x00, 0x00, 0x00, 0x00, 0xFF, 0xFF, 0xFF, 0xFF, 0xFF, 0xFF, 0xFF, 0xFF,
    0xFF, 0xFF, 0xFF, 0xFF, 0xFF, 0xFF, 0xFF, 0xFF, 0xFF, 0xFF, 0xFF, 0xFF,
    0xFF, 0xFF, 0xFF, 0xFF, 0x00, 0x00, 0x00, 0x00, 0x00, 0x00, 0x00, 0x00,
    0xFF, 0xFF, 0xFF, 0xFF, 0xFF, 0xFF, 0xFF, 0xFF, 0xFF, 0xFF, 0xFF, 0xFF,
    0xFF, 0xFF, 0xFF, 0xFF, 0xFF, 0xFF, 0xFF, 0xFF, 0xFF, 0xFF, 0xFF, 0xFF,
    0x00, 0x00, 0x00, 0x00, 0x00, 0x00, 0x00, 0x00, 0xFF, 0xFF, 0xFF, 0xFF,
    0xFF, 0xFF, 0xFF, 0xFF, 0xFF, 0xFF, 0xFF, 0xFF, 0xFF, 0xFF, 0xFF, 0xFF,
    0xFF, 0xFF, 0xFF, 0xFF, 0xFF, 0xFF, 0xFF, 0xFF, 0x00, 0x00, 0x00, 0x00,
    0x00, 0x00, 0x00, 0x00, 0xFF, 0xFF, 0xFF, 0xFF, 0xFF, 0xFF, 0xFF, 0xFF,
    0xFF, 0xFF, 0xFF, 0xFF, 0xFF, 0xFF, 0xFF, 0xFF, 0xFF, 0xFF, 0xFF, 0xFF,
    0xFF, 0xFF, 0xFF, 0xFF, 0x00, 0x00, 0x00, 0x00, 0x00, 0x00, 0x00, 0x00,
    0xFF, 0xFF, 0xFF, 0xFF, 0xFF, 0xFF, 0xFF, 0xFF, 0xFF, 0xFF, 0xFF, 0xFF,
    0xFF, 0xFF, 0xFF, 0xFF, 0xFF, 0xFF, 0xFF, 0xFF, 0xFF, 0xFF, 0xFF, 0xFF,
    0x00, 0x00, 0x00, 0x00, 0x00, 0x00, 0x00, 0x00, 0xFF, 0xFF, 0xFF, 0xFF,
    0xFF, 0xFF, 0xFF, 0xFF, 0xFF, 0xFF, 0xFF, 0xFF, 0xFF, 0xFF, 0xFF, 0xFF,
    0xFF, 0xFF, 0xFF, 0xFF, 0xFF, 0xFF, 0xFF, 0xFF, 0x00, 0x00, 0x00, 0x00,
    0xFF, 0xFF, 0xFF, 0xFF, 0xFF, 0xFF, 0xFF, 0xFF, 0xFF, 0xFF, 0xFF, 0xFF,
    0xFF, 0xFF, 0xFF, 0xFF, 0xFF, 0xFF, 0xFF, 0xFF, 0xFF, 0xFF, 0xFF, 0xFF,
    0xFF, 0xFF, 0xFF, 0xFF, 0xFF, 0xFF, 0xFF, 0xFF, 0xFF, 0xFF, 0xFF, 0xFF,
    0xFF, 0xFF, 0xFF, 0xFF, 0xFF, 0xFF, 0xFF, 0xFF, 0xFF, 0xFF, 0xFF, 0xFF,
    0xFF, 0xFF, 0xFF, 0xFF, 0xFF, 0xFF, 0xFF, 0xFF, 0xFF, 0xFF, 0xFF, 0xFF,
    0xFF, 0xFF, 0xFF, 0xFF, 0xFF, 0xFF, 0xFF, 0xFF, 0xFF, 0xFF, 0xFF, 0xFF,
    0xFF, 0xFF, 0xFF, 0xFF, 0xFF, 0xFF, 0xFF, 0xFF, 0xFF, 0xFF, 0xFF, 0xFF,
    0xFF, 0xFF, 0xFF, 0xFF, 0xFF, 0xFF, 0xFF, 0xFF, 0xFF, 0xFF, 0xFF, 0xFF,
    0xFF, 0xFF, 0xFF, 0xFF, 0xFF, 0xFF, 0xFF, 0xFF, 0xFF, 0xFF, 0xFF, 0xFF,
    0xFF, 0xFF, 0xFF, 0xFF, 0xFF, 0xFF, 0xFF, 0xFF, 0xFF, 0xFF, 0xFF, 0xFF,
    0xFF, 0xFF, 0xFF, 0xFF, 0xFF, 0xFF, 0xFF, 0xFF, 0xFF, 0xFF, 0xFF, 0xFF,
    0xFF, 0xFF, 0xFF, 0xFF, 0xFF, 0xFF, 0xFF, 0xFF, 0xFF, 0xFF, 0xFF, 0xFF,
    0xFF, 0xFF, 0xFF, 0xFF, 0xFF, 0xFF, 0xFF, 0xFF, 0xFF, 0xFF, 0xFF, 0xFF,
    0xFF, 0xFF, 0xFF, 0xFF, 0xFF, 0xFF, 0xFF, 0xFF, 0xFF, 0xFF, 0xFF, 0xFF,
    0xFF, 0xFF, 0xFF, 0xFF, 0xFF, 0xFF, 0xFF, 0xFF, 0xFF, 0xFF, 0xFF, 0xFF,
    0xFF, 0xFF, 0xFF, 0xFF, 0xFF, 0xFF, 0xFF, 0xFF, 0xFF, 0xFF, 0xFF, 0xFF,
};

const lv_image_dsc_t flappy_pipe_bot = {
    .header = {
        .magic = LV_IMAGE_HEADER_MAGIC,
        .cf = LV_COLOR_FORMAT_RGB565A8,
        .flags = 0,
        .w = 32,
        .h = 120,
        .stride = 64,
        .reserved_2 = 0,
    },
    .data_size = 11520,
    .data = flappy_pipe_bot_map,
    .reserved = NULL,
};

const LV_ATTRIBUTE_MEM_ALIGN LV_ATTRIBUTE_LARGE_CONST uint8_t flappy_pipe_top_map[11520] = {
    0x00, 0x00, 0x00, 0x00, 0x22, 0x13, 0x22, 0x13, 0xEB, 0x7E, 0xEB, 0x7E,
    0x44, 0x24, 0x44, 0x24, 0x44, 0x24, 0x44, 0x24, 0x44, 0x24, 0x44, 0x24,
    0x44, 0x24, 0x44, 0x24, 0x44, 0x24, 0x44, 0x24, 0x44, 0x24, 0x44, 0x24,
    0x44, 0x24, 0x44, 0x24, 0x44, 0x24, 0x44, 0x24, 0x44, 0x24, 0x44, 0x24,
    0x44, 0x24, 0x44, 0x24, 0xA6, 0x35, 0xA6, 0x35, 0x22, 0x13, 0x22, 0x13,
    0x00, 0x00, 0x00, 0x00, 0x00, 0x00, 0x00, 0x00, 0x22, 0x13, 0x22, 0x13,
    0xEB, 0x7E, 0xEB, 0x7E, 0x44, 0x24, 0x44, 0x24, 0x44, 0x24, 0x44, 0x24,
    0x44, 0x24, 0x44, 0x24, 0x44, 0x24, 0x44, 0x24, 0x44, 0x24, 0x44, 0x24,
    0x44, 0x24, 0x44, 0x24, 0x44, 0x24, 0x44, 0x24, 0x44, 0x24, 0x44, 0x24,
    0x44, 0x24, 0x44, 0x24, 0x44, 0x24, 0x44, 0x24, 0xA6, 0x35, 0xA6, 0x35,
    0x22, 0x13, 0x22, 0x13, 0x00, 0x00, 0x00, 0x00, 0x00, 0x00, 0x00, 0x00,
    0x22, 0x13, 0x22, 0x13, 0x22, 0x13, 0x22, 0x13, 0x22, 0x13, 0x22, 0x13,
    0x22, 0x13, 0x22, 0x13, 0x22, 0x13, 0x22, 0x13, 0x22, 0x13, 0x22, 0x13,
    0x22, 0x13, 0x22, 0x13, 0x22, 0x13, 0x22, 0x13, 0x22, 0x13, 0x22, 0x13,
    0x22, 0x13, 0x22, 0x13, 0x22, 0x13, 0x22, 0x13, 0x22, 0x13, 0x22, 0x13,
    0x22, 0x13, 0x22, 0x13, 0x22, 0x13, 0x22, 0x13, 0x00, 0x00, 0x00, 0x00,
    0x00, 0x00, 0x00, 0x00, 0x22, 0x13, 0x22, 0x13, 0x22, 0x13, 0x22, 0x13,
    0x22, 0x13, 0x22, 0x13, 0x22, 0x13, 0x22, 0x13, 0x22, 0x13, 0x22, 0x13,
    0x22, 0x13, 0x22, 0x13, 0x22, 0x13, 0x22, 0x13, 0x22, 0x13, 0x22, 0x13,
    0x22, 0x13, 0x22, 0x13, 0x22, 0x13, 0x22, 0x13, 0x22, 0x13, 0x22, 0x13,
    0x22, 0x13, 0x22, 0x13, 0x22, 0x13, 0x22, 0x13, 0x22, 0x13, 0x22, 0x13,
    0x00, 0x00, 0x00, 0x00, 0x00, 0x00, 0x00, 0x00, 0x00, 0x00, 0x00, 0x00,
    0x00, 0x00, 0x00, 0x00, 0x00, 0x00, 0x00, 0x00, 0x00, 0x00, 0x00, 0x00,
    0x00, 0x00, 0x00, 0x00, 0x00, 0x00, 0x00, 0x00, 0x00, 0x00, 0x00, 0x00,
    0x00, 0x00, 0x00, 0x00, 0x00, 0x00, 0x00, 0x00, 0x00, 0x00, 0x00, 0x00,
    0x00, 0x00, 0x00, 0x00, 0x00, 0x00, 0x00, 0x00, 0x00, 0x00, 0x00, 0x00,
    0x00, 0x00, 0x00, 0x00, 0x00, 0x00, 0x00, 0x00, 0x00, 0x00, 0x00, 0x00,
    0x00, 0x00, 0x00, 0x00, 0x00, 0x00, 0x00, 0x00, 0x00, 0x00, 0x00, 0x00,
    0x00, 0x00, 0x00, 0x00, 0x00, 0x00, 0x00, 0x00, 0x00, 0x00, 0x00, 0x00,
    0x00, 0x00, 0x00, 0x00, 0x00, 0x00, 0x00, 0x00, 0x00, 0x00, 0x00, 0x00,
    0x00, 0x00, 0x00, 0x00, 0x00, 0x00, 0x00, 0x00, 0x00, 0x00, 0x00, 0x00,
    0x00, 0x00, 0x00, 0x00, 0x00, 0x00, 0x00, 0x00, 0x00, 0x00, 0x00, 0x00,
    0x00, 0x00, 0x00, 0x00, 0x00, 0x00, 0x00, 0x00, 0x00, 0x00, 0x00, 0x00,
    0x22, 0x13, 0x22, 0x13, 0xEB, 0x7E, 0xEB, 0x7E, 0xA6, 0x35, 0xA6, 0x35,
    0xA6, 0x35, 0xA6, 0x35, 0x44, 0x24, 0x44, 0x24, 0x44, 0x24, 0x44, 0x24,
    0xA6, 0x35, 0xA6, 0x35, 0xEB, 0x7E, 0xEB, 0x7E, 0xA6, 0x35, 0xA6, 0x35,
    0x22, 0x13, 0x22, 0x13, 0x00, 0x00, 0x00, 0x00, 0x00, 0x00, 0x00, 0x00,
    0x00, 0x00, 0x00, 0x00, 0x00, 0x00, 0x00, 0x00, 0x00, 0x00, 0x00, 0x00,
    0x00, 0x00, 0x00, 0x00, 0x22, 0x13, 0x22, 0x13, 0xEB, 0x7E, 0xEB, 0x7E,
    0xA6, 0x35, 0xA6, 0x35, 0xA6, 0x35, 0xA6, 0x35, 0x44, 0x24, 0x44, 0x24,
    0x44, 0x24, 0x44, 0x24, 0xA6, 0x35, 0xA6, 0x35, 0xEB, 0x7E, 0xEB, 0x7E,
    0xA6, 0x35, 0xA6, 0x35, 0x22, 0x13, 0x22, 0x13, 0x00, 0x00, 0x00, 0x00,
    0x00, 0x00, 0x00, 0x00, 0x00, 0x00, 0x00, 0x00, 0x00, 0x00, 0x00, 0x00,
    0x00, 0x00, 0x00, 0x00, 0x00, 0x00, 0x00, 0x00, 0x22, 0x13, 0x22, 0x13,
    0xEB, 0x7E, 0xEB, 0x7E, 0xA6, 0x35, 0xA6, 0x35, 0xA6, 0x35, 0xA6, 0x35,
    0x44, 0x24, 0x44, 0x24, 0x44, 0x24, 0x44, 0x24, 0xA6, 0x35, 0xA6, 0x35,
    0xEB, 0x7E, 0xEB, 0x7E, 0xA6, 0x35, 0xA6, 0x35, 0x22, 0x13, 0x22, 0x13,
    0x00, 0x00, 0x00, 0x00, 0x00, 0x00, 0x00, 0x00, 0x00, 0x00, 0x00, 0x00,
    0x00, 0x00, 0x00, 0x00, 0x00, 0x00, 0x00, 0x00, 0x00, 0x00, 0x00, 0x00,
    0x22, 0x13, 0x22, 0x13, 0xEB, 0x7E, 0xEB, 0x7E, 0xA6, 0x35, 0xA6, 0x35,
    0xA6, 0x35, 0xA6, 0x35, 0x44, 0x24, 0x44, 0x24, 0x44, 0x24, 0x44, 0x24,
    0xA6, 0x35, 0xA6, 0x35, 0xEB, 0x7E, 0xEB, 0x7E, 0xA6, 0x35, 0xA6, 0x35,
    0x22, 0x13, 0x22, 0x13, 0x00, 0x00, 0x00, 0x00, 0x00, 0x00, 0x00, 0x00,
    0x00, 0x00, 0x00, 0x00, 0x00, 0x00, 0x00, 0x00, 0x00, 0x00, 0x00, 0x00,
    0x00, 0x00, 0x00, 0x00, 0x22, 0x13, 0x22, 0x13, 0xEB, 0x7E, 0xEB, 0x7E,
    0xA6, 0x35, 0xA6, 0x35, 0xA6, 0x35, 0xA6, 0x35, 0x44, 0x24, 0x44, 0x24,
    0x44, 0x24, 0x44, 0x24, 0xA6, 0x35, 0xA6, 0x35, 0xEB, 0x7E, 0xEB, 0x7E,
    0xA6, 0x35, 0xA6, 0x35, 0x22, 0x13, 0x22, 0x13, 0x00, 0x00, 0x00, 0x00,
    0x00, 0x00, 0x00, 0x00, 0x00, 0x00, 0x00, 0x00, 0x00, 0x00, 0x00, 0x00,
    0x00, 0x00, 0x00, 0x00, 0x00, 0x00, 0x00, 0x00, 0x22, 0x13, 0x22, 0x13,
    0xEB, 0x7E, 0xEB, 0x7E, 0xA6, 0x35, 0xA6, 0x35, 0xA6, 0x35, 0xA6, 0x35,
    0x44, 0x24, 0x44, 0x24, 0x44, 0x24, 0x44, 0x24, 0xA6, 0x35, 0xA6, 0x35,
    0xEB, 0x7E, 0xEB, 0x7E, 0xA6, 0x35, 0xA6, 0x35, 0x22, 0x13, 0x22, 0x13,
    0x00, 0x00, 0x00, 0x00, 0x00, 0x00, 0x00, 0x00, 0x00, 0x00, 0x00, 0x00,
    0x00, 0x00, 0x00, 0x00, 0x00, 0x00, 0x00, 0x00, 0x00, 0x00, 0x00, 0x00,
    0x22, 0x13, 0x22, 0x13, 0xEB, 0x7E, 0xEB, 0x7E, 0xA6, 0x35, 0xA6, 0x35,
    0xA6, 0x35, 0xA6, 0x35, 0x44, 0x24, 0x44, 0x24, 0x44, 0x24, 0x44, 0x24,
    0xA6, 0x35, 0xA6, 0x35, 0xEB, 0x7E, 0xEB, 0x7E, 0xA6, 0x35, 0xA6, 0x35,
    0x22, 0x13, 0x22, 0x13, 0x00, 0x00, 0x00, 0x00, 0x00, 0x00, 0x00, 0x00,
    0x00, 0x00, 0x00, 0x00, 0x00, 0x00, 0x00, 0x00, 0x00, 0x00, 0x00, 0x00,
    0x00, 0x00, 0x00, 0x00, 0x22, 0x13, 0x22, 0x13, 0xEB, 0x7E, 0xEB, 0x7E,
    0xA6, 0x35, 0xA6, 0x35, 0xA6, 0x35, 0xA6, 0x35, 0x44, 0x24, 0x44, 0x24,
    0x44, 0x24, 0x44, 0x24, 0xA6, 0x35, 0xA6, 0x35, 0xEB, 0x7E, 0xEB, 0x7E,
    0xA6, 0x35, 0xA6, 0x35, 0x22, 0x13, 0x22, 0x13, 0x00, 0x00, 0x00, 0x00,
    0x00, 0x00, 0x00, 0x00, 0x00, 0x00, 0x00, 0x00, 0x00, 0x00, 0x00, 0x00,
    0x00, 0x00, 0x00, 0x00, 0x00, 0x00, 0x00, 0x00, 0x22, 0x13, 0x22, 0x13,
    0xEB, 0x7E, 0xEB, 0x7E, 0xA6, 0x35, 0xA6, 0x35, 0xA6, 0x35, 0xA6, 0x35,
    0x44, 0x24, 0x44, 0x24, 0x44, 0x24, 0x44, 0x24, 0xA6, 0x35, 0xA6, 0x35,
    0xEB, 0x7E, 0xEB, 0x7E, 0xA6, 0x35, 0xA6, 0x35, 0x22, 0x13, 0x22, 0x13,
    0x00, 0x00, 0x00, 0x00, 0x00, 0x00, 0x00, 0x00, 0x00, 0x00, 0x00, 0x00,
    0x00, 0x00, 0x00, 0x00, 0x00, 0x00, 0x00, 0x00, 0x00, 0x00, 0x00, 0x00,
    0x22, 0x13, 0x22, 0x13, 0xEB, 0x7E, 0xEB, 0x7E, 0xA6, 0x35, 0xA6, 0x35,
    0xA6, 0x35, 0xA6, 0x35, 0x44, 0x24, 0x44, 0x24, 0x44, 0x24, 0x44, 0x24,
    0xA6, 0x35, 0xA6, 0x35, 0xEB, 0x7E, 0xEB, 0x7E, 0xA6, 0x35, 0xA6, 0x35,
    0x22, 0x13, 0x22, 0x13, 0x00, 0x00, 0x00, 0x00, 0x00, 0x00, 0x00, 0x00,
    0x00, 0x00, 0x00, 0x00, 0x00, 0x00, 0x00, 0x00, 0x00, 0x00, 0x00, 0x00,
    0x00, 0x00, 0x00, 0x00, 0x22, 0x13, 0x22, 0x13, 0xEB, 0x7E, 0xEB, 0x7E,
    0xA6, 0x35, 0xA6, 0x35, 0xA6, 0x35, 0xA6, 0x35, 0x44, 0x24, 0x44, 0x24,
    0x44, 0x24, 0x44, 0x24, 0xA6, 0x35, 0xA6, 0x35, 0xEB, 0x7E, 0xEB, 0x7E,
    0xA6, 0x35, 0xA6, 0x35, 0x22, 0x13, 0x22, 0x13, 0x00, 0x00, 0x00, 0x00,
    0x00, 0x00, 0x00, 0x00, 0x00, 0x00, 0x00, 0x00, 0x00, 0x00, 0x00, 0x00,
    0x00, 0x00, 0x00, 0x00, 0x00, 0x00, 0x00, 0x00, 0x22, 0x13, 0x22, 0x13,
    0xEB, 0x7E, 0xEB, 0x7E, 0xA6, 0x35, 0xA6, 0x35, 0xA6, 0x35, 0xA6, 0x35,
    0x44, 0x24, 0x44, 0x24, 0x44, 0x24, 0x44, 0x24, 0xA6, 0x35, 0xA6, 0x35,
    0xEB, 0x7E, 0xEB, 0x7E, 0xA6, 0x35, 0xA6, 0x35, 0x22, 0x13, 0x22, 0x13,
    0x00, 0x00, 0x00, 0x00, 0x00, 0x00, 0x00, 0x00, 0x00, 0x00, 0x00, 0x00,
    0x00, 0x00, 0x00, 0x00, 0x00, 0x00, 0x00, 0x00, 0x00, 0x00, 0x00, 0x00,
    0x22, 0x13, 0x22, 0x13, 0xEB, 0x7E, 0xEB, 0x7E, 0xA6, 0x35, 0xA6, 0x35,
    0xA6, 0x35, 0xA6, 0x35, 0x44, 0x24, 0x44, 0x24, 0x44, 0x24, 0x44, 0x24,
    0xA6, 0x35, 0xA6, 0x35, 0xEB, 0x7E, 0xEB, 0x7E, 0xA6, 0x35, 0xA6, 0x35,
    0x22, 0x13, 0x22, 0x13, 0x00, 0x00, 0x00, 0x00, 0x00, 0x00, 0x00, 0x00,
    0x00, 0x00, 0x00, 0x00, 0x00, 0x00, 0x00, 0x00, 0x00, 0x00, 0x00, 0x00,
    0x00, 0x00, 0x00, 0x00, 0x22, 0x13, 0x22, 0x13, 0xEB, 0x7E, 0xEB, 0x7E,
    0xA6, 0x35, 0xA6, 0x35, 0xA6, 0x35, 0xA6, 0x35, 0x44, 0x24, 0x44, 0x24,
    0x44, 0x24, 0x44, 0x24, 0xA6, 0x35, 0xA6, 0x35, 0xEB, 0x7E, 0xEB, 0x7E,
    0xA6, 0x35, 0xA6, 0x35, 0x22, 0x13, 0x22, 0x13, 0x00, 0x00, 0x00, 0x00,
    0x00, 0x00, 0x00, 0x00, 0x00, 0x00, 0x00, 0x00, 0x00, 0x00, 0x00, 0x00,
    0x00, 0x00, 0x00, 0x00, 0x00, 0x00, 0x00, 0x00, 0x22, 0x13, 0x22, 0x13,
    0xEB, 0x7E, 0xEB, 0x7E, 0xA6, 0x35, 0xA6, 0x35, 0xA6, 0x35, 0xA6, 0x35,
    0x44, 0x24, 0x44, 0x24, 0x44, 0x24, 0x44, 0x24, 0xA6, 0x35, 0xA6, 0x35,
    0xEB, 0x7E, 0xEB, 0x7E, 0xA6, 0x35, 0xA6, 0x35, 0x22, 0x13, 0x22, 0x13,
    0x00, 0x00, 0x00, 0x00, 0x00, 0x00, 0x00, 0x00, 0x00, 0x00, 0x00, 0x00,
    0x00, 0x00, 0x00, 0x00, 0x00, 0x00, 0x00, 0x00, 0x00, 0x00, 0x00, 0x00,
    0x22, 0x13, 0x22, 0x13, 0xEB, 0x7E, 0xEB, 0x7E, 0xA6, 0x35, 0xA6, 0x35,
    0xA6, 0x35, 0xA6, 0x35, 0x44, 0x24, 0x44, 0x24, 0x44, 0x24, 0x44, 0x24,
    0xA6, 0x35, 0xA6, 0x35, 0xEB, 0x7E, 0xEB, 0x7E, 0xA6, 0x35, 0xA6, 0x35,
    0x22, 0x13, 0x22, 0x13, 0x00, 0x00, 0x00, 0x00, 0x00, 0x00, 0x00, 0x00,
    0x00, 0x00, 0x00, 0x00, 0x00, 0x00, 0x00, 0x00, 0x00, 0x00, 0x00, 0x00,
    0x00, 0x00, 0x00, 0x00, 0x22, 0x13, 0x22, 0x13, 0xEB, 0x7E, 0xEB, 0x7E,
    0xA6, 0x35, 0xA6, 0x35, 0xA6, 0x35, 0xA6, 0x35, 0x44, 0x24, 0x44, 0x24,
    0x44, 0x24, 0x44, 0x24, 0xA6, 0x35, 0xA6, 0x35, 0xEB, 0x7E, 0xEB, 0x7E,
    0xA6, 0x35, 0xA6, 0x35, 0x22, 0x13, 0x22, 0x13, 0x00, 0x00, 0x00, 0x00,
    0x00, 0x00, 0x00, 0x00, 0x00, 0x00, 0x00, 0x00, 0x00, 0x00, 0x00, 0x00,
    0x00, 0x00, 0x00, 0x00, 0x00, 0x00, 0x00, 0x00, 0x22, 0x13, 0x22, 0x13,
    0xEB, 0x7E, 0xEB, 0x7E, 0xA6, 0x35, 0xA6, 0x35, 0xA6, 0x35, 0xA6, 0x35,
    0x44, 0x24, 0x44, 0x24, 0x44, 0x24, 0x44, 0x24, 0xA6, 0x35, 0xA6, 0x35,
    0xEB, 0x7E, 0xEB, 0x7E, 0xA6, 0x35, 0xA6, 0x35, 0x22, 0x13, 0x22, 0x13,
    0x00, 0x00, 0x00, 0x00, 0x00, 0x00, 0x00, 0x00, 0x00, 0x00, 0x00, 0x00,
    0x00, 0x00, 0x00, 0x00, 0x00, 0x00, 0x00, 0x00, 0x00, 0x00, 0x00, 0x00,
    0x00, 0x00, 0x00, 0x00, 0x00, 0x00, 0x00, 0x00, 0x00, 0x00, 0x00, 0x00,
    0x00, 0x00, 0x00, 0x00, 0x00, 0x00, 0x00, 0x00, 0x00, 0x00, 0x00, 0x00,
    0x00, 0x00, 0x00, 0x00, 0x00, 0x00, 0x00, 0x00, 0x00, 0x00, 0x00, 0x00,
    0x00, 0x00, 0x00, 0x00, 0x00, 0x00, 0x00, 0x00, 0x00, 0x00, 0x00, 0x00,
    0x00, 0x00, 0x00, 0x00, 0x00, 0x00, 0x00, 0x00, 0x00, 0x00, 0x00, 0x00,
    0x00, 0x00, 0x00, 0x00, 0x00, 0x00, 0x00, 0x00, 0x00, 0x00, 0x00, 0x00,
    0x00, 0x00, 0x00, 0x00, 0x00, 0x00, 0x00, 0x00, 0x00, 0x00, 0x00, 0x00,
    0x00, 0x00, 0x00, 0x00, 0x00, 0x00, 0x00, 0x00, 0x00, 0x00, 0x00, 0x00,
    0x00, 0x00, 0x00, 0x00, 0x00, 0x00, 0x00, 0x00, 0x00, 0x00, 0x00, 0x00,
    0x00, 0x00, 0x00, 0x00, 0x00, 0x00, 0x00, 0x00, 0x00, 0x00, 0x00, 0x00,
    0x22, 0x13, 0x22, 0x13, 0xEB, 0x7E, 0xEB, 0x7E, 0x44, 0x24, 0x44, 0x24,
    0x44, 0x24, 0x44, 0x24, 0x44, 0x24, 0x44, 0x24, 0x44, 0x24, 0x44, 0x24,
    0x44, 0x24, 0x44, 0x24, 0x44, 0x24, 0x44, 0x24, 0x44, 0x24, 0x44, 0x24,
    0x44, 0x24, 0x44, 0x24, 0x44, 0x24, 0x44, 0x24, 0x44, 0x24, 0x44, 0x24,
    0xA6, 0x35, 0xA6, 0x35, 0x22, 0x13, 0x22, 0x13, 0x00, 0x00, 0x00, 0x00,
    0x00, 0x00, 0x00, 0x00, 0x22, 0x13, 0x22, 0x13, 0xEB, 0x7E, 0xEB, 0x7E,
    0x44, 0x24, 0x44, 0x24, 0x44, 0x24, 0x44, 0x24, 0x44, 0x24, 0x44, 0x24,
    0x44, 0x24, 0x44, 0x24, 0x44, 0x24, 0x44, 0x24, 0x44, 0x24, 0x44, 0x24,
    0x44, 0x24, 0x44, 0x24, 0x44, 0x24, 0x44, 0x24, 0x44, 0x24, 0x44, 0x24,
    0x44, 0x24, 0x44, 0x24, 0xA6, 0x35, 0xA6, 0x35, 0x22, 0x13, 0x22, 0x13,
    0x00, 0x00, 0x00, 0x00, 0x00, 0x00, 0x00, 0x00, 0x22, 0x13, 0x22, 0x13,
    0xEB, 0x7E, 0xEB, 0x7E, 0x44, 0x24, 0x44, 0x24, 0x44, 0x24, 0x44, 0x24,
    0x44, 0x24, 0x44, 0x24, 0x44, 0x24, 0x44, 0x24, 0x44, 0x24, 0x44, 0x24,
    0x44, 0x24, 0x44, 0x24, 0x44, 0x24, 0x44, 0x24, 0x44, 0x24, 0x44, 0x24,
    0x44, 0x24, 0x44, 0x24, 0x44, 0x24, 0x44, 0x24, 0xA6, 0x35, 0xA6, 0x35,
    0x22, 0x13, 0x22, 0x13, 0x00, 0x00, 0x00, 0x00, 0x00, 0x00, 0x00, 0x00,
    0x22, 0x13, 0x22, 0x13, 0xEB, 0x7E, 0xEB, 0x7E, 0x44, 0x24, 0x44, 0x24,
    0x44, 0x24, 0x44, 0x24, 0x44, 0x24, 0x44, 0x24, 0x44, 0x24, 0x44, 0x24,
    0x44, 0x24, 0x44, 0x24, 0x44, 0x24, 0x44, 0x24, 0x44, 0x24, 0x44, 0x24,
    0x44, 0x24, 0x44, 0x24, 0x44, 0x24, 0x44, 0x24, 0x44, 0x24, 0x44, 0x24,
    0xA6, 0x35, 0xA6, 0x35, 0x22, 0x13, 0x22, 0x13, 0x00, 0x00, 0x00, 0x00,
    0x00, 0x00, 0x00, 0x00, 0x22, 0x13, 0x22, 0x13, 0xEB, 0x7E, 0xEB, 0x7E,
    0x44, 0x24, 0x44, 0x24, 0x44, 0x24, 0x44, 0x24, 0x44, 0x24, 0x44, 0x24,
    0x44, 0x24, 0x44, 0x24, 0x44, 0x24, 0x44, 0x24, 0x44, 0x24, 0x44, 0x24,
    0x44, 0x24, 0x44, 0x24, 0x44, 0x24, 0x44, 0x24, 0x44, 0x24, 0x44, 0x24,
    0x44, 0x24, 0x44, 0x24, 0xA6, 0x35, 0xA6, 0x35, 0x22, 0x13, 0x22, 0x13,
    0x00, 0x00, 0x00, 0x00, 0x00, 0x00, 0x00, 0x00, 0x22, 0x13, 0x22, 0x13,
    0xEB, 0x7E, 0xEB, 0x7E, 0x44, 0x24, 0x44, 0x24, 0x44, 0x24, 0x44, 0x24,
    0x44, 0x24, 0x44, 0x24, 0x44, 0x24, 0x44, 0x24, 0x44, 0x24, 0x44, 0x24,
    0x44, 0x24, 0x44, 0x24, 0x44, 0x24, 0x44, 0x24, 0x44, 0x24, 0x44, 0x24,
    0x44, 0x24, 0x44, 0x24, 0x44, 0x24, 0x44, 0x24, 0xA6, 0x35, 0xA6, 0x35,
    0x22, 0x13, 0x22, 0x13, 0x00, 0x00, 0x00, 0x00, 0x00, 0x00, 0x00, 0x00,
    0x22, 0x13, 0x22, 0x13, 0xEB, 0x7E, 0xEB, 0x7E, 0x44, 0x24, 0x44, 0x24,
    0x44, 0x24, 0x44, 0x24, 0x44, 0x24, 0x44, 0x24, 0x44, 0x24, 0x44, 0x24,
    0x44, 0x24, 0x44, 0x24, 0x44, 0x24, 0x44, 0x24, 0x44, 0x24, 0x44, 0x24,
    0x44, 0x24, 0x44, 0x24, 0x44, 0x24, 0x44, 0x24, 0x44, 0x24, 0x44, 0x24,
    0xA6, 0x35, 0xA6, 0x35, 0x22, 0x13, 0x22, 0x13, 0x00, 0x00, 0x00, 0x00,
    0x00, 0x00, 0x00, 0x00, 0x22, 0x13, 0x22, 0x13, 0xEB, 0x7E, 0xEB, 0x7E,
    0x44, 0x24, 0x44, 0x24, 0x44, 0x24, 0x44, 0x24, 0x44, 0x24, 0x44, 0x24,
    0x44, 0x24, 0x44, 0x24, 0x44, 0x24, 0x44, 0x24, 0x44, 0x24, 0x44, 0x24,
    0x44, 0x24, 0x44, 0x24, 0x44, 0x24, 0x44, 0x24, 0x44, 0x24, 0x44, 0x24,
    0x44, 0x24, 0x44, 0x24, 0xA6, 0x35, 0xA6, 0x35, 0x22, 0x13, 0x22, 0x13,
    0x00, 0x00, 0x00, 0x00, 0x00, 0x00, 0x00, 0x00, 0x22, 0x13, 0x22, 0x13,
    0x22, 0x13, 0x22, 0x13, 0x22, 0x13, 0x22, 0x13, 0x22, 0x13, 0x22, 0x13,
    0x22, 0x13, 0x22, 0x13, 0x22, 0x13, 0x22, 0x13, 0x22, 0x13, 0x22, 0x13,
    0x22, 0x13, 0x22, 0x13, 0x22, 0x13, 0x22, 0x13, 0x22, 0x13, 0x22, 0x13,
    0x22, 0x13, 0x22, 0x13, 0x22, 0x13, 0x22, 0x13, 0x22, 0x13, 0x22, 0x13,
    0x22, 0x13, 0x22, 0x13, 0x00, 0x00, 0x00, 0x00, 0x00, 0x00, 0x00, 0x00,
    0x22, 0x13, 0x22, 0x13, 0x22, 0x13, 0x22, 0x13, 0x22, 0x13, 0x22, 0x13,
    0x22, 0x13, 0x22, 0x13, 0x22, 0x13, 0x22, 0x13, 0x22, 0x13, 0x22, 0x13,
    0x22, 0x13, 0x22, 0x13, 0x22, 0x13, 0x22, 0x13, 0x22, 0x13, 0x22, 0x13,
    0x22, 0x13, 0x22, 0x13, 0x22, 0x13, 0x22, 0x13, 0x22, 0x13, 0x22, 0x13,
    0x22, 0x13, 0x22, 0x13, 0x22, 0x13, 0x22, 0x13, 0x00, 0x00, 0x00, 0x00,
    0x00, 0x00, 0x00, 0x00, 0x00, 0x00, 0x00, 0x00, 0x00, 0x00, 0x00, 0x00,
    0x00, 0x00, 0x00, 0x00, 0x00, 0x00, 0x00, 0x00, 0x00, 0x00, 0x00, 0x00,
    0x00, 0x00, 0x00, 0x00, 0x00, 0x00, 0x00, 0x00, 0x00, 0x00, 0x00, 0x00,
    0x00, 0x00, 0x00, 0x00, 0x00, 0x00, 0x00, 0x00, 0x00, 0x00, 0x00, 0x00,
    0x00, 0x00, 0x00, 0x00, 0x00, 0x00, 0x00, 0x00, 0x00, 0x00, 0x00, 0x00,
    0x00, 0x00, 0x00, 0x00, 0x00, 0x00, 0x00, 0x00, 0x00, 0x00, 0x00, 0x00,
    0x00, 0x00, 0x00, 0x00, 0x00, 0x00, 0x00, 0x00, 0x00, 0x00, 0x00, 0x00,
    0x00, 0x00, 0x00, 0x00, 0x00, 0x00, 0x00, 0x00, 0x00, 0x00, 0x00, 0x00,
    0x00, 0x00, 0x00, 0x00, 0x00, 0x00, 0x00, 0x00, 0x00, 0x00, 0x00, 0x00,
    0x00, 0x00, 0x00, 0x00, 0x00, 0x00, 0x00, 0x00, 0x00, 0x00, 0x00, 0x00,
    0x00, 0x00, 0x00, 0x00, 0x00, 0x00, 0x00, 0x00, 0x00, 0x00, 0x00, 0x00,
    0x00, 0x00, 0x00, 0x00, 0x00, 0x00, 0x00, 0x00, 0x22, 0x13, 0x22, 0x13,
    0xEB, 0x7E, 0xEB, 0x7E, 0xA6, 0x35, 0xA6, 0x35, 0xA6, 0x35, 0xA6, 0x35,
    0x44, 0x24, 0x44, 0x24, 0x44, 0x24, 0x44, 0x24, 0xA6, 0x35, 0xA6, 0x35,
    0xEB, 0x7E, 0xEB, 0x7E, 0xA6, 0x35, 0xA6, 0x35, 0x22, 0x13, 0x22, 0x13,
    0x00, 0x00, 0x00, 0x00, 0x00, 0x00, 0x00, 0x00, 0x00, 0x00, 0x00, 0x00,
    0x00, 0x00, 0x00, 0x00, 0x00, 0x00, 0x00, 0x00, 0x00, 0x00, 0x00, 0x00,
    0x22, 0x13, 0x22, 0x13, 0xEB, 0x7E, 0xEB, 0x7E, 0xA6, 0x35, 0xA6, 0x35,
    0xA6, 0x35, 0xA6, 0x35, 0x44, 0x24, 0x44, 0x24, 0x44, 0x24, 0x44, 0x24,
    0xA6, 0x35, 0xA6, 0x35, 0xEB, 0x7E, 0xEB, 0x7E, 0xA6, 0x35, 0xA6, 0x35,
    0x22, 0x13, 0x22, 0x13, 0x00, 0x00, 0x00, 0x00, 0x00, 0x00, 0x00, 0x00,
    0x00, 0x00, 0x00, 0x00, 0x00, 0x00, 0x00, 0x00, 0x00, 0x00, 0x00, 0x00,
    0x00, 0x00, 0x00, 0x00, 0x22, 0x13, 0x22, 0x13, 0xEB, 0x7E, 0xEB, 0x7E,
    0xA6, 0x35, 0xA6, 0x35, 0xA6, 0x35, 0xA6, 0x35, 0x44, 0x24, 0x44, 0x24,
    0x44, 0x24, 0x44, 0x24, 0xA6, 0x35, 0xA6, 0x35, 0xEB, 0x7E, 0xEB, 0x7E,
    0xA6, 0x35, 0xA6, 0x35, 0x22, 0x13, 0x22, 0x13, 0x00, 0x00, 0x00, 0x00,
    0x00, 0x00, 0x00, 0x00, 0x00, 0x00, 0x00, 0x00, 0x00, 0x00, 0x00, 0x00,
    0x00, 0x00, 0x00, 0x00, 0x00, 0x00, 0x00, 0x00, 0x22, 0x13, 0x22, 0x13,
    0xEB, 0x7E, 0xEB, 0x7E, 0xA6, 0x35, 0xA6, 0x35, 0xA6, 0x35, 0xA6, 0x35,
    0x44, 0x24, 0x44, 0x24, 0x44, 0x24, 0x44, 0x24, 0xA6, 0x35, 0xA6, 0x35,
    0xEB, 0x7E, 0xEB, 0x7E, 0xA6, 0x35, 0xA6, 0x35, 0x22, 0x13, 0x22, 0x13,
    0x00, 0x00, 0x00, 0x00, 0x00, 0x00, 0x00, 0x00, 0x00, 0x00, 0x00, 0x00,
    0x00, 0x00, 0x00, 0x00, 0x00, 0x00, 0x00, 0x00, 0x00, 0x00, 0x00, 0x00,
    0x22, 0x13, 0x22, 0x13, 0xEB, 0x7E, 0xEB, 0x7E, 0xA6, 0x35, 0xA6, 0x35,
    0xA6, 0x35, 0xA6, 0x35, 0x44, 0x24, 0x44, 0x24, 0x44, 0x24, 0x44, 0x24,
    0xA6, 0x35, 0xA6, 0x35, 0xEB, 0x7E, 0xEB, 0x7E, 0xA6, 0x35, 0xA6, 0x35,
    0x22, 0x13, 0x22, 0x13, 0x00, 0x00, 0x00, 0x00, 0x00, 0x00, 0x00, 0x00,
    0x00, 0x00, 0x00, 0x00, 0x00, 0x00, 0x00, 0x00, 0x00, 0x00, 0x00, 0x00,
    0x00, 0x00, 0x00, 0x00, 0x22, 0x13, 0x22, 0x13, 0xEB, 0x7E, 0xEB, 0x7E,
    0xA6, 0x35, 0xA6, 0x35, 0xA6, 0x35, 0xA6, 0x35, 0x44, 0x24, 0x44, 0x24,
    0x44, 0x24, 0x44, 0x24, 0xA6, 0x35, 0xA6, 0x35, 0xEB, 0x7E, 0xEB, 0x7E,
    0xA6, 0x35, 0xA6, 0x35, 0x22, 0x13, 0x22, 0x13, 0x00, 0x00, 0x00, 0x00,
    0x00, 0x00, 0x00, 0x00, 0x00, 0x00, 0x00, 0x00, 0x00, 0x00, 0x00, 0x00,
    0x00, 0x00, 0x00, 0x00, 0x00, 0x00, 0x00, 0x00, 0x22, 0x13, 0x22, 0x13,
    0xEB, 0x7E, 0xEB, 0x7E, 0xA6, 0x35, 0xA6, 0x35, 0xA6, 0x35, 0xA6, 0x35,
    0x44, 0x24, 0x44, 0x24, 0x44, 0x24, 0x44, 0x24, 0xA6, 0x35, 0xA6, 0x35,
    0xEB, 0x7E, 0xEB, 0x7E, 0xA6, 0x35, 0xA6, 0x35, 0x22, 0x13, 0x22, 0x13,
    0x00, 0x00, 0x00, 0x00, 0x00, 0x00, 0x00, 0x00, 0x00, 0x00, 0x00, 0x00,
    0x00, 0x00, 0x00, 0x00, 0x00, 0x00, 0x00, 0x00, 0x00, 0x00, 0x00, 0x00,
    0x22, 0x13, 0x22, 0x13, 0xEB, 0x7E, 0xEB, 0x7E, 0xA6, 0x35, 0xA6, 0x35,
    0xA6, 0x35, 0xA6, 0x35, 0x44, 0x24, 0x44, 0x24, 0x44, 0x24, 0x44, 0x24,
    0xA6, 0x35, 0xA6, 0x35, 0xEB, 0x7E, 0xEB, 0x7E, 0xA6, 0x35, 0xA6, 0x35,
    0x22, 0x13, 0x22, 0x13, 0x00, 0x00, 0x00, 0x00, 0x00, 0x00, 0x00, 0x00,
    0x00, 0x00, 0x00, 0x00, 0x00, 0x00, 0x00, 0x00, 0x00, 0x00, 0x00, 0x00,
    0x00, 0x00, 0x00, 0x00, 0x22, 0x13, 0x22, 0x13, 0xEB, 0x7E, 0xEB, 0x7E,
    0xA6, 0x35, 0xA6, 0x35, 0xA6, 0x35, 0xA6, 0x35, 0x44, 0x24, 0x44, 0x24,
    0x44, 0x24, 0x44, 0x24, 0xA6, 0x35, 0xA6, 0x35, 0xEB, 0x7E, 0xEB, 0x7E,
    0xA6, 0x35, 0xA6, 0x35, 0x22, 0x13, 0x22, 0x13, 0x00, 0x00, 0x00, 0x00,
    0x00, 0x00, 0x00, 0x00, 0x00, 0x00, 0x00, 0x00, 0x00, 0x00, 0x00, 0x00,
    0x00, 0x00, 0x00, 0x00, 0x00, 0x00, 0x00, 0x00, 0x22, 0x13, 0x22, 0x13,
    0xEB, 0x7E, 0xEB, 0x7E, 0xA6, 0x35, 0xA6, 0x35, 0xA6, 0x35, 0xA6, 0x35,
    0x44, 0x24, 0x44, 0x24, 0x44, 0x24, 0x44, 0x24, 0xA6, 0x35, 0xA6, 0x35,
    0xEB, 0x7E, 0xEB, 0x7E, 0xA6, 0x35, 0xA6, 0x35, 0x22, 0x13, 0x22, 0x13,
    0x00, 0x00, 0x00, 0x00, 0x00, 0x00, 0x00, 0x00, 0x00, 0x00, 0x00, 0x00,
    0x00, 0x00, 0x00, 0x00, 0x00, 0x00, 0x00, 0x00, 0x00, 0x00, 0x00, 0x00,
    0x22, 0x13, 0x22, 0x13, 0xEB, 0x7E, 0xEB, 0x7E, 0xA6, 0x35, 0xA6, 0x35,
    0xA6, 0x35, 0xA6, 0x35, 0x44, 0x24, 0x44, 0x24, 0x44, 0x24, 0x44, 0x24,
    0xA6, 0x35, 0xA6, 0x35, 0xEB, 0x7E, 0xEB, 0x7E, 0xA6, 0x35, 0xA6, 0x35,
    0x22, 0x13, 0x22, 0x13, 0x00, 0x00, 0x00, 0x00, 0x00, 0x00, 0x00, 0x00,
    0x00, 0x00, 0x00, 0x00, 0x00, 0x00, 0x00, 0x00, 0x00, 0x00, 0x00, 0x00,
    0x00, 0x00, 0x00, 0x00, 0x22, 0x13, 0x22, 0x13, 0xEB, 0x7E, 0xEB, 0x7E,
    0xA6, 0x35, 0xA6, 0x35, 0xA6, 0x35, 0xA6, 0x35, 0x44, 0x24, 0x44, 0x24,
    0x44, 0x24, 0x44, 0x24, 0xA6, 0x35, 0xA6, 0x35, 0xEB, 0x7E, 0xEB, 0x7E,
    0xA6, 0x35, 0xA6, 0x35, 0x22, 0x13, 0x22, 0x13, 0x00, 0x00, 0x00, 0x00,
    0x00, 0x00, 0x00, 0x00, 0x00, 0x00, 0x00, 0x00, 0x00, 0x00, 0x00, 0x00,
    0x00, 0x00, 0x00, 0x00, 0x00, 0x00, 0x00, 0x00, 0x22, 0x13, 0x22, 0x13,
    0xEB, 0x7E, 0xEB, 0x7E, 0xA6, 0x35, 0xA6, 0x35, 0xA6, 0x35, 0xA6, 0x35,
    0x44, 0x24, 0x44, 0x24, 0x44, 0x24, 0x44, 0x24, 0xA6, 0x35, 0xA6, 0x35,
    0xEB, 0x7E, 0xEB, 0x7E, 0xA6, 0x35, 0xA6, 0x35, 0x22, 0x13, 0x22, 0x13,
    0x00, 0x00, 0x00, 0x00, 0x00, 0x00, 0x00, 0x00, 0x00, 0x00, 0x00, 0x00,
    0x00, 0x00, 0x00, 0x00, 0x00, 0x00, 0x00, 0x00, 0x00, 0x00, 0x00, 0x00,
    0x22, 0x13, 0x22, 0x13, 0xEB, 0x7E, 0xEB, 0x7E, 0xA6, 0x35, 0xA6, 0x35,
    0xA6, 0x35, 0xA6, 0x35, 0x44, 0x24, 0x44, 0x24, 0x44, 0x24, 0x44, 0x24,
    0xA6, 0x35, 0xA6, 0x35, 0xEB, 0x7E, 0xEB, 0x7E, 0xA6, 0x35, 0xA6, 0x35,
    0x22, 0x13, 0x22, 0x13, 0x00, 0x00, 0x00, 0x00, 0x00, 0x00, 0x00, 0x00,
    0x00, 0x00, 0x00, 0x00, 0x00, 0x00, 0x00, 0x00, 0x00, 0x00, 0x00, 0x00,
    0x00, 0x00, 0x00, 0x00, 0x22, 0x13, 0x22, 0x13, 0xEB, 0x7E, 0xEB, 0x7E,
    0xA6, 0x35, 0xA6, 0x35, 0xA6, 0x35, 0xA6, 0x35, 0x44, 0x24, 0x44, 0x24,
    0x44, 0x24, 0x44, 0x24, 0xA6, 0x35, 0xA6, 0x35, 0xEB, 0x7E, 0xEB, 0x7E,
    0xA6, 0x35, 0xA6, 0x35, 0x22, 0x13, 0x22, 0x13, 0x00, 0x00, 0x00, 0x00,
    0x00, 0x00, 0x00, 0x00, 0x00, 0x00, 0x00, 0x00, 0x00, 0x00, 0x00, 0x00,
    0x00, 0x00, 0x00, 0x00, 0x00, 0x00, 0x00, 0x00, 0x22, 0x13, 0x22, 0x13,
    0xEB, 0x7E, 0xEB, 0x7E, 0xA6, 0x35, 0xA6, 0x35, 0xA6, 0x35, 0xA6, 0x35,
    0x44, 0x24, 0x44, 0x24, 0x44, 0x24, 0x44, 0x24, 0xA6, 0x35, 0xA6, 0x35,
    0xEB, 0x7E, 0xEB, 0x7E, 0xA6, 0x35, 0xA6, 0x35, 0x22, 0x13, 0x22, 0x13,
    0x00, 0x00, 0x00, 0x00, 0x00, 0x00, 0x00, 0x00, 0x00, 0x00, 0x00, 0x00,
    0x00, 0x00, 0x00, 0x00, 0x00, 0x00, 0x00, 0x00, 0x00, 0x00, 0x00, 0x00,
    0x22, 0x13, 0x22, 0x13, 0xEB, 0x7E, 0xEB, 0x7E, 0xA6, 0x35, 0xA6, 0x35,
    0xA6, 0x35, 0xA6, 0x35, 0x44, 0x24, 0x44, 0x24, 0x44, 0x24, 0x44, 0x24,
    0xA6, 0x35, 0xA6, 0x35, 0xEB, 0x7E, 0xEB, 0x7E, 0xA6, 0x35, 0xA6, 0x35,
    0x22, 0x13, 0x22, 0x13, 0x00, 0x00, 0x00, 0x00, 0x00, 0x00, 0x00, 0x00,
    0x00, 0x00, 0x00, 0x00, 0x00, 0x00, 0x00, 0x00, 0x00, 0x00, 0x00, 0x00,
    0x00, 0x00, 0x00, 0x00, 0x22, 0x13, 0x22, 0x13, 0xEB, 0x7E, 0xEB, 0x7E,
    0xA6, 0x35, 0xA6, 0x35, 0xA6, 0x35, 0xA6, 0x35, 0x44, 0x24, 0x44, 0x24,
    0x44, 0x24, 0x44, 0x24, 0xA6, 0x35, 0xA6, 0x35, 0xEB, 0x7E, 0xEB, 0x7E,
    0xA6, 0x35, 0xA6, 0x35, 0x22, 0x13, 0x22, 0x13, 0x00, 0x00, 0x00, 0x00,
    0x00, 0x00, 0x00, 0x00, 0x00, 0x00, 0x00, 0x00, 0x00, 0x00, 0x00, 0x00,
    0x00, 0x00, 0x00, 0x00, 0x00, 0x00, 0x00, 0x00, 0x00, 0x00, 0x00, 0x00,
    0x00, 0x00, 0x00, 0x00, 0x00, 0x00, 0x00, 0x00, 0x00, 0x00, 0x00, 0x00,
    0x00, 0x00, 0x00, 0x00, 0x00, 0x00, 0x00, 0x00, 0x00, 0x00, 0x00, 0x00,
    0x00, 0x00, 0x00, 0x00, 0x00, 0x00, 0x00, 0x00, 0x00, 0x00, 0x00, 0x00,
    0x00, 0x00, 0x00, 0x00, 0x00, 0x00, 0x00, 0x00, 0x00, 0x00, 0x00, 0x00,
    0x00, 0x00, 0x00, 0x00, 0x00, 0x00, 0x00, 0x00, 0x00, 0x00, 0x00, 0x00,
    0x00, 0x00, 0x00, 0x00, 0x00, 0x00, 0x00, 0x00, 0x00, 0x00, 0x00, 0x00,
    0x00, 0x00, 0x00, 0x00, 0x00, 0x00, 0x00, 0x00, 0x00, 0x00, 0x00, 0x00,
    0x00, 0x00, 0x00, 0x00, 0x00, 0x00, 0x00, 0x00, 0x00, 0x00, 0x00, 0x00,
    0x00, 0x00, 0x00, 0x00, 0x00, 0x00, 0x00, 0x00, 0x00, 0x00, 0x00, 0x00,
    0x00, 0x00, 0x00, 0x00, 0x00, 0x00, 0x00, 0x00, 0x22, 0x13, 0x22, 0x13,
    0xEB, 0x7E, 0xEB, 0x7E, 0x44, 0x24, 0x44, 0x24, 0x44, 0x24, 0x44, 0x24,
    0x44, 0x24, 0x44, 0x24, 0x44, 0x24, 0x44, 0x24, 0x44, 0x24, 0x44, 0x24,
    0x44, 0x24, 0x44, 0x24, 0x44, 0x24, 0x44, 0x24, 0x44, 0x24, 0x44, 0x24,
    0x44, 0x24, 0x44, 0x24, 0x44, 0x24, 0x44, 0x24, 0xA6, 0x35, 0xA6, 0x35,
    0x22, 0x13, 0x22, 0x13, 0x00, 0x00, 0x00, 0x00, 0x00, 0x00, 0x00, 0x00,
    0x22, 0x13, 0x22, 0x13, 0xEB, 0x7E, 0xEB, 0x7E, 0x44, 0x24, 0x44, 0x24,
    0x44, 0x24, 0x44, 0x24, 0x44, 0x24, 0x44, 0x24, 0x44, 0x24, 0x44, 0x24,
    0x44, 0x24, 0x44, 0x24, 0x44, 0x24, 0x44, 0x24, 0x44, 0x24, 0x44, 0x24,
    0x44, 0x24, 0x44, 0x24, 0x44, 0x24, 0x44, 0x24, 0x44, 0x24, 0x44, 0x24,
    0xA6, 0x35, 0xA6, 0x35, 0x22, 0x13, 0x22, 0x13, 0x00, 0x00, 0x00, 0x00,
    0x00, 0x00, 0x00, 0x00, 0x22, 0x13, 0x22, 0x13, 0xEB, 0x7E, 0xEB, 0x7E,
    0x44, 0x24, 0x44, 0x24, 0x44, 0x24, 0x44, 0x24, 0x44, 0x24, 0x44, 0x24,
    0x44, 0x24, 0x44, 0x24, 0x44, 0x24, 0x44, 0x24, 0x44, 0x24, 0x44, 0x24,
    0x44, 0x24, 0x44, 0x24, 0x44, 0x24, 0x44, 0x24, 0x44, 0x24, 0x44, 0x24,
    0x44, 0x24, 0x44, 0x24, 0xA6, 0x35, 0xA6, 0x35, 0x22, 0x13, 0x22, 0x13,
    0x00, 0x00, 0x00, 0x00, 0x00, 0x00, 0x00, 0x00, 0x22, 0x13, 0x22, 0x13,
    0xEB, 0x7E, 0xEB, 0x7E, 0x44, 0x24, 0x44, 0x24, 0x44, 0x24, 0x44, 0x24,
    0x44, 0x24, 0x44, 0x24, 0x44, 0x24, 0x44, 0x24, 0x44, 0x24, 0x44, 0x24,
    0x44, 0x24, 0x44, 0x24, 0x44, 0x24, 0x44, 0x24, 0x44, 0x24, 0x44, 0x24,
    0x44, 0x24, 0x44, 0x24, 0x44, 0x24, 0x44, 0x24, 0xA6, 0x35, 0xA6, 0x35,
    0x22, 0x13, 0x22, 0x13, 0x00, 0x00, 0x00, 0x00, 0x00, 0x00, 0x00, 0x00,
    0x22, 0x13, 0x22, 0x13, 0xEB, 0x7E, 0xEB, 0x7E, 0x44, 0x24, 0x44, 0x24,
    0x44, 0x24, 0x44, 0x24, 0x44, 0x24, 0x44, 0x24, 0x44, 0x24, 0x44, 0x24,
    0x44, 0x24, 0x44, 0x24, 0x44, 0x24, 0x44, 0x24, 0x44, 0x24, 0x44, 0x24,
    0x44, 0x24, 0x44, 0x24, 0x44, 0x24, 0x44, 0x24, 0x44, 0x24, 0x44, 0x24,
    0xA6, 0x35, 0xA6, 0x35, 0x22, 0x13, 0x22, 0x13, 0x00, 0x00, 0x00, 0x00,
    0x00, 0x00, 0x00, 0x00, 0x22, 0x13, 0x22, 0x13, 0xEB, 0x7E, 0xEB, 0x7E,
    0x44, 0x24, 0x44, 0x24, 0x44, 0x24, 0x44, 0x24, 0x44, 0x24, 0x44, 0x24,
    0x44, 0x24, 0x44, 0x24, 0x44, 0x24, 0x44, 0x24, 0x44, 0x24, 0x44, 0x24,
    0x44, 0x24, 0x44, 0x24, 0x44, 0x24, 0x44, 0x24, 0x44, 0x24, 0x44, 0x24,
    0x44, 0x24, 0x44, 0x24, 0xA6, 0x35, 0xA6, 0x35, 0x22, 0x13, 0x22, 0x13,
    0x00, 0x00, 0x00, 0x00, 0x00, 0x00, 0x00, 0x00, 0x22, 0x13, 0x22, 0x13,
    0xEB, 0x7E, 0xEB, 0x7E, 0x44, 0x24, 0x44, 0x24, 0x44, 0x24, 0x44, 0x24,
    0x44, 0x24, 0x44, 0x24, 0x44, 0x24, 0x44, 0x24, 0x44, 0x24, 0x44, 0x24,
    0x44, 0x24, 0x44, 0x24, 0x44, 0x24, 0x44, 0x24, 0x44, 0x24, 0x44, 0x24,
    0x44, 0x24, 0x44, 0x24, 0x44, 0x24, 0x44, 0x24, 0xA6, 0x35, 0xA6, 0x35,
    0x22, 0x13, 0x22, 0x13, 0x00, 0x00, 0x00, 0x00, 0x00, 0x00, 0x00, 0x00,
    0x22, 0x13, 0x22, 0x13, 0xEB, 0x7E, 0xEB, 0x7E, 0x44, 0x24, 0x44, 0x24,
    0x44, 0x24, 0x44, 0x24, 0x44, 0x24, 0x44, 0x24, 0x44, 0x24, 0x44, 0x24,
    0x44, 0x24, 0x44, 0x24, 0x44, 0x24, 0x44, 0x24, 0x44, 0x24, 0x44, 0x24,
    0x44, 0x24, 0x44, 0x24, 0x44, 0x24, 0x44, 0x24, 0x44, 0x24, 0x44, 0x24,
    0xA6, 0x35, 0xA6, 0x35, 0x22, 0x13, 0x22, 0x13, 0x00, 0x00, 0x00, 0x00,
    0x00, 0x00, 0x00, 0x00, 0x22, 0x13, 0x22, 0x13, 0x22, 0x13, 0x22, 0x13,
    0x22, 0x13, 0x22, 0x13, 0x22, 0x13, 0x22, 0x13, 0x22, 0x13, 0x22, 0x13,
    0x22, 0x13, 0x22, 0x13, 0x22, 0x13, 0x22, 0x13, 0x22, 0x13, 0x22, 0x13,
    0x22, 0x13, 0x22, 0x13, 0x22, 0x13, 0x22, 0x13, 0x22, 0x13, 0x22, 0x13,
    0x22, 0x13, 0x22, 0x13, 0x22, 0x13, 0x22, 0x13, 0x22, 0x13, 0x22, 0x13,
    0x00, 0x00, 0x00, 0x00, 0x00, 0x00, 0x00, 0x00, 0x22, 0x13, 0x22, 0x13,
    0x22, 0x13, 0x22, 0x13, 0x22, 0x13, 0x22, 0x13, 0x22, 0x13, 0x22, 0x13,
    0x22, 0x13, 0x22, 0x13, 0x22, 0x13, 0x22, 0x13, 0x22, 0x13, 0x22, 0x13,
    0x22, 0x13, 0x22, 0x13, 0x22, 0x13, 0x22, 0x13, 0x22, 0x13, 0x22, 0x13,
    0x22, 0x13, 0x22, 0x13, 0x22, 0x13, 0x22, 0x13, 0x22, 0x13, 0x22, 0x13,
    0x22, 0x13, 0x22, 0x13, 0x00, 0x00, 0x00, 0x00, 0x00, 0x00, 0x00, 0x00,
    0x00, 0x00, 0x00, 0x00, 0x00, 0x00, 0x00, 0x00, 0x00, 0x00, 0x00, 0x00,
    0x00, 0x00, 0x00, 0x00, 0x00, 0x00, 0x00, 0x00, 0x00, 0x00, 0x00, 0x00,
    0x00, 0x00, 0x00, 0x00, 0x00, 0x00, 0x00, 0x00, 0x00, 0x00, 0x00, 0x00,
    0x00, 0x00, 0x00, 0x00, 0x00, 0x00, 0x00, 0x00, 0x00, 0x00, 0x00, 0x00,
    0x00, 0x00, 0x00, 0x00, 0x00, 0x00, 0x00, 0x00, 0x00, 0x00, 0x00, 0x00,
    0x00, 0x00, 0x00, 0x00, 0x00, 0x00, 0x00, 0x00, 0x00, 0x00, 0x00, 0x00,
    0x00, 0x00, 0x00, 0x00, 0x00, 0x00, 0x00, 0x00, 0x00, 0x00, 0x00, 0x00,
    0x00, 0x00, 0x00, 0x00, 0x00, 0x00, 0x00, 0x00, 0x00, 0x00, 0x00, 0x00,
    0x00, 0x00, 0x00, 0x00, 0x00, 0x00, 0x00, 0x00, 0x00, 0x00, 0x00, 0x00,
    0x00, 0x00, 0x00, 0x00, 0x00, 0x00, 0x00, 0x00, 0x00, 0x00, 0x00, 0x00,
    0x00, 0x00, 0x00, 0x00, 0x00, 0x00, 0x00, 0x00, 0x00, 0x00, 0x00, 0x00,
    0x00, 0x00, 0x00, 0x00, 0x22, 0x13, 0x22, 0x13, 0xEB, 0x7E, 0xEB, 0x7E,
    0xA6, 0x35, 0xA6, 0x35, 0xA6, 0x35, 0xA6, 0x35, 0x44, 0x24, 0x44, 0x24,
    0x44, 0x24, 0x44, 0x24, 0xA6, 0x35, 0xA6, 0x35, 0xEB, 0x7E, 0xEB, 0x7E,
    0xA6, 0x35, 0xA6, 0x35, 0x22, 0x13, 0x22, 0x13, 0x00, 0x00, 0x00, 0x00,
    0x00, 0x00, 0x00, 0x00, 0x00, 0x00, 0x00, 0x00, 0x00, 0x00, 0x00, 0x00,
    0x00, 0x00, 0x00, 0x00, 0x00, 0x00, 0x00, 0x00, 0x22, 0x13, 0x22, 0x13,
    0xEB, 0x7E, 0xEB, 0x7E, 0xA6, 0x35, 0xA6, 0x35, 0xA6, 0x35, 0xA6, 0x35,
    0x44, 0x24, 0x44, 0x24, 0x44, 0x24, 0x44, 0x24, 0xA6, 0x35, 0xA6, 0x35,
    0xEB, 0x7E, 0xEB, 0x7E, 0xA6, 0x35, 0xA6, 0x35, 0x22, 0x13, 0x22, 0x13,
    0x00, 0x00, 0x00, 0x00, 0x00, 0x00, 0x00, 0x00, 0x00, 0x00, 0x00, 0x00,
    0x00, 0x00, 0x00, 0x00, 0x00, 0x00, 0x00, 0x00, 0x00, 0x00, 0x00, 0x00,
    0x22, 0x13, 0x22, 0x13, 0xEB, 0x7E, 0xEB, 0x7E, 0xA6, 0x35, 0xA6, 0x35,
    0xA6, 0x35, 0xA6, 0x35, 0x44, 0x24, 0x44, 0x24, 0x44, 0x24, 0x44, 0x24,
    0xA6, 0x35, 0xA6, 0x35, 0xEB, 0x7E, 0xEB, 0x7E, 0xA6, 0x35, 0xA6, 0x35,
    0x22, 0x13, 0x22, 0x13, 0x00, 0x00, 0x00, 0x00, 0x00, 0x00, 0x00, 0x00,
    0x00, 0x00, 0x00, 0x00, 0x00, 0x00, 0x00, 0x00, 0x00, 0x00, 0x00, 0x00,
    0x00, 0x00, 0x00, 0x00, 0x22, 0x13, 0x22, 0x13, 0xEB, 0x7E, 0xEB, 0x7E,
    0xA6, 0x35, 0xA6, 0x35, 0xA6, 0x35, 0xA6, 0x35, 0x44, 0x24, 0x44, 0x24,
    0x44, 0x24, 0x44, 0x24, 0xA6, 0x35, 0xA6, 0x35, 0xEB, 0x7E, 0xEB, 0x7E,
    0xA6, 0x35, 0xA6, 0x35, 0x22, 0x13, 0x22, 0x13, 0x00, 0x00, 0x00, 0x00,
    0x00, 0x00, 0x00, 0x00, 0x00, 0x00, 0x00, 0x00, 0x00, 0x00, 0x00, 0x00,
    0x00, 0x00, 0x00, 0x00, 0x00, 0x00, 0x00, 0x00, 0x22, 0x13, 0x22, 0x13,
    0xEB, 0x7E, 0xEB, 0x7E, 0xA6, 0x35, 0xA6, 0x35, 0xA6, 0x35, 0xA6, 0x35,
    0x44, 0x24, 0x44, 0x24, 0x44, 0x24, 0x44, 0x24, 0xA6, 0x35, 0xA6, 0x35,
    0xEB, 0x7E, 0xEB, 0x7E, 0xA6, 0x35, 0xA6, 0x35, 0x22, 0x13, 0x22, 0x13,
    0x00, 0x00, 0x00, 0x00, 0x00, 0x00, 0x00, 0x00, 0x00, 0x00, 0x00, 0x00,
    0x00, 0x00, 0x00, 0x00, 0x00, 0x00, 0x00, 0x00, 0x00, 0x00, 0x00, 0x00,
    0x22, 0x13, 0x22, 0x13, 0xEB, 0x7E, 0xEB, 0x7E, 0xA6, 0x35, 0xA6, 0x35,
    0xA6, 0x35, 0xA6, 0x35, 0x44, 0x24, 0x44, 0x24, 0x44, 0x24, 0x44, 0x24,
    0xA6, 0x35, 0xA6, 0x35, 0xEB, 0x7E, 0xEB, 0x7E, 0xA6, 0x35, 0xA6, 0x35,
    0x22, 0x13, 0x22, 0x13, 0x00, 0x00, 0x00, 0x00, 0x00, 0x00, 0x00, 0x00,
    0x00, 0x00, 0x00, 0x00, 0x00, 0x00, 0x00, 0x00, 0x00, 0x00, 0x00, 0x00,
    0x00, 0x00, 0x00, 0x00, 0x22, 0x13, 0x22, 0x13, 0xEB, 0x7E, 0xEB, 0x7E,
    0xA6, 0x35, 0xA6, 0x35, 0xA6, 0x35, 0xA6, 0x35, 0x44, 0x24, 0x44, 0x24,
    0x44, 0x24, 0x44, 0x24, 0xA6, 0x35, 0xA6, 0x35, 0xEB, 0x7E, 0xEB, 0x7E,
    0xA6, 0x35, 0xA6, 0x35, 0x22, 0x13, 0x22, 0x13, 0x00, 0x00, 0x00, 0x00,
    0x00, 0x00, 0x00, 0x00, 0x00, 0x00, 0x00, 0x00, 0x00, 0x00, 0x00, 0x00,
    0x00, 0x00, 0x00, 0x00, 0x00, 0x00, 0x00, 0x00, 0x22, 0x13, 0x22, 0x13,
    0xEB, 0x7E, 0xEB, 0x7E, 0xA6, 0x35, 0xA6, 0x35, 0xA6, 0x35, 0xA6, 0x35,
    0x44, 0x24, 0x44, 0x24, 0x44, 0x24, 0x44, 0x24, 0xA6, 0x35, 0xA6, 0x35,
    0xEB, 0x7E, 0xEB, 0x7E, 0xA6, 0x35, 0xA6, 0x35, 0x22, 0x13, 0x22, 0x13,
    0x00, 0x00, 0x00, 0x00, 0x00, 0x00, 0x00, 0x00, 0x00, 0x00, 0x00, 0x00,
    0x00, 0x00, 0x00, 0x00, 0x00, 0x00, 0x00, 0x00, 0x00, 0x00, 0x00, 0x00,
    0x22, 0x13, 0x22, 0x13, 0xEB, 0x7E, 0xEB, 0x7E, 0xA6, 0x35, 0xA6, 0x35,
    0xA6, 0x35, 0xA6, 0x35, 0x44, 0x24, 0x44, 0x24, 0x44, 0x24, 0x44, 0x24,
    0xA6, 0x35, 0xA6, 0x35, 0xEB, 0x7E, 0xEB, 0x7E, 0xA6, 0x35, 0xA6, 0x35,
    0x22, 0x13, 0x22, 0x13, 0x00, 0x00, 0x00, 0x00, 0x00, 0x00, 0x00, 0x00,
    0x00, 0x00, 0x00, 0x00, 0x00, 0x00, 0x00, 0x00, 0x00, 0x00, 0x00, 0x00,
    0x00, 0x00, 0x00, 0x00, 0x22, 0x13, 0x22, 0x13, 0xEB, 0x7E, 0xEB, 0x7E,
    0xA6, 0x35, 0xA6, 0x35, 0xA6, 0x35, 0xA6, 0x35, 0x44, 0x24, 0x44, 0x24,
    0x44, 0x24, 0x44, 0x24, 0xA6, 0x35, 0xA6, 0x35, 0xEB, 0x7E, 0xEB, 0x7E,
    0xA6, 0x35, 0xA6, 0x35, 0x22, 0x13, 0x22, 0x13, 0x00, 0x00, 0x00, 0x00,
    0x00, 0x00, 0x00, 0x00, 0x00, 0x00, 0x00, 0x00, 0x00, 0x00, 0x00, 0x00,
    0x00, 0x00, 0x00, 0x00, 0x00, 0x00, 0x00, 0x00, 0x22, 0x13, 0x22, 0x13,
    0xEB, 0x7E, 0xEB, 0x7E, 0xA6, 0x35, 0xA6, 0x35, 0xA6, 0x35, 0xA6, 0x35,
    0x44, 0x24, 0x44, 0x24, 0x44, 0x24, 0x44, 0x24, 0xA6, 0x35, 0xA6, 0x35,
    0xEB, 0x7E, 0xEB, 0x7E, 0xA6, 0x35, 0xA6, 0x35, 0x22, 0x13, 0x22, 0x13,
    0x00, 0x00, 0x00, 0x00, 0x00, 0x00, 0x00, 0x00, 0x00, 0x00, 0x00, 0x00,
    0x00, 0x00, 0x00, 0x00, 0x00, 0x00, 0x00, 0x00, 0x00, 0x00, 0x00, 0x00,
    0x22, 0x13, 0x22, 0x13, 0xEB, 0x7E, 0xEB, 0x7E, 0xA6, 0x35, 0xA6, 0x35,
    0xA6, 0x35, 0xA6, 0x35, 0x44, 0x24, 0x44, 0x24, 0x44, 0x24, 0x44, 0x24,
    0xA6, 0x35, 0xA6, 0x35, 0xEB, 0x7E, 0xEB, 0x7E, 0xA6, 0x35, 0xA6, 0x35,
    0x22, 0x13, 0x22, 0x13, 0x00, 0x00, 0x00, 0x00, 0x00, 0x00, 0x00, 0x00,
    0x00, 0x00, 0x00, 0x00, 0x00, 0x00, 0x00, 0x00, 0x00, 0x00, 0x00, 0x00,
    0x00, 0x00, 0x00, 0x00, 0x22, 0x13, 0x22, 0x13, 0xEB, 0x7E, 0xEB, 0x7E,
    0xA6, 0x35, 0xA6, 0x35, 0xA6, 0x35, 0xA6, 0x35, 0x44, 0x24, 0x44, 0x24,
    0x44, 0x24, 0x44, 0x24, 0xA6, 0x35, 0xA6, 0x35, 0xEB, 0x7E, 0xEB, 0x7E,
    0xA6, 0x35, 0xA6, 0x35, 0x22, 0x13, 0x22, 0x13, 0x00, 0x00, 0x00, 0x00,
    0x00, 0x00, 0x00, 0x00, 0x00, 0x00, 0x00, 0x00, 0x00, 0x00, 0x00, 0x00,
    0x00, 0x00, 0x00, 0x00, 0x00, 0x00, 0x00, 0x00, 0x22, 0x13, 0x22, 0x13,
    0xEB, 0x7E, 0xEB, 0x7E, 0xA6, 0x35, 0xA6, 0x35, 0xA6, 0x35, 0xA6, 0x35,
    0x44, 0x24, 0x44, 0x24, 0x44, 0x24, 0x44, 0x24, 0xA6, 0x35, 0xA6, 0x35,
    0xEB, 0x7E, 0xEB, 0x7E, 0xA6, 0x35, 0xA6, 0x35, 0x22, 0x13, 0x22, 0x13,
    0x00, 0x00, 0x00, 0x00, 0x00, 0x00, 0x00, 0x00, 0x00, 0x00, 0x00, 0x00,
    0x00, 0x00, 0x00, 0x00, 0x00, 0x00, 0x00, 0x00, 0x00, 0x00, 0x00, 0x00,
    0x22, 0x13, 0x22, 0x13, 0xEB, 0x7E, 0xEB, 0x7E, 0xA6, 0x35, 0xA6, 0x35,
    0xA6, 0x35, 0xA6, 0x35, 0x44, 0x24, 0x44, 0x24, 0x44, 0x24, 0x44, 0x24,
    0xA6, 0x35, 0xA6, 0x35, 0xEB, 0x7E, 0xEB, 0x7E, 0xA6, 0x35, 0xA6, 0x35,
    0x22, 0x13, 0x22, 0x13, 0x00, 0x00, 0x00, 0x00, 0x00, 0x00, 0x00, 0x00,
    0x00, 0x00, 0x00, 0x00, 0x00, 0x00, 0x00, 0x00, 0x00, 0x00, 0x00, 0x00,
    0x00, 0x00, 0x00, 0x00, 0x22, 0x13, 0x22, 0x13, 0xEB, 0x7E, 0xEB, 0x7E,
    0xA6, 0x35, 0xA6, 0x35, 0xA6, 0x35, 0xA6, 0x35, 0x44, 0x24, 0x44, 0x24,
    0x44, 0x24, 0x44, 0x24, 0xA6, 0x35, 0xA6, 0x35, 0xEB, 0x7E, 0xEB, 0x7E,
    0xA6, 0x35, 0xA6, 0x35, 0x22, 0x13, 0x22, 0x13, 0x00, 0x00, 0x00, 0x00,
    0x00, 0x00, 0x00, 0x00, 0x00, 0x00, 0x00, 0x00, 0x00, 0x00, 0x00, 0x00,
    0x00, 0x00, 0x00, 0x00, 0x00, 0x00, 0x00, 0x00, 0x22, 0x13, 0x22, 0x13,
    0xEB, 0x7E, 0xEB, 0x7E, 0xA6, 0x35, 0xA6, 0x35, 0xA6, 0x35, 0xA6, 0x35,
    0x44, 0x24, 0x44, 0x24, 0x44, 0x24, 0x44, 0x24, 0xA6, 0x35, 0xA6, 0x35,
    0xEB, 0x7E, 0xEB, 0x7E, 0xA6, 0x35, 0xA6, 0x35, 0x22, 0x13, 0x22, 0x13,
    0x00, 0x00, 0x00, 0x00, 0x00, 0x00, 0x00, 0x00, 0x00, 0x00, 0x00, 0x00,
    0x00, 0x00, 0x00, 0x00, 0x00, 0x00, 0x00, 0x00, 0x00, 0x00, 0x00, 0x00,
    0x22, 0x13, 0x22, 0x13, 0xEB, 0x7E, 0xEB, 0x7E, 0xA6, 0x35, 0xA6, 0x35,
    0xA6, 0x35, 0xA6, 0x35, 0x44, 0x24, 0x44, 0x24, 0x44, 0x24, 0x44, 0x24,
    0xA6, 0x35, 0xA6, 0x35, 0xEB, 0x7E, 0xEB, 0x7E, 0xA6, 0x35, 0xA6, 0x35,
    0x22, 0x13, 0x22, 0x13, 0x00, 0x00, 0x00, 0x00, 0x00, 0x00, 0x00, 0x00,
    0x00, 0x00, 0x00, 0x00, 0x00, 0x00, 0x00, 0x00, 0x00, 0x00, 0x00, 0x00,
    0x00, 0x00, 0x00, 0x00, 0x22, 0x13, 0x22, 0x13, 0xEB, 0x7E, 0xEB, 0x7E,
    0xA6, 0x35, 0xA6, 0x35, 0xA6, 0x35, 0xA6, 0x35, 0x44, 0x24, 0x44, 0x24,
    0x44, 0x24, 0x44, 0x24, 0xA6, 0x35, 0xA6, 0x35, 0xEB, 0x7E, 0xEB, 0x7E,
    0xA6, 0x35, 0xA6, 0x35, 0x22, 0x13, 0x22, 0x13, 0x00, 0x00, 0x00, 0x00,
    0x00, 0x00, 0x00, 0x00, 0x00, 0x00, 0x00, 0x00, 0x00, 0x00, 0x00, 0x00,
    0x00, 0x00, 0x00, 0x00, 0x00, 0x00, 0x00, 0x00, 0x22, 0x13, 0x22, 0x13,
    0xEB, 0x7E, 0xEB, 0x7E, 0xA6, 0x35, 0xA6, 0x35, 0xA6, 0x35, 0xA6, 0x35,
    0x44, 0x24, 0x44, 0x24, 0x44, 0x24, 0x44, 0x24, 0xA6, 0x35, 0xA6, 0x35,
    0xEB, 0x7E, 0xEB, 0x7E, 0xA6, 0x35, 0xA6, 0x35, 0x22, 0x13, 0x22, 0x13,
    0x00, 0x00, 0x00, 0x00, 0x00, 0x00, 0x00, 0x00, 0x00, 0x00, 0x00, 0x00,
    0x00, 0x00, 0x00, 0x00, 0x00, 0x00, 0x00, 0x00, 0x00, 0x00, 0x00, 0x00,
    0x22, 0x13, 0x22, 0x13, 0xEB, 0x7E, 0xEB, 0x7E, 0xA6, 0x35, 0xA6, 0x35,
    0xA6, 0x35, 0xA6, 0x35, 0x44, 0x24, 0x44, 0x24, 0x44, 0x24, 0x44, 0x24,
    0xA6, 0x35, 0xA6, 0x35, 0xEB, 0x7E, 0xEB, 0x7E, 0xA6, 0x35, 0xA6, 0x35,
    0x22, 0x13, 0x22, 0x13, 0x00, 0x00, 0x00, 0x00, 0x00, 0x00, 0x00, 0x00,
    0x00, 0x00, 0x00, 0x00, 0x00, 0x00, 0x00, 0x00, 0x00, 0x00, 0x00, 0x00,
    0x00, 0x00, 0x00, 0x00, 0x22, 0x13, 0x22, 0x13, 0xEB, 0x7E, 0xEB, 0x7E,
    0xA6, 0x35, 0xA6, 0x35, 0xA6, 0x35, 0xA6, 0x35, 0x44, 0x24, 0x44, 0x24,
    0x44, 0x24, 0x44, 0x24, 0xA6, 0x35, 0xA6, 0x35, 0xEB, 0x7E, 0xEB, 0x7E,
    0xA6, 0x35, 0xA6, 0x35, 0x22, 0x13, 0x22, 0x13, 0x00, 0x00, 0x00, 0x00,
    0x00, 0x00, 0x00, 0x00, 0x00, 0x00, 0x00, 0x00, 0x00, 0x00, 0x00, 0x00,
    0x00, 0x00, 0x00, 0x00, 0x00, 0x00, 0x00, 0x00, 0x22, 0x13, 0x22, 0x13,
    0xEB, 0x7E, 0xEB, 0x7E, 0xA6, 0x35, 0xA6, 0x35, 0xA6, 0x35, 0xA6, 0x35,
    0x44, 0x24, 0x44, 0x24, 0x44, 0x24, 0x44, 0x24, 0xA6, 0x35, 0xA6, 0x35,
    0xEB, 0x7E, 0xEB, 0x7E, 0xA6, 0x35, 0xA6, 0x35, 0x22, 0x13, 0x22, 0x13,
    0x00, 0x00, 0x00, 0x00, 0x00, 0x00, 0x00, 0x00, 0x00, 0x00, 0x00, 0x00,
    0x00, 0x00, 0x00, 0x00, 0x00, 0x00, 0x00, 0x00, 0x00, 0x00, 0x00, 0x00,
    0x22, 0x13, 0x22, 0x13, 0xEB, 0x7E, 0xEB, 0x7E, 0xA6, 0x35, 0xA6, 0x35,
    0xA6, 0x35, 0xA6, 0x35, 0x44, 0x24, 0x44, 0x24, 0x44, 0x24, 0x44, 0x24,
    0xA6, 0x35, 0xA6, 0x35, 0xEB, 0x7E, 0xEB, 0x7E, 0xA6, 0x35, 0xA6, 0x35,
    0x22, 0x13, 0x22, 0x13, 0x00, 0x00, 0x00, 0x00, 0x00, 0x00, 0x00, 0x00,
    0x00, 0x00, 0x00, 0x00, 0x00, 0x00, 0x00, 0x00, 0x00, 0x00, 0x00, 0x00,
    0x00, 0x00, 0x00, 0x00, 0x22, 0x13, 0x22, 0x13, 0xEB, 0x7E, 0xEB, 0x7E,
    0xA6, 0x35, 0xA6, 0x35, 0xA6, 0x35, 0xA6, 0x35, 0x44, 0x24, 0x44, 0x24,
    0x44, 0x24, 0x44, 0x24, 0xA6, 0x35, 0xA6, 0x35, 0xEB, 0x7E, 0xEB, 0x7E,
    0xA6, 0x35, 0xA6, 0x35, 0x22, 0x13, 0x22, 0x13, 0x00, 0x00, 0x00, 0x00,
    0x00, 0x00, 0x00, 0x00, 0x00, 0x00, 0x00, 0x00, 0x00, 0x00, 0x00, 0x00,
    0x00, 0x00, 0x00, 0x00, 0x00, 0x00, 0x00, 0x00, 0x22, 0x13, 0x22, 0x13,
    0xEB, 0x7E, 0xEB, 0x7E, 0xA6, 0x35, 0xA6, 0x35, 0xA6, 0x35, 0xA6, 0x35,
    0x44, 0x24, 0x44, 0x24, 0x44, 0x24, 0x44, 0x24, 0xA6, 0x35, 0xA6, 0x35,
    0xEB, 0x7E, 0xEB, 0x7E, 0xA6, 0x35, 0xA6, 0x35, 0x22, 0x13, 0x22, 0x13,
    0x00, 0x00, 0x00, 0x00, 0x00, 0x00, 0x00, 0x00, 0x00, 0x00, 0x00, 0x00,
    0x00, 0x00, 0x00, 0x00, 0x00, 0x00, 0x00, 0x00, 0x00, 0x00, 0x00, 0x00,
    0x22, 0x13, 0x22, 0x13, 0xEB, 0x7E, 0xEB, 0x7E, 0xA6, 0x35, 0xA6, 0x35,
    0xA6, 0x35, 0xA6, 0x35, 0x44, 0x24, 0x44, 0x24, 0x44, 0x24, 0x44, 0x24,
    0xA6, 0x35, 0xA6, 0x35, 0xEB, 0x7E, 0xEB, 0x7E, 0xA6, 0x35, 0xA6, 0x35,
    0x22, 0x13, 0x22, 0x13, 0x00, 0x00, 0x00, 0x00, 0x00, 0x00, 0x00, 0x00,
    0x00, 0x00, 0x00, 0x00, 0x00, 0x00, 0x00, 0x00, 0x00, 0x00, 0x00, 0x00,
    0x00, 0x00, 0x00, 0x00, 0x22, 0x13, 0x22, 0x13, 0xEB, 0x7E, 0xEB, 0x7E,
    0xA6, 0x35, 0xA6, 0x35, 0xA6, 0x35, 0xA6, 0x35, 0x44, 0x24, 0x44, 0x24,
    0x44, 0x24, 0x44, 0x24, 0xA6, 0x35, 0xA6, 0x35, 0xEB, 0x7E, 0xEB, 0x7E,
    0xA6, 0x35, 0xA6, 0x35, 0x22, 0x13, 0x22, 0x13, 0x00, 0x00, 0x00, 0x00,
    0x00, 0x00, 0x00, 0x00, 0x00, 0x00, 0x00, 0x00, 0x00, 0x00, 0x00, 0x00,
    0x00, 0x00, 0x00, 0x00, 0x00, 0x00, 0x00, 0x00, 0x22, 0x13, 0x22, 0x13,
    0xEB, 0x7E, 0xEB, 0x7E, 0xA6, 0x35, 0xA6, 0x35, 0xA6, 0x35, 0xA6, 0x35,
    0x44, 0x24, 0x44, 0x24, 0x44, 0x24, 0x44, 0x24, 0xA6, 0x35, 0xA6, 0x35,
    0xEB, 0x7E, 0xEB, 0x7E, 0xA6, 0x35, 0xA6, 0x35, 0x22, 0x13, 0x22, 0x13,
    0x00, 0x00, 0x00, 0x00, 0x00, 0x00, 0x00, 0x00, 0x00, 0x00, 0x00, 0x00,
    0x00, 0x00, 0x00, 0x00, 0x00, 0x00, 0x00, 0x00, 0x00, 0x00, 0x00, 0x00,
    0x22, 0x13, 0x22, 0x13, 0xEB, 0x7E, 0xEB, 0x7E, 0xA6, 0x35, 0xA6, 0x35,
    0xA6, 0x35, 0xA6, 0x35, 0x44, 0x24, 0x44, 0x24, 0x44, 0x24, 0x44, 0x24,
    0xA6, 0x35, 0xA6, 0x35, 0xEB, 0x7E, 0xEB, 0x7E, 0xA6, 0x35, 0xA6, 0x35,
    0x22, 0x13, 0x22, 0x13, 0x00, 0x00, 0x00, 0x00, 0x00, 0x00, 0x00, 0x00,
    0x00, 0x00, 0x00, 0x00, 0x00, 0x00, 0x00, 0x00, 0x00, 0x00, 0x00, 0x00,
    0x00, 0x00, 0x00, 0x00, 0x22, 0x13, 0x22, 0x13, 0xEB, 0x7E, 0xEB, 0x7E,
    0xA6, 0x35, 0xA6, 0x35, 0xA6, 0x35, 0xA6, 0x35, 0x44, 0x24, 0x44, 0x24,
    0x44, 0x24, 0x44, 0x24, 0xA6, 0x35, 0xA6, 0x35, 0xEB, 0x7E, 0xEB, 0x7E,
    0xA6, 0x35, 0xA6, 0x35, 0x22, 0x13, 0x22, 0x13, 0x00, 0x00, 0x00, 0x00,
    0x00, 0x00, 0x00, 0x00, 0x00, 0x00, 0x00, 0x00, 0x00, 0x00, 0x00, 0x00,
    0x00, 0x00, 0x00, 0x00, 0x00, 0x00, 0x00, 0x00, 0x22, 0x13, 0x22, 0x13,
    0xEB, 0x7E, 0xEB, 0x7E, 0xA6, 0x35, 0xA6, 0x35, 0xA6, 0x35, 0xA6, 0x35,
    0x44, 0x24, 0x44, 0x24, 0x44, 0x24, 0x44, 0x24, 0xA6, 0x35, 0xA6, 0x35,
    0xEB, 0x7E, 0xEB, 0x7E, 0xA6, 0x35, 0xA6, 0x35, 0x22, 0x13, 0x22, 0x13,
    0x00, 0x00, 0x00, 0x00, 0x00, 0x00, 0x00, 0x00, 0x00, 0x00, 0x00, 0x00,
    0x00, 0x00, 0x00, 0x00, 0x00, 0x00, 0x00, 0x00, 0x00, 0x00, 0x00, 0x00,
    0x22, 0x13, 0x22, 0x13, 0xEB, 0x7E, 0xEB, 0x7E, 0xA6, 0x35, 0xA6, 0x35,
    0xA6, 0x35, 0xA6, 0x35, 0x44, 0x24, 0x44, 0x24, 0x44, 0x24, 0x44, 0x24,
    0xA6, 0x35, 0xA6, 0x35, 0xEB, 0x7E, 0xEB, 0x7E, 0xA6, 0x35, 0xA6, 0x35,
    0x22, 0x13, 0x22, 0x13, 0x00, 0x00, 0x00, 0x00, 0x00, 0x00, 0x00, 0x00,
    0x00, 0x00, 0x00, 0x00, 0x00, 0x00, 0x00, 0x00, 0x00, 0x00, 0x00, 0x00,
    0x00, 0x00, 0x00, 0x00, 0x22, 0x13, 0x22, 0x13, 0xEB, 0x7E, 0xEB, 0x7E,
    0xA6, 0x35, 0xA6, 0x35, 0xA6, 0x35, 0xA6, 0x35, 0x44, 0x24, 0x44, 0x24,
    0x44, 0x24, 0x44, 0x24, 0xA6, 0x35, 0xA6, 0x35, 0xEB, 0x7E, 0xEB, 0x7E,
    0xA6, 0x35, 0xA6, 0x35, 0x22, 0x13, 0x22, 0x13, 0x00, 0x00, 0x00, 0x00,
    0x00, 0x00, 0x00, 0x00, 0x00, 0x00, 0x00, 0x00, 0x00, 0x00, 0x00, 0x00,
    0x00, 0x00, 0x00, 0x00, 0x00, 0x00, 0x00, 0x00, 0x22, 0x13, 0x22, 0x13,
    0xEB, 0x7E, 0xEB, 0x7E, 0xA6, 0x35, 0xA6, 0x35, 0xA6, 0x35, 0xA6, 0x35,
    0x44, 0x24, 0x44, 0x24, 0x44, 0x24, 0x44, 0x24, 0xA6, 0x35, 0xA6, 0x35,
    0xEB, 0x7E, 0xEB, 0x7E, 0xA6, 0x35, 0xA6, 0x35, 0x22, 0x13, 0x22, 0x13,
    0x00, 0x00, 0x00, 0x00, 0x00, 0x00, 0x00, 0x00, 0x00, 0x00, 0x00, 0x00,
    0x00, 0x00, 0x00, 0x00, 0x00, 0x00, 0x00, 0x00, 0x00, 0x00, 0x00, 0x00,
    0x22, 0x13, 0x22, 0x13, 0xEB, 0x7E, 0xEB, 0x7E, 0xA6, 0x35, 0xA6, 0x35,
    0xA6, 0x35, 0xA6, 0x35, 0x44, 0x24, 0x44, 0x24, 0x44, 0x24, 0x44, 0x24,
    0xA6, 0x35, 0xA6, 0x35, 0xEB, 0x7E, 0xEB, 0x7E, 0xA6, 0x35, 0xA6, 0x35,
    0x22, 0x13, 0x22, 0x13, 0x00, 0x00, 0x00, 0x00, 0x00, 0x00, 0x00, 0x00,
    0x00, 0x00, 0x00, 0x00, 0x00, 0x00, 0x00, 0x00, 0x00, 0x00, 0x00, 0x00,
    0x00, 0x00, 0x00, 0x00, 0x22, 0x13, 0x22, 0x13, 0xEB, 0x7E, 0xEB, 0x7E,
    0xA6, 0x35, 0xA6, 0x35, 0xA6, 0x35, 0xA6, 0x35, 0x44, 0x24, 0x44, 0x24,
    0x44, 0x24, 0x44, 0x24, 0xA6, 0x35, 0xA6, 0x35, 0xEB, 0x7E, 0xEB, 0x7E,
    0xA6, 0x35, 0xA6, 0x35, 0x22, 0x13, 0x22, 0x13, 0x00, 0x00, 0x00, 0x00,
    0x00, 0x00, 0x00, 0x00, 0x00, 0x00, 0x00, 0x00, 0x00, 0x00, 0x00, 0x00,
    0x00, 0x00, 0x00, 0x00, 0x00, 0x00, 0x00, 0x00, 0x22, 0x13, 0x22, 0x13,
    0xEB, 0x7E, 0xEB, 0x7E, 0xA6, 0x35, 0xA6, 0x35, 0xA6, 0x35, 0xA6, 0x35,
    0x44, 0x24, 0x44, 0x24, 0x44, 0x24, 0x44, 0x24, 0xA6, 0x35, 0xA6, 0x35,
    0xEB, 0x7E, 0xEB, 0x7E, 0xA6, 0x35, 0xA6, 0x35, 0x22, 0x13, 0x22, 0x13,
    0x00, 0x00, 0x00, 0x00, 0x00, 0x00, 0x00, 0x00, 0x00, 0x00, 0x00, 0x00,
    0x00, 0x00, 0x00, 0x00, 0x00, 0x00, 0x00, 0x00, 0x00, 0x00, 0x00, 0x00,
    0x22, 0x13, 0x22, 0x13, 0xEB, 0x7E, 0xEB, 0x7E, 0xA6, 0x35, 0xA6, 0x35,
    0xA6, 0x35, 0xA6, 0x35, 0x44, 0x24, 0x44, 0x24, 0x44, 0x24, 0x44, 0x24,
    0xA6, 0x35, 0xA6, 0x35, 0xEB, 0x7E, 0xEB, 0x7E, 0xA6, 0x35, 0xA6, 0x35,
    0x22, 0x13, 0x22, 0x13, 0x00, 0x00, 0x00, 0x00, 0x00, 0x00, 0x00, 0x00,
    0x00, 0x00, 0x00, 0x00, 0x00, 0x00, 0x00, 0x00, 0x00, 0x00, 0x00, 0x00,
    0x00, 0x00, 0x00, 0x00, 0x22, 0x13, 0x22, 0x13, 0xEB, 0x7E, 0xEB, 0x7E,
    0xA6, 0x35, 0xA6, 0x35, 0xA6, 0x35, 0xA6, 0x35, 0x44, 0x24, 0x44, 0x24,
    0x44, 0x24, 0x44, 0x24, 0xA6, 0x35, 0xA6, 0x35, 0xEB, 0x7E, 0xEB, 0x7E,
    0xA6, 0x35, 0xA6, 0x35, 0x22, 0x13, 0x22, 0x13, 0x00, 0x00, 0x00, 0x00,
    0x00, 0x00, 0x00, 0x00, 0x00, 0x00, 0x00, 0x00, 0x00, 0x00, 0x00, 0x00,
    0x00, 0x00, 0x00, 0x00, 0x00, 0x00, 0x00, 0x00, 0x22, 0x13, 0x22, 0x13,
    0xEB, 0x7E, 0xEB, 0x7E, 0xA6, 0x35, 0xA6, 0x35, 0xA6, 0x35, 0xA6, 0x35,
    0x44, 0x24, 0x44, 0x24, 0x44, 0x24, 0x44, 0x24, 0xA6, 0x35, 0xA6, 0x35,
    0xEB, 0x7E, 0xEB, 0x7E, 0xA6, 0x35, 0xA6, 0x35, 0x22, 0x13, 0x22, 0x13,
    0x00, 0x00, 0x00, 0x00, 0x00, 0x00, 0x00, 0x00, 0x00, 0x00, 0x00, 0x00,
    0x00, 0x00, 0x00, 0x00, 0x00, 0x00, 0x00, 0x00, 0x00, 0x00, 0x00, 0x00,
    0x22, 0x13, 0x22, 0x13, 0xEB, 0x7E, 0xEB, 0x7E, 0xA6, 0x35, 0xA6, 0x35,
    0xA6, 0x35, 0xA6, 0x35, 0x44, 0x24, 0x44, 0x24, 0x44, 0x24, 0x44, 0x24,
    0xA6, 0x35, 0xA6, 0x35, 0xEB, 0x7E, 0xEB, 0x7E, 0xA6, 0x35, 0xA6, 0x35,
    0x22, 0x13, 0x22, 0x13, 0x00, 0x00, 0x00, 0x00, 0x00, 0x00, 0x00, 0x00,
    0x00, 0x00, 0x00, 0x00, 0x00, 0x00, 0x00, 0x00, 0x00, 0x00, 0x00, 0x00,
    0x00, 0x00, 0x00, 0x00, 0x22, 0x13, 0x22, 0x13, 0xEB, 0x7E, 0xEB, 0x7E,
    0xA6, 0x35, 0xA6, 0x35, 0xA6, 0x35, 0xA6, 0x35, 0x44, 0x24, 0x44, 0x24,
    0x44, 0x24, 0x44, 0x24, 0xA6, 0x35, 0xA6, 0x35, 0xEB, 0x7E, 0xEB, 0x7E,
    0xA6, 0x35, 0xA6, 0x35, 0x22, 0x13, 0x22, 0x13, 0x00, 0x00, 0x00, 0x00,
    0x00, 0x00, 0x00, 0x00, 0x00, 0x00, 0x00, 0x00, 0x00, 0x00, 0x00, 0x00,
    0x00, 0x00, 0x00, 0x00, 0x00, 0x00, 0x00, 0x00, 0x22, 0x13, 0x22, 0x13,
    0xEB, 0x7E, 0xEB, 0x7E, 0xA6, 0x35, 0xA6, 0x35, 0xA6, 0x35, 0xA6, 0x35,
    0x44, 0x24, 0x44, 0x24, 0x44, 0x24, 0x44, 0x24, 0xA6, 0x35, 0xA6, 0x35,
    0xEB, 0x7E, 0xEB, 0x7E, 0xA6, 0x35, 0xA6, 0x35, 0x22, 0x13, 0x22, 0x13,
    0x00, 0x00, 0x00, 0x00, 0x00, 0x00, 0x00, 0x00, 0x00, 0x00, 0x00, 0x00,
    0x00, 0x00, 0x00, 0x00, 0x00, 0x00, 0x00, 0x00, 0x00, 0x00, 0x00, 0x00,
    0x22, 0x13, 0x22, 0x13, 0xEB, 0x7E, 0xEB, 0x7E, 0xA6, 0x35, 0xA6, 0x35,
    0xA6, 0x35, 0xA6, 0x35, 0x44, 0x24, 0x44, 0x24, 0x44, 0x24, 0x44, 0x24,
    0xA6, 0x35, 0xA6, 0x35, 0xEB, 0x7E, 0xEB, 0x7E, 0xA6, 0x35, 0xA6, 0x35,
    0x22, 0x13, 0x22, 0x13, 0x00, 0x00, 0x00, 0x00, 0x00, 0x00, 0x00, 0x00,
    0x00, 0x00, 0x00, 0x00, 0x00, 0x00, 0x00, 0x00, 0x00, 0x00, 0x00, 0x00,
    0x00, 0x00, 0x00, 0x00, 0x22, 0x13, 0x22, 0x13, 0xEB, 0x7E, 0xEB, 0x7E,
    0xA6, 0x35, 0xA6, 0x35, 0xA6, 0x35, 0xA6, 0x35, 0x44, 0x24, 0x44, 0x24,
    0x44, 0x24, 0x44, 0x24, 0xA6, 0x35, 0xA6, 0x35, 0xEB, 0x7E, 0xEB, 0x7E,
    0xA6, 0x35, 0xA6, 0x35, 0x22, 0x13, 0x22, 0x13, 0x00, 0x00, 0x00, 0x00,
    0x00, 0x00, 0x00, 0x00, 0x00, 0x00, 0x00, 0x00, 0x00, 0x00, 0x00, 0x00,
    0x00, 0x00, 0x00, 0x00, 0x00, 0x00, 0x00, 0x00, 0x22, 0x13, 0x22, 0x13,
    0xEB, 0x7E, 0xEB, 0x7E, 0xA6, 0x35, 0xA6, 0x35, 0xA6, 0x35, 0xA6, 0x35,
    0x44, 0x24, 0x44, 0x24, 0x44, 0x24, 0x44, 0x24, 0xA6, 0x35, 0xA6, 0x35,
    0xEB, 0x7E, 0xEB, 0x7E, 0xA6, 0x35, 0xA6, 0x35, 0x22, 0x13, 0x22, 0x13,
    0x00, 0x00, 0x00, 0x00, 0x00, 0x00, 0x00, 0x00, 0x00, 0x00, 0x00, 0x00,
    0x00, 0x00, 0x00, 0x00, 0x00, 0x00, 0x00, 0x00, 0x00, 0x00, 0x00, 0x00,
    0x22, 0x13, 0x22, 0x13, 0xEB, 0x7E, 0xEB, 0x7E, 0xA6, 0x35, 0xA6, 0x35,
    0xA6, 0x35, 0xA6, 0x35, 0x44, 0x24, 0x44, 0x24, 0x44, 0x24, 0x44, 0x24,
    0xA6, 0x35, 0xA6, 0x35, 0xEB, 0x7E, 0xEB, 0x7E, 0xA6, 0x35, 0xA6, 0x35,
    0x22, 0x13, 0x22, 0x13, 0x00, 0x00, 0x00, 0x00, 0x00, 0x00, 0x00, 0x00,
    0x00, 0x00, 0x00, 0x00, 0x00, 0x00, 0x00, 0x00, 0x00, 0x00, 0x00, 0x00,
    0x00, 0x00, 0x00, 0x00, 0x22, 0x13, 0x22, 0x13, 0xEB, 0x7E, 0xEB, 0x7E,
    0xA6, 0x35, 0xA6, 0x35, 0xA6, 0x35, 0xA6, 0x35, 0x44, 0x24, 0x44, 0x24,
    0x44, 0x24, 0x44, 0x24, 0xA6, 0x35, 0xA6, 0x35, 0xEB, 0x7E, 0xEB, 0x7E,
    0xA6, 0x35, 0xA6, 0x35, 0x22, 0x13, 0x22, 0x13, 0x00, 0x00, 0x00, 0x00,
    0x00, 0x00, 0x00, 0x00, 0x00, 0x00, 0x00, 0x00, 0x00, 0x00, 0x00, 0x00,
    0x00, 0x00, 0x00, 0x00, 0x00, 0x00, 0x00, 0x00, 0x22, 0x13, 0x22, 0x13,
    0xEB, 0x7E, 0xEB, 0x7E, 0xA6, 0x35, 0xA6, 0x35, 0xA6, 0x35, 0xA6, 0x35,
    0x44, 0x24, 0x44, 0x24, 0x44, 0x24, 0x44, 0x24, 0xA6, 0x35, 0xA6, 0x35,
    0xEB, 0x7E, 0xEB, 0x7E, 0xA6, 0x35, 0xA6, 0x35, 0x22, 0x13, 0x22, 0x13,
    0x00, 0x00, 0x00, 0x00, 0x00, 0x00, 0x00, 0x00, 0x00, 0x00, 0x00, 0x00,
    0xFF, 0xFF, 0xFF, 0xFF, 0xFF, 0xFF, 0xFF, 0xFF, 0xFF, 0xFF, 0xFF, 0xFF,
    0xFF, 0xFF, 0xFF, 0xFF, 0xFF, 0xFF, 0xFF, 0xFF, 0xFF, 0xFF, 0xFF, 0xFF,
    0xFF, 0xFF, 0xFF, 0xFF, 0xFF, 0xFF, 0xFF, 0xFF, 0xFF, 0xFF, 0xFF, 0xFF,
    0xFF, 0xFF, 0xFF, 0xFF, 0xFF, 0xFF, 0xFF, 0xFF, 0xFF, 0xFF, 0xFF, 0xFF,
    0xFF, 0xFF, 0xFF, 0xFF, 0xFF, 0xFF, 0xFF, 0xFF, 0xFF, 0xFF, 0xFF, 0xFF,
    0xFF, 0xFF, 0xFF, 0xFF, 0xFF, 0xFF, 0xFF, 0xFF, 0xFF, 0xFF, 0xFF, 0xFF,
    0xFF, 0xFF, 0xFF, 0xFF, 0xFF, 0xFF, 0xFF, 0xFF, 0xFF, 0xFF, 0xFF, 0xFF,
    0xFF, 0xFF, 0xFF, 0xFF, 0xFF, 0xFF, 0xFF, 0xFF, 0xFF, 0xFF, 0xFF, 0xFF,
    0xFF, 0xFF, 0xFF, 0xFF, 0xFF, 0xFF, 0xFF, 0xFF, 0xFF, 0xFF, 0xFF, 0xFF,
    0xFF, 0xFF, 0xFF, 0xFF, 0xFF, 0xFF, 0xFF, 0xFF, 0xFF, 0xFF, 0xFF, 0xFF,
    0xFF, 0xFF, 0xFF, 0xFF, 0xFF, 0xFF, 0xFF, 0xFF, 0xFF, 0xFF, 0xFF, 0xFF,
    0xFF, 0xFF, 0xFF, 0xFF, 0xFF, 0xFF, 0xFF, 0xFF, 0xFF, 0xFF, 0xFF, 0xFF,
    0xFF, 0xFF, 0xFF, 0xFF, 0xFF, 0xFF, 0xFF, 0xFF, 0xFF, 0xFF, 0xFF, 0xFF,
    0xFF, 0xFF, 0xFF, 0xFF, 0xFF, 0xFF, 0xFF, 0xFF, 0xFF, 0xFF, 0xFF, 0xFF,
    0xFF, 0xFF, 0xFF, 0xFF, 0xFF, 0xFF, 0xFF, 0xFF, 0xFF, 0xFF, 0xFF, 0xFF,
    0xFF, 0xFF, 0xFF, 0xFF, 0xFF, 0xFF, 0xFF, 0xFF, 0xFF, 0xFF, 0xFF, 0xFF,
    0x00, 0x00, 0x00, 0x00, 0xFF, 0xFF, 0xFF, 0xFF, 0xFF, 0xFF, 0xFF, 0xFF,
    0xFF, 0xFF, 0xFF, 0xFF, 0xFF, 0xFF, 0xFF, 0xFF, 0xFF, 0xFF, 0xFF, 0xFF,
    0xFF, 0xFF, 0xFF, 0xFF, 0x00, 0x00, 0x00, 0x00, 0x00, 0x00, 0x00, 0x00,
    0xFF, 0xFF, 0xFF, 0xFF, 0xFF, 0xFF, 0xFF, 0xFF, 0xFF, 0xFF, 0xFF, 0xFF,
    0xFF, 0xFF, 0xFF, 0xFF, 0xFF, 0xFF, 0xFF, 0xFF, 0xFF, 0xFF, 0xFF, 0xFF,
    0x00, 0x00, 0x00, 0x00, 0x00, 0x00, 0x00, 0x00, 0xFF, 0xFF, 0xFF, 0xFF,
    0xFF, 0xFF, 0xFF, 0xFF, 0xFF, 0xFF, 0xFF, 0xFF, 0xFF, 0xFF, 0xFF, 0xFF,
    0xFF, 0xFF, 0xFF, 0xFF, 0xFF, 0xFF, 0xFF, 0xFF, 0x00, 0x00, 0x00, 0x00,
    0x00, 0x00, 0x00, 0x00, 0xFF, 0xFF, 0xFF, 0xFF, 0xFF, 0xFF, 0xFF, 0xFF,
    0xFF, 0xFF, 0xFF, 0xFF, 0xFF, 0xFF, 0xFF, 0xFF, 0xFF, 0xFF, 0xFF, 0xFF,
    0xFF, 0xFF, 0xFF, 0xFF, 0x00, 0x00, 0x00, 0x00, 0x00, 0x00, 0x00, 0x00,
    0xFF, 0xFF, 0xFF, 0xFF, 0xFF, 0xFF, 0xFF, 0xFF, 0xFF, 0xFF, 0xFF, 0xFF,
    0xFF, 0xFF, 0xFF, 0xFF, 0xFF, 0xFF, 0xFF, 0xFF, 0xFF, 0xFF, 0xFF, 0xFF,
    0x00, 0x00, 0x00, 0x00, 0x00, 0x00, 0x00, 0x00, 0xFF, 0xFF, 0xFF, 0xFF,
    0xFF, 0xFF, 0xFF, 0xFF, 0xFF, 0xFF, 0xFF, 0xFF, 0xFF, 0xFF, 0xFF, 0xFF,
    0xFF, 0xFF, 0xFF, 0xFF, 0xFF, 0xFF, 0xFF, 0xFF, 0x00, 0x00, 0x00, 0x00,
    0x00, 0x00, 0x00, 0x00, 0xFF, 0xFF, 0xFF, 0xFF, 0xFF, 0xFF, 0xFF, 0xFF,
    0xFF, 0xFF, 0xFF, 0xFF, 0xFF, 0xFF, 0xFF, 0xFF, 0xFF, 0xFF, 0xFF, 0xFF,
    0xFF, 0xFF, 0xFF, 0xFF, 0x00, 0x00, 0x00, 0x00, 0x00, 0x00, 0x00, 0x00,
    0xFF, 0xFF, 0xFF, 0xFF, 0xFF, 0xFF, 0xFF, 0xFF, 0xFF, 0xFF, 0xFF, 0xFF,
    0xFF, 0xFF, 0xFF, 0xFF, 0xFF, 0xFF, 0xFF, 0xFF, 0xFF, 0xFF, 0xFF, 0xFF,
    0x00, 0x00, 0x00, 0x00, 0x00, 0x00, 0x00, 0x00, 0xFF, 0xFF, 0xFF, 0xFF,
    0xFF, 0xFF, 0xFF, 0xFF, 0xFF, 0xFF, 0xFF, 0xFF, 0xFF, 0xFF, 0xFF, 0xFF,
    0xFF, 0xFF, 0xFF, 0xFF, 0xFF, 0xFF, 0xFF, 0xFF, 0x00, 0x00, 0x00, 0x00,
    0x00, 0x00, 0x00, 0x00, 0xFF, 0xFF, 0xFF, 0xFF, 0xFF, 0xFF, 0xFF, 0xFF,
    0xFF, 0xFF, 0xFF, 0xFF, 0xFF, 0xFF, 0xFF, 0xFF, 0xFF, 0xFF, 0xFF, 0xFF,
    0xFF, 0xFF, 0xFF, 0xFF, 0x00, 0x00, 0x00, 0x00, 0x00, 0x00, 0x00, 0x00,
    0xFF, 0xFF, 0xFF, 0xFF, 0xFF, 0xFF, 0xFF, 0xFF, 0xFF, 0xFF, 0xFF, 0xFF,
    0xFF, 0xFF, 0xFF, 0xFF, 0xFF, 0xFF, 0xFF, 0xFF, 0xFF, 0xFF, 0xFF, 0xFF,
    0x00, 0x00, 0x00, 0x00, 0x00, 0x00, 0x00, 0x00, 0xFF, 0xFF, 0xFF, 0xFF,
    0xFF, 0xFF, 0xFF, 0xFF, 0xFF, 0xFF, 0xFF, 0xFF, 0xFF, 0xFF, 0xFF, 0xFF,
    0xFF, 0xFF, 0xFF, 0xFF, 0xFF, 0xFF, 0xFF, 0xFF, 0x00, 0x00, 0x00, 0x00,
    0x00, 0x00, 0x00, 0x00, 0xFF, 0xFF, 0xFF, 0xFF, 0xFF, 0xFF, 0xFF, 0xFF,
    0xFF, 0xFF, 0xFF, 0xFF, 0xFF, 0xFF, 0xFF, 0xFF, 0xFF, 0xFF, 0xFF, 0xFF,
    0xFF, 0xFF, 0xFF, 0xFF, 0x00, 0x00, 0x00, 0x00, 0x00, 0x00, 0x00, 0x00,
    0xFF, 0xFF, 0xFF, 0xFF, 0xFF, 0xFF, 0xFF, 0xFF, 0xFF, 0xFF, 0xFF, 0xFF,
    0xFF, 0xFF, 0xFF, 0xFF, 0xFF, 0xFF, 0xFF, 0xFF, 0xFF, 0xFF, 0xFF, 0xFF,
    0x00, 0x00, 0x00, 0x00, 0x00, 0x00, 0x00, 0x00, 0xFF, 0xFF, 0xFF, 0xFF,
    0xFF, 0xFF, 0xFF, 0xFF, 0xFF, 0xFF, 0xFF, 0xFF, 0xFF, 0xFF, 0xFF, 0xFF,
    0xFF, 0xFF, 0xFF, 0xFF, 0xFF, 0xFF, 0xFF, 0xFF, 0x00, 0x00, 0x00, 0x00,
    0x00, 0x00, 0x00, 0x00, 0xFF, 0xFF, 0xFF, 0xFF, 0xFF, 0xFF, 0xFF, 0xFF,
    0xFF, 0xFF, 0xFF, 0xFF, 0xFF, 0xFF, 0xFF, 0xFF, 0xFF, 0xFF, 0xFF, 0xFF,
    0xFF, 0xFF, 0xFF, 0xFF, 0x00, 0x00, 0x00, 0x00, 0x00, 0x00, 0x00, 0x00,
    0xFF, 0xFF, 0xFF, 0xFF, 0xFF, 0xFF, 0xFF, 0xFF, 0xFF, 0xFF, 0xFF, 0xFF,
    0xFF, 0xFF, 0xFF, 0xFF, 0xFF, 0xFF, 0xFF, 0xFF, 0xFF, 0xFF, 0xFF, 0xFF,
    0x00, 0x00, 0x00, 0x00, 0x00, 0x00, 0x00, 0x00, 0xFF, 0xFF, 0xFF, 0xFF,
    0xFF, 0xFF, 0xFF, 0xFF, 0xFF, 0xFF, 0xFF, 0xFF, 0xFF, 0xFF, 0xFF, 0xFF,
    0xFF, 0xFF, 0xFF, 0xFF, 0xFF, 0xFF, 0xFF, 0xFF, 0x00, 0x00, 0x00, 0x00,
    0xFF, 0xFF, 0xFF, 0xFF, 0xFF, 0xFF, 0xFF, 0xFF, 0xFF, 0xFF, 0xFF, 0xFF,
    0xFF, 0xFF, 0xFF, 0xFF, 0xFF, 0xFF, 0xFF, 0xFF, 0xFF, 0xFF, 0xFF, 0xFF,
    0xFF, 0xFF, 0xFF, 0xFF, 0xFF, 0xFF, 0xFF, 0xFF, 0xFF, 0xFF, 0xFF, 0xFF,
    0xFF, 0xFF, 0xFF, 0xFF, 0xFF, 0xFF, 0xFF, 0xFF, 0xFF, 0xFF, 0xFF, 0xFF,
    0xFF, 0xFF, 0xFF, 0xFF, 0xFF, 0xFF, 0xFF, 0xFF, 0xFF, 0xFF, 0xFF, 0xFF,
    0xFF, 0xFF, 0xFF, 0xFF, 0xFF, 0xFF, 0xFF, 0xFF, 0xFF, 0xFF, 0xFF, 0xFF,
    0xFF, 0xFF, 0xFF, 0xFF, 0xFF, 0xFF, 0xFF, 0xFF, 0xFF, 0xFF, 0xFF, 0xFF,
    0xFF, 0xFF, 0xFF, 0xFF, 0xFF, 0xFF, 0xFF, 0xFF, 0xFF, 0xFF, 0xFF, 0xFF,
    0xFF, 0xFF, 0xFF, 0xFF, 0xFF, 0xFF, 0xFF, 0xFF, 0xFF, 0xFF, 0xFF, 0xFF,
    0xFF, 0xFF, 0xFF, 0xFF, 0xFF, 0xFF, 0xFF, 0xFF, 0xFF, 0xFF, 0xFF, 0xFF,
    0xFF, 0xFF, 0xFF, 0xFF, 0xFF, 0xFF, 0xFF, 0xFF, 0xFF, 0xFF, 0xFF, 0xFF,
    0xFF, 0xFF, 0xFF, 0xFF, 0xFF, 0xFF, 0xFF, 0xFF, 0xFF, 0xFF, 0xFF, 0xFF,
    0xFF, 0xFF, 0xFF, 0xFF, 0xFF, 0xFF, 0xFF, 0xFF, 0xFF, 0xFF, 0xFF, 0xFF,
    0xFF, 0xFF, 0xFF, 0xFF, 0xFF, 0xFF, 0xFF, 0xFF, 0xFF, 0xFF, 0xFF, 0xFF,
    0xFF, 0xFF, 0xFF, 0xFF, 0xFF, 0xFF, 0xFF, 0xFF, 0xFF, 0xFF, 0xFF, 0xFF,
    0xFF, 0xFF, 0xFF, 0xFF, 0xFF, 0xFF, 0xFF, 0xFF, 0xFF, 0xFF, 0xFF, 0xFF,
    0xFF, 0xFF, 0xFF, 0xFF, 0xFF, 0xFF, 0xFF, 0xFF, 0xFF, 0xFF, 0xFF, 0xFF,
    0xFF, 0xFF, 0xFF, 0xFF, 0xFF, 0xFF, 0xFF, 0xFF, 0xFF, 0xFF, 0xFF, 0xFF,
    0xFF, 0xFF, 0xFF, 0xFF, 0xFF, 0xFF, 0xFF, 0xFF, 0xFF, 0xFF, 0xFF, 0xFF,
    0xFF, 0xFF, 0xFF, 0xFF, 0xFF, 0xFF, 0xFF, 0xFF, 0xFF, 0xFF, 0xFF, 0xFF,
    0xFF, 0xFF, 0xFF, 0xFF, 0xFF, 0xFF, 0xFF, 0xFF, 0xFF, 0xFF, 0xFF, 0xFF,
    0xFF, 0xFF, 0xFF, 0xFF, 0xFF, 0xFF, 0xFF, 0xFF, 0xFF, 0xFF, 0xFF, 0xFF,
    0xFF, 0xFF, 0xFF, 0xFF, 0xFF, 0xFF, 0xFF, 0xFF, 0xFF, 0xFF, 0xFF, 0xFF,
    0xFF, 0xFF, 0xFF, 0xFF, 0xFF, 0xFF, 0xFF, 0xFF, 0xFF, 0xFF, 0xFF, 0xFF,
    0xFF, 0xFF, 0xFF, 0xFF, 0xFF, 0xFF, 0xFF, 0xFF, 0xFF, 0xFF, 0xFF, 0xFF,
    0xFF, 0xFF, 0xFF, 0xFF, 0xFF, 0xFF, 0xFF, 0xFF, 0xFF, 0xFF, 0xFF, 0xFF,
    0xFF, 0xFF, 0xFF, 0xFF, 0xFF, 0xFF, 0xFF, 0xFF, 0xFF, 0xFF, 0xFF, 0xFF,
    0xFF, 0xFF, 0xFF, 0xFF, 0xFF, 0xFF, 0xFF, 0xFF, 0xFF, 0xFF, 0xFF, 0xFF,
    0xFF, 0xFF, 0xFF, 0xFF, 0xFF, 0xFF, 0xFF, 0xFF, 0xFF, 0xFF, 0xFF, 0xFF,
    0xFF, 0xFF, 0xFF, 0xFF, 0xFF, 0xFF, 0xFF, 0xFF, 0xFF, 0xFF, 0xFF, 0xFF,
    0xFF, 0xFF, 0xFF, 0xFF, 0xFF, 0xFF, 0xFF, 0xFF, 0xFF, 0xFF, 0xFF, 0xFF,
    0xFF, 0xFF, 0xFF, 0xFF, 0xFF, 0xFF, 0xFF, 0xFF, 0xFF, 0xFF, 0xFF, 0xFF,
    0xFF, 0xFF, 0xFF, 0xFF, 0xFF, 0xFF, 0xFF, 0xFF, 0xFF, 0xFF, 0xFF, 0xFF,
    0xFF, 0xFF, 0xFF, 0xFF, 0xFF, 0xFF, 0xFF, 0xFF, 0xFF, 0xFF, 0xFF, 0xFF,
    0xFF, 0xFF, 0xFF, 0xFF, 0xFF, 0xFF, 0xFF, 0xFF, 0xFF, 0xFF, 0xFF, 0xFF,
    0xFF, 0xFF, 0xFF, 0xFF, 0xFF, 0xFF, 0xFF, 0xFF, 0xFF, 0xFF, 0xFF, 0xFF,
    0xFF, 0xFF, 0xFF, 0xFF, 0xFF, 0xFF, 0xFF, 0xFF, 0xFF, 0xFF, 0xFF, 0xFF,
    0xFF, 0xFF, 0xFF, 0xFF, 0x00, 0x00, 0x00, 0x00, 0xFF, 0xFF, 0xFF, 0xFF,
    0xFF, 0xFF, 0xFF, 0xFF, 0xFF, 0xFF, 0xFF, 0xFF, 0xFF, 0xFF, 0xFF, 0xFF,
    0xFF, 0xFF, 0xFF, 0xFF, 0xFF, 0xFF, 0xFF, 0xFF, 0x00, 0x00, 0x00, 0x00,
    0x00, 0x00, 0x00, 0x00, 0xFF, 0xFF, 0xFF, 0xFF, 0xFF, 0xFF, 0xFF, 0xFF,
    0xFF, 0xFF, 0xFF, 0xFF, 0xFF, 0xFF, 0xFF, 0xFF, 0xFF, 0xFF, 0xFF, 0xFF,
    0xFF, 0xFF, 0xFF, 0xFF, 0x00, 0x00, 0x00, 0x00, 0x00, 0x00, 0x00, 0x00,
    0xFF, 0xFF, 0xFF, 0xFF, 0xFF, 0xFF, 0xFF, 0xFF, 0xFF, 0xFF, 0xFF, 0xFF,
    0xFF, 0xFF, 0xFF, 0xFF, 0xFF, 0xFF, 0xFF, 0xFF, 0xFF, 0xFF, 0xFF, 0xFF,
    0x00, 0x00, 0x00, 0x00, 0x00, 0x00, 0x00, 0x00, 0xFF, 0xFF, 0xFF, 0xFF,
    0xFF, 0xFF, 0xFF, 0xFF, 0xFF, 0xFF, 0xFF, 0xFF, 0xFF, 0xFF, 0xFF, 0xFF,
    0xFF, 0xFF, 0xFF, 0xFF, 0xFF, 0xFF, 0xFF, 0xFF, 0x00, 0x00, 0x00, 0x00,
    0x00, 0x00, 0x00, 0x00, 0xFF, 0xFF, 0xFF, 0xFF, 0xFF, 0xFF, 0xFF, 0xFF,
    0xFF, 0xFF, 0xFF, 0xFF, 0xFF, 0xFF, 0xFF, 0xFF, 0xFF, 0xFF, 0xFF, 0xFF,
    0xFF, 0xFF, 0xFF, 0xFF, 0x00, 0x00, 0x00, 0x00, 0x00, 0x00, 0x00, 0x00,
    0xFF, 0xFF, 0xFF, 0xFF, 0xFF, 0xFF, 0xFF, 0xFF, 0xFF, 0xFF, 0xFF, 0xFF,
    0xFF, 0xFF, 0xFF, 0xFF, 0xFF, 0xFF, 0xFF, 0xFF, 0xFF, 0xFF, 0xFF, 0xFF,
    0x00, 0x00, 0x00, 0x00, 0x00, 0x00, 0x00, 0x00, 0xFF, 0xFF, 0xFF, 0xFF,
    0xFF, 0xFF, 0xFF, 0xFF, 0xFF, 0xFF, 0xFF, 0xFF, 0xFF, 0xFF, 0xFF, 0xFF,
    0xFF, 0xFF, 0xFF, 0xFF, 0xFF, 0xFF, 0xFF, 0xFF, 0x00, 0x00, 0x00, 0x00,
    0x00, 0x00, 0x00, 0x00, 0xFF, 0xFF, 0xFF, 0xFF, 0xFF, 0xFF, 0xFF, 0xFF,
    0xFF, 0xFF, 0xFF, 0xFF, 0xFF, 0xFF, 0xFF, 0xFF, 0xFF, 0xFF, 0xFF, 0xFF,
    0xFF, 0xFF, 0xFF, 0xFF, 0x00, 0x00, 0x00, 0x00, 0x00, 0x00, 0x00, 0x00,
    0xFF, 0xFF, 0xFF, 0xFF, 0xFF, 0xFF, 0xFF, 0xFF, 0xFF, 0xFF, 0xFF, 0xFF,
    0xFF, 0xFF, 0xFF, 0xFF, 0xFF, 0xFF, 0xFF, 0xFF, 0xFF, 0xFF, 0xFF, 0xFF,
    0x00, 0x00, 0x00, 0x00, 0x00, 0x00, 0x00, 0x00, 0xFF, 0xFF, 0xFF, 0xFF,
    0xFF, 0xFF, 0xFF, 0xFF, 0xFF, 0xFF, 0xFF, 0xFF, 0xFF, 0xFF, 0xFF, 0xFF,
    0xFF, 0xFF, 0xFF, 0xFF, 0xFF, 0xFF, 0xFF, 0xFF, 0x00, 0x00, 0x00, 0x00,
    0x00, 0x00, 0x00, 0x00, 0xFF, 0xFF, 0xFF, 0xFF, 0xFF, 0xFF, 0xFF, 0xFF,
    0xFF, 0xFF, 0xFF, 0xFF, 0xFF, 0xFF, 0xFF, 0xFF, 0xFF, 0xFF, 0xFF, 0xFF,
    0xFF, 0xFF, 0xFF, 0xFF, 0x00, 0x00, 0x00, 0x00, 0x00, 0x00, 0x00, 0x00,
    0xFF, 0xFF, 0xFF, 0xFF, 0xFF, 0xFF, 0xFF, 0xFF, 0xFF, 0xFF, 0xFF, 0xFF,
    0xFF, 0xFF, 0xFF, 0xFF, 0xFF, 0xFF, 0xFF, 0xFF, 0xFF, 0xFF, 0xFF, 0xFF,
    0x00, 0x00, 0x00, 0x00, 0x00, 0x00, 0x00, 0x00, 0xFF, 0xFF, 0xFF, 0xFF,
    0xFF, 0xFF, 0xFF, 0xFF, 0xFF, 0xFF, 0xFF, 0xFF, 0xFF, 0xFF, 0xFF, 0xFF,
    0xFF, 0xFF, 0xFF, 0xFF, 0xFF, 0xFF, 0xFF, 0xFF, 0x00, 0x00, 0x00, 0x00,
    0x00, 0x00, 0x00, 0x00, 0xFF, 0xFF, 0xFF, 0xFF, 0xFF, 0xFF, 0xFF, 0xFF,
    0xFF, 0xFF, 0xFF, 0xFF, 0xFF, 0xFF, 0xFF, 0xFF, 0xFF, 0xFF, 0xFF, 0xFF,
    0xFF, 0xFF, 0xFF, 0xFF, 0x00, 0x00, 0x00, 0x00, 0x00, 0x00, 0x00, 0x00,
    0xFF, 0xFF, 0xFF, 0xFF, 0xFF, 0xFF, 0xFF, 0xFF, 0xFF, 0xFF, 0xFF, 0xFF,
    0xFF, 0xFF, 0xFF, 0xFF, 0xFF, 0xFF, 0xFF, 0xFF, 0xFF, 0xFF, 0xFF, 0xFF,
    0x00, 0x00, 0x00, 0x00, 0x00, 0x00, 0x00, 0x00, 0xFF, 0xFF, 0xFF, 0xFF,
    0xFF, 0xFF, 0xFF, 0xFF, 0xFF, 0xFF, 0xFF, 0xFF, 0xFF, 0xFF, 0xFF, 0xFF,
    0xFF, 0xFF, 0xFF, 0xFF, 0xFF, 0xFF, 0xFF, 0xFF, 0x00, 0x00, 0x00, 0x00,
    0x00, 0x00, 0x00, 0x00, 0xFF, 0xFF, 0xFF, 0xFF, 0xFF, 0xFF, 0xFF, 0xFF,
    0xFF, 0xFF, 0xFF, 0xFF, 0xFF, 0xFF, 0xFF, 0xFF, 0xFF, 0xFF, 0xFF, 0xFF,
    0xFF, 0xFF, 0xFF, 0xFF, 0x00, 0x00, 0x00, 0x00, 0x00, 0x00, 0x00, 0x00,
    0xFF, 0xFF, 0xFF, 0xFF, 0xFF, 0xFF, 0xFF, 0xFF, 0xFF, 0xFF, 0xFF, 0xFF,
    0xFF, 0xFF, 0xFF, 0xFF, 0xFF, 0xFF, 0xFF, 0xFF, 0xFF, 0xFF, 0xFF, 0xFF,
    0x00, 0x00, 0x00, 0x00, 0xFF, 0xFF, 0xFF, 0xFF, 0xFF, 0xFF, 0xFF, 0xFF,
    0xFF, 0xFF, 0xFF, 0xFF, 0xFF, 0xFF, 0xFF, 0xFF, 0xFF, 0xFF, 0xFF, 0xFF,
    0xFF, 0xFF, 0xFF, 0xFF, 0xFF, 0xFF, 0xFF, 0xFF, 0xFF, 0xFF, 0xFF, 0xFF,
    0xFF, 0xFF, 0xFF, 0xFF, 0xFF, 0xFF, 0xFF, 0xFF, 0xFF, 0xFF, 0xFF, 0xFF,
    0xFF, 0xFF, 0xFF, 0xFF, 0xFF, 0xFF, 0xFF, 0xFF, 0xFF, 0xFF, 0xFF, 0xFF,
    0xFF, 0xFF, 0xFF, 0xFF, 0xFF, 0xFF, 0xFF, 0xFF, 0xFF, 0xFF, 0xFF, 0xFF,
    0xFF, 0xFF, 0xFF, 0xFF, 0xFF, 0xFF, 0xFF, 0xFF, 0xFF, 0xFF, 0xFF, 0xFF,
    0xFF, 0xFF, 0xFF, 0xFF, 0xFF, 0xFF, 0xFF, 0xFF, 0xFF, 0xFF, 0xFF, 0xFF,
    0xFF, 0xFF, 0xFF, 0xFF, 0xFF, 0xFF, 0xFF, 0xFF, 0xFF, 0xFF, 0xFF, 0xFF,
    0xFF, 0xFF, 0xFF, 0xFF, 0xFF, 0xFF, 0xFF, 0xFF, 0xFF, 0xFF, 0xFF, 0xFF,
    0xFF, 0xFF, 0xFF, 0xFF, 0xFF, 0xFF, 0xFF, 0xFF, 0xFF, 0xFF, 0xFF, 0xFF,
    0xFF, 0xFF, 0xFF, 0xFF, 0xFF, 0xFF, 0xFF, 0xFF, 0xFF, 0xFF, 0xFF, 0xFF,
    0xFF, 0xFF, 0xFF, 0xFF, 0xFF, 0xFF, 0xFF, 0xFF, 0xFF, 0xFF, 0xFF, 0xFF,
    0xFF, 0xFF, 0xFF, 0xFF, 0xFF, 0xFF, 0xFF, 0xFF, 0xFF, 0xFF, 0xFF, 0xFF,
    0xFF, 0xFF, 0xFF, 0xFF, 0xFF, 0xFF, 0xFF, 0xFF, 0xFF, 0xFF, 0xFF, 0xFF,
    0xFF, 0xFF, 0xFF, 0xFF, 0xFF, 0xFF, 0xFF, 0xFF, 0xFF, 0xFF, 0xFF, 0xFF,
    0xFF, 0xFF, 0xFF, 0xFF, 0xFF, 0xFF, 0xFF, 0xFF, 0xFF, 0xFF, 0xFF, 0xFF,
    0xFF, 0xFF, 0xFF, 0xFF, 0xFF, 0xFF, 0xFF, 0xFF, 0xFF, 0xFF, 0xFF, 0xFF,
    0xFF, 0xFF, 0xFF, 0xFF, 0xFF, 0xFF, 0xFF, 0xFF, 0xFF, 0xFF, 0xFF, 0xFF,
    0xFF, 0xFF, 0xFF, 0xFF, 0xFF, 0xFF, 0xFF, 0xFF, 0xFF, 0xFF, 0xFF, 0xFF,
    0xFF, 0xFF, 0xFF, 0xFF, 0xFF, 0xFF, 0xFF, 0xFF, 0xFF, 0xFF, 0xFF, 0xFF,
    0xFF, 0xFF, 0xFF, 0xFF, 0xFF, 0xFF, 0xFF, 0xFF, 0xFF, 0xFF, 0xFF, 0xFF,
    0xFF, 0xFF, 0xFF, 0xFF, 0xFF, 0xFF, 0xFF, 0xFF, 0xFF, 0xFF, 0xFF, 0xFF,
    0xFF, 0xFF, 0xFF, 0xFF, 0xFF, 0xFF, 0xFF, 0xFF, 0xFF, 0xFF, 0xFF, 0xFF,
    0xFF, 0xFF, 0xFF, 0xFF, 0xFF, 0xFF, 0xFF, 0xFF, 0xFF, 0xFF, 0xFF, 0xFF,
    0xFF, 0xFF, 0xFF, 0xFF, 0xFF, 0xFF, 0xFF, 0xFF, 0xFF, 0xFF, 0xFF, 0xFF,
    0xFF, 0xFF, 0xFF, 0xFF, 0xFF, 0xFF, 0xFF, 0xFF, 0xFF, 0xFF, 0xFF, 0xFF,
    0xFF, 0xFF, 0xFF, 0xFF, 0xFF, 0xFF, 0xFF, 0xFF, 0xFF, 0xFF, 0xFF, 0xFF,
    0xFF, 0xFF, 0xFF, 0xFF, 0xFF, 0xFF, 0xFF, 0xFF, 0xFF, 0xFF, 0xFF, 0xFF,
    0xFF, 0xFF, 0xFF, 0xFF, 0xFF, 0xFF, 0xFF, 0xFF, 0xFF, 0xFF, 0xFF, 0xFF,
    0xFF, 0xFF, 0xFF, 0xFF, 0xFF, 0xFF, 0xFF, 0xFF, 0xFF, 0xFF, 0xFF, 0xFF,
    0xFF, 0xFF, 0xFF, 0xFF, 0xFF, 0xFF, 0xFF, 0xFF, 0xFF, 0xFF, 0xFF, 0xFF,
    0xFF, 0xFF, 0xFF, 0xFF, 0xFF, 0xFF, 0xFF, 0xFF, 0xFF, 0xFF, 0xFF, 0xFF,
    0xFF, 0xFF, 0xFF, 0xFF, 0xFF, 0xFF, 0xFF, 0xFF, 0xFF, 0xFF, 0xFF, 0xFF,
    0xFF, 0xFF, 0xFF, 0xFF, 0xFF, 0xFF, 0xFF, 0xFF, 0xFF, 0xFF, 0xFF, 0xFF,
    0xFF, 0xFF, 0xFF, 0xFF, 0xFF, 0xFF, 0xFF, 0xFF, 0xFF, 0xFF, 0xFF, 0xFF,
    0xFF, 0xFF, 0xFF, 0xFF, 0xFF, 0xFF, 0xFF, 0xFF, 0xFF, 0xFF, 0xFF, 0xFF,
    0xFF, 0xFF, 0xFF, 0xFF, 0xFF, 0xFF, 0xFF, 0xFF, 0x00, 0x00, 0x00, 0x00,
    0xFF, 0xFF, 0xFF, 0xFF, 0xFF, 0xFF, 0xFF, 0xFF, 0xFF, 0xFF, 0xFF, 0xFF,
    0xFF, 0xFF, 0xFF, 0xFF, 0xFF, 0xFF, 0xFF, 0xFF, 0xFF, 0xFF, 0xFF, 0xFF,
    0x00, 0x00, 0x00, 0x00, 0x00, 0x00, 0x00, 0x00, 0xFF, 0xFF, 0xFF, 0xFF,
    0xFF, 0xFF, 0xFF, 0xFF, 0xFF, 0xFF, 0xFF, 0xFF, 0xFF, 0xFF, 0xFF, 0xFF,
    0xFF, 0xFF, 0xFF, 0xFF, 0xFF, 0xFF, 0xFF, 0xFF, 0x00, 0x00, 0x00, 0x00,
    0x00, 0x00, 0x00, 0x00, 0xFF, 0xFF, 0xFF, 0xFF, 0xFF, 0xFF, 0xFF, 0xFF,
    0xFF, 0xFF, 0xFF, 0xFF, 0xFF, 0xFF, 0xFF, 0xFF, 0xFF, 0xFF, 0xFF, 0xFF,
    0xFF, 0xFF, 0xFF, 0xFF, 0x00, 0x00, 0x00, 0x00, 0x00, 0x00, 0x00, 0x00,
    0xFF, 0xFF, 0xFF, 0xFF, 0xFF, 0xFF, 0xFF, 0xFF, 0xFF, 0xFF, 0xFF, 0xFF,
    0xFF, 0xFF, 0xFF, 0xFF, 0xFF, 0xFF, 0xFF, 0xFF, 0xFF, 0xFF, 0xFF, 0xFF,
    0x00, 0x00, 0x00, 0x00, 0x00, 0x00, 0x00, 0x00, 0xFF, 0xFF, 0xFF, 0xFF,
    0xFF, 0xFF, 0xFF, 0xFF, 0xFF, 0xFF, 0xFF, 0xFF, 0xFF, 0xFF, 0xFF, 0xFF,
    0xFF, 0xFF, 0xFF, 0xFF, 0xFF, 0xFF, 0xFF, 0xFF, 0x00, 0x00, 0x00, 0x00,
    0x00, 0x00, 0x00, 0x00, 0xFF, 0xFF, 0xFF, 0xFF, 0xFF, 0xFF, 0xFF, 0xFF,
    0xFF, 0xFF, 0xFF, 0xFF, 0xFF, 0xFF, 0xFF, 0xFF, 0xFF, 0xFF, 0xFF, 0xFF,
    0xFF, 0xFF, 0xFF, 0xFF, 0x00, 0x00, 0x00, 0x00, 0x00, 0x00, 0x00, 0x00,
    0xFF, 0xFF, 0xFF, 0xFF, 0xFF, 0xFF, 0xFF, 0xFF, 0xFF, 0xFF, 0xFF, 0xFF,
    0xFF, 0xFF, 0xFF, 0xFF, 0xFF, 0xFF, 0xFF, 0xFF, 0xFF, 0xFF, 0xFF, 0xFF,
    0x00, 0x00, 0x00, 0x00, 0x00, 0x00, 0x00, 0x00, 0xFF, 0xFF, 0xFF, 0xFF,
    0xFF, 0xFF, 0xFF, 0xFF, 0xFF, 0xFF, 0xFF, 0xFF, 0xFF, 0xFF, 0xFF, 0xFF,
    0xFF, 0xFF, 0xFF, 0xFF, 0xFF, 0xFF, 0xFF, 0xFF, 0x00, 0x00, 0x00, 0x00,
    0x00, 0x00, 0x00, 0x00, 0xFF, 0xFF, 0xFF, 0xFF, 0xFF, 0xFF, 0xFF, 0xFF,
    0xFF, 0xFF, 0xFF, 0xFF, 0xFF, 0xFF, 0xFF, 0xFF, 0xFF, 0xFF, 0xFF, 0xFF,
    0xFF, 0xFF, 0xFF, 0xFF, 0x00, 0x00, 0x00, 0x00, 0x00, 0x00, 0x00, 0x00,
    0xFF, 0xFF, 0xFF, 0xFF, 0xFF, 0xFF, 0xFF, 0xFF, 0xFF, 0xFF, 0xFF, 0xFF,
    0xFF, 0xFF, 0xFF, 0xFF, 0xFF, 0xFF, 0xFF, 0xFF, 0xFF, 0xFF, 0xFF, 0xFF,
    0x00, 0x00, 0x00, 0x00, 0x00, 0x00, 0x00, 0x00, 0xFF, 0xFF, 0xFF, 0xFF,
    0xFF, 0xFF, 0xFF, 0xFF, 0xFF, 0xFF, 0xFF, 0xFF, 0xFF, 0xFF, 0xFF, 0xFF,
    0xFF, 0xFF, 0xFF, 0xFF, 0xFF, 0xFF, 0xFF, 0xFF, 0x00, 0x00, 0x00, 0x00,
    0x00, 0x00, 0x00, 0x00, 0xFF, 0xFF, 0xFF, 0xFF, 0xFF, 0xFF, 0xFF, 0xFF,
    0xFF, 0xFF, 0xFF, 0xFF, 0xFF, 0xFF, 0xFF, 0xFF, 0xFF, 0xFF, 0xFF, 0xFF,
    0xFF, 0xFF, 0xFF, 0xFF, 0x00, 0x00, 0x00, 0x00, 0x00, 0x00, 0x00, 0x00,
    0xFF, 0xFF, 0xFF, 0xFF, 0xFF, 0xFF, 0xFF, 0xFF, 0xFF, 0xFF, 0xFF, 0xFF,
    0xFF, 0xFF, 0xFF, 0xFF, 0xFF, 0xFF, 0xFF, 0xFF, 0xFF, 0xFF, 0xFF, 0xFF,
    0x00, 0x00, 0x00, 0x00, 0x00, 0x00, 0x00, 0x00, 0xFF, 0xFF, 0xFF, 0xFF,
    0xFF, 0xFF, 0xFF, 0xFF, 0xFF, 0xFF, 0xFF, 0xFF, 0xFF, 0xFF, 0xFF, 0xFF,
    0xFF, 0xFF, 0xFF, 0xFF, 0xFF, 0xFF, 0xFF, 0xFF, 0x00, 0x00, 0x00, 0x00,
    0x00, 0x00, 0x00, 0x00, 0xFF, 0xFF, 0xFF, 0xFF, 0xFF, 0xFF, 0xFF, 0xFF,
    0xFF, 0xFF, 0xFF, 0xFF, 0xFF, 0xFF, 0xFF, 0xFF, 0xFF, 0xFF, 0xFF, 0xFF,
    0xFF, 0xFF, 0xFF, 0xFF, 0x00, 0x00, 0x00, 0x00, 0x00, 0x00, 0x00, 0x00,
    0xFF, 0xFF, 0xFF, 0xFF, 0xFF, 0xFF, 0xFF, 0xFF, 0xFF, 0xFF, 0xFF, 0xFF,
    0xFF, 0xFF, 0xFF, 0xFF, 0xFF, 0xFF, 0xFF, 0xFF, 0xFF, 0xFF, 0xFF, 0xFF,
    0x00, 0x00, 0x00, 0x00, 0x00, 0x00, 0x00, 0x00, 0xFF, 0xFF, 0xFF, 0xFF,
    0xFF, 0xFF, 0xFF, 0xFF, 0xFF, 0xFF, 0xFF, 0xFF, 0xFF, 0xFF, 0xFF, 0xFF,
    0xFF, 0xFF, 0xFF, 0xFF, 0xFF, 0xFF, 0xFF, 0xFF, 0x00, 0x00, 0x00, 0x00,
    0x00, 0x00, 0x00, 0x00, 0xFF, 0xFF, 0xFF, 0xFF, 0xFF, 0xFF, 0xFF, 0xFF,
    0xFF, 0xFF, 0xFF, 0xFF, 0xFF, 0xFF, 0xFF, 0xFF, 0xFF, 0xFF, 0xFF, 0xFF,
    0xFF, 0xFF, 0xFF, 0xFF, 0x00, 0x00, 0x00, 0x00, 0x00, 0x00, 0x00, 0x00,
    0xFF, 0xFF, 0xFF, 0xFF, 0xFF, 0xFF, 0xFF, 0xFF, 0xFF, 0xFF, 0xFF, 0xFF,
    0xFF, 0xFF, 0xFF, 0xFF, 0xFF, 0xFF, 0xFF, 0xFF, 0xFF, 0xFF, 0xFF, 0xFF,
    0x00, 0x00, 0x00, 0x00, 0x00, 0x00, 0x00, 0x00, 0xFF, 0xFF, 0xFF, 0xFF,
    0xFF, 0xFF, 0xFF, 0xFF, 0xFF, 0xFF, 0xFF, 0xFF, 0xFF, 0xFF, 0xFF, 0xFF,
    0xFF, 0xFF, 0xFF, 0xFF, 0xFF, 0xFF, 0xFF, 0xFF, 0x00, 0x00, 0x00, 0x00,
    0x00, 0x00, 0x00, 0x00, 0xFF, 0xFF, 0xFF, 0xFF, 0xFF, 0xFF, 0xFF, 0xFF,
    0xFF, 0xFF, 0xFF, 0xFF, 0xFF, 0xFF, 0xFF, 0xFF, 0xFF, 0xFF, 0xFF, 0xFF,
    0xFF, 0xFF, 0xFF, 0xFF, 0x00, 0x00, 0x00, 0x00, 0x00, 0x00, 0x00, 0x00,
    0xFF, 0xFF, 0xFF, 0xFF, 0xFF, 0xFF, 0xFF, 0xFF, 0xFF, 0xFF, 0xFF, 0xFF,
    0xFF, 0xFF, 0xFF, 0xFF, 0xFF, 0xFF, 0xFF, 0xFF, 0xFF, 0xFF, 0xFF, 0xFF,
    0x00, 0x00, 0x00, 0x00, 0x00, 0x00, 0x00, 0x00, 0xFF, 0xFF, 0xFF, 0xFF,
    0xFF, 0xFF, 0xFF, 0xFF, 0xFF, 0xFF, 0xFF, 0xFF, 0xFF, 0xFF, 0xFF, 0xFF,
    0xFF, 0xFF, 0xFF, 0xFF, 0xFF, 0xFF, 0xFF, 0xFF, 0x00, 0x00, 0x00, 0x00,
    0x00, 0x00, 0x00, 0x00, 0xFF, 0xFF, 0xFF, 0xFF, 0xFF, 0xFF, 0xFF, 0xFF,
    0xFF, 0xFF, 0xFF, 0xFF, 0xFF, 0xFF, 0xFF, 0xFF, 0xFF, 0xFF, 0xFF, 0xFF,
    0xFF, 0xFF, 0xFF, 0xFF, 0x00, 0x00, 0x00, 0x00, 0x00, 0x00, 0x00, 0x00,
    0xFF, 0xFF, 0xFF, 0xFF, 0xFF, 0xFF, 0xFF, 0xFF, 0xFF, 0xFF, 0xFF, 0xFF,
    0xFF, 0xFF, 0xFF, 0xFF, 0xFF, 0xFF, 0xFF, 0xFF, 0xFF, 0xFF, 0xFF, 0xFF,
    0x00, 0x00, 0x00, 0x00, 0x00, 0x00, 0x00, 0x00, 0xFF, 0xFF, 0xFF, 0xFF,
    0xFF, 0xFF, 0xFF, 0xFF, 0xFF, 0xFF, 0xFF, 0xFF, 0xFF, 0xFF, 0xFF, 0xFF,
    0xFF, 0xFF, 0xFF, 0xFF, 0xFF, 0xFF, 0xFF, 0xFF, 0x00, 0x00, 0x00, 0x00,
    0x00, 0x00, 0x00, 0x00, 0xFF, 0xFF, 0xFF, 0xFF, 0xFF, 0xFF, 0xFF, 0xFF,
    0xFF, 0xFF, 0xFF, 0xFF, 0xFF, 0xFF, 0xFF, 0xFF, 0xFF, 0xFF, 0xFF, 0xFF,
    0xFF, 0xFF, 0xFF, 0xFF, 0x00, 0x00, 0x00, 0x00, 0x00, 0x00, 0x00, 0x00,
    0xFF, 0xFF, 0xFF, 0xFF, 0xFF, 0xFF, 0xFF, 0xFF, 0xFF, 0xFF, 0xFF, 0xFF,
    0xFF, 0xFF, 0xFF, 0xFF, 0xFF, 0xFF, 0xFF, 0xFF, 0xFF, 0xFF, 0xFF, 0xFF,
    0x00, 0x00, 0x00, 0x00, 0x00, 0x00, 0x00, 0x00, 0xFF, 0xFF, 0xFF, 0xFF,
    0xFF, 0xFF, 0xFF, 0xFF, 0xFF, 0xFF, 0xFF, 0xFF, 0xFF, 0xFF, 0xFF, 0xFF,
    0xFF, 0xFF, 0xFF, 0xFF, 0xFF, 0xFF, 0xFF, 0xFF, 0x00, 0x00, 0x00, 0x00,
    0x00, 0x00, 0x00, 0x00, 0xFF, 0xFF, 0xFF, 0xFF, 0xFF, 0xFF, 0xFF, 0xFF,
    0xFF, 0xFF, 0xFF, 0xFF, 0xFF, 0xFF, 0xFF, 0xFF, 0xFF, 0xFF, 0xFF, 0xFF,
    0xFF, 0xFF, 0xFF, 0xFF, 0x00, 0x00, 0x00, 0x00, 0x00, 0x00, 0x00, 0x00,
    0xFF, 0xFF, 0xFF, 0xFF, 0xFF, 0xFF, 0xFF, 0xFF, 0xFF, 0xFF, 0xFF, 0xFF,
    0xFF, 0xFF, 0xFF, 0xFF, 0xFF, 0xFF, 0xFF, 0xFF, 0xFF, 0xFF, 0xFF, 0xFF,
    0x00, 0x00, 0x00, 0x00, 0x00, 0x00, 0x00, 0x00, 0xFF, 0xFF, 0xFF, 0xFF,
    0xFF, 0xFF, 0xFF, 0xFF, 0xFF, 0xFF, 0xFF, 0xFF, 0xFF, 0xFF, 0xFF, 0xFF,
    0xFF, 0xFF, 0xFF, 0xFF, 0xFF, 0xFF, 0xFF, 0xFF, 0x00, 0x00, 0x00, 0x00,
    0x00, 0x00, 0x00, 0x00, 0xFF, 0xFF, 0xFF, 0xFF, 0xFF, 0xFF, 0xFF, 0xFF,
    0xFF, 0xFF, 0xFF, 0xFF, 0xFF, 0xFF, 0xFF, 0xFF, 0xFF, 0xFF, 0xFF, 0xFF,
    0xFF, 0xFF, 0xFF, 0xFF, 0x00, 0x00, 0x00, 0x00, 0x00, 0x00, 0x00, 0x00,
    0xFF, 0xFF, 0xFF, 0xFF, 0xFF, 0xFF, 0xFF, 0xFF, 0xFF, 0xFF, 0xFF, 0xFF,
    0xFF, 0xFF, 0xFF, 0xFF, 0xFF, 0xFF, 0xFF, 0xFF, 0xFF, 0xFF, 0xFF, 0xFF,
    0x00, 0x00, 0x00, 0x00, 0x00, 0x00, 0x00, 0x00, 0xFF, 0xFF, 0xFF, 0xFF,
    0xFF, 0xFF, 0xFF, 0xFF, 0xFF, 0xFF, 0xFF, 0xFF, 0xFF, 0xFF, 0xFF, 0xFF,
    0xFF, 0xFF, 0xFF, 0xFF, 0xFF, 0xFF, 0xFF, 0xFF, 0x00, 0x00, 0x00, 0x00,
    0x00, 0x00, 0x00, 0x00, 0xFF, 0xFF, 0xFF, 0xFF, 0xFF, 0xFF, 0xFF, 0xFF,
    0xFF, 0xFF, 0xFF, 0xFF, 0xFF, 0xFF, 0xFF, 0xFF, 0xFF, 0xFF, 0xFF, 0xFF,
    0xFF, 0xFF, 0xFF, 0xFF, 0x00, 0x00, 0x00, 0x00, 0x00, 0x00, 0x00, 0x00,
    0xFF, 0xFF, 0xFF, 0xFF, 0xFF, 0xFF, 0xFF, 0xFF, 0xFF, 0xFF, 0xFF, 0xFF,
    0xFF, 0xFF, 0xFF, 0xFF, 0xFF, 0xFF, 0xFF, 0xFF, 0xFF, 0xFF, 0xFF, 0xFF,
    0x00, 0x00, 0x00, 0x00, 0x00, 0x00, 0x00, 0x00, 0xFF, 0xFF, 0xFF, 0xFF,
    0xFF, 0xFF, 0xFF, 0xFF, 0xFF, 0xFF, 0xFF, 0xFF, 0xFF, 0xFF, 0xFF, 0xFF,
    0xFF, 0xFF, 0xFF, 0xFF, 0xFF, 0xFF, 0xFF, 0xFF, 0x00, 0x00, 0x00, 0x00,
    0x00, 0x00, 0x00, 0x00, 0xFF, 0xFF, 0xFF, 0xFF, 0xFF, 0xFF, 0xFF, 0xFF,
    0xFF, 0xFF, 0xFF, 0xFF, 0xFF, 0xFF, 0xFF, 0xFF, 0xFF, 0xFF, 0xFF, 0xFF,
    0xFF, 0xFF, 0xFF, 0xFF, 0x00, 0x00, 0x00, 0x00, 0x00, 0x00, 0x00, 0x00,
    0xFF, 0xFF, 0xFF, 0xFF, 0xFF, 0xFF, 0xFF, 0xFF, 0xFF, 0xFF, 0xFF, 0xFF,
    0xFF, 0xFF, 0xFF, 0xFF, 0xFF, 0xFF, 0xFF, 0xFF, 0xFF, 0xFF, 0xFF, 0xFF,
    0x00, 0x00, 0x00, 0x00, 0x00, 0x00, 0x00, 0x00, 0xFF, 0xFF, 0xFF, 0xFF,
    0xFF, 0xFF, 0xFF, 0xFF, 0xFF, 0xFF, 0xFF, 0xFF, 0xFF, 0xFF, 0xFF, 0xFF,
    0xFF, 0xFF, 0xFF, 0xFF, 0xFF, 0xFF, 0xFF, 0xFF, 0x00, 0x00, 0x00, 0x00,
    0x00, 0x00, 0x00, 0x00, 0xFF, 0xFF, 0xFF, 0xFF, 0xFF, 0xFF, 0xFF, 0xFF,
    0xFF, 0xFF, 0xFF, 0xFF, 0xFF, 0xFF, 0xFF, 0xFF, 0xFF, 0xFF, 0xFF, 0xFF,
    0xFF, 0xFF, 0xFF, 0xFF, 0x00, 0x00, 0x00, 0x00, 0x00, 0x00, 0x00, 0x00,
    0xFF, 0xFF, 0xFF, 0xFF, 0xFF, 0xFF, 0xFF, 0xFF, 0xFF, 0xFF, 0xFF, 0xFF,
    0xFF, 0xFF, 0xFF, 0xFF, 0xFF, 0xFF, 0xFF, 0xFF, 0xFF, 0xFF, 0xFF, 0xFF,
    0x00, 0x00, 0x00, 0x00, 0x00, 0x00, 0x00, 0x00, 0xFF, 0xFF, 0xFF, 0xFF,
    0xFF, 0xFF, 0xFF, 0xFF, 0xFF, 0xFF, 0xFF, 0xFF, 0xFF, 0xFF, 0xFF, 0xFF,
    0xFF, 0xFF, 0xFF, 0xFF, 0xFF, 0xFF, 0xFF, 0xFF, 0x00, 0x00, 0x00, 0x00,
    0x00, 0x00, 0x00, 0x00, 0xFF, 0xFF, 0xFF, 0xFF, 0xFF, 0xFF, 0xFF, 0xFF,
    0xFF, 0xFF, 0xFF, 0xFF, 0xFF, 0xFF, 0xFF, 0xFF, 0xFF, 0xFF, 0xFF, 0xFF,
    0xFF, 0xFF, 0xFF, 0xFF, 0x00, 0x00, 0x00, 0x00, 0x00, 0x00, 0x00, 0x00,
    0xFF, 0xFF, 0xFF, 0xFF, 0xFF, 0xFF, 0xFF, 0xFF, 0xFF, 0xFF, 0xFF, 0xFF,
    0xFF, 0xFF, 0xFF, 0xFF, 0xFF, 0xFF, 0xFF, 0xFF, 0xFF, 0xFF, 0xFF, 0xFF,
    0x00, 0x00, 0x00, 0x00, 0x00, 0x00, 0x00, 0x00, 0xFF, 0xFF, 0xFF, 0xFF,
    0xFF, 0xFF, 0xFF, 0xFF, 0xFF, 0xFF, 0xFF, 0xFF, 0xFF, 0xFF, 0xFF, 0xFF,
    0xFF, 0xFF, 0xFF, 0xFF, 0xFF, 0xFF, 0xFF, 0xFF, 0x00, 0x00, 0x00, 0x00,
    0x00, 0x00, 0x00, 0x00, 0xFF, 0xFF, 0xFF, 0xFF, 0xFF, 0xFF, 0xFF, 0xFF,
    0xFF, 0xFF, 0xFF, 0xFF, 0xFF, 0xFF, 0xFF, 0xFF, 0xFF, 0xFF, 0xFF, 0xFF,
    0xFF, 0xFF, 0xFF, 0xFF, 0x00, 0x00, 0x00, 0x00, 0x00, 0x00, 0x00, 0x00,
    0xFF, 0xFF, 0xFF, 0xFF, 0xFF, 0xFF, 0xFF, 0xFF, 0xFF, 0xFF, 0xFF, 0xFF,
    0xFF, 0xFF, 0xFF, 0xFF, 0xFF, 0xFF, 0xFF, 0xFF, 0xFF, 0xFF, 0xFF, 0xFF,
    0x00, 0x00, 0x00, 0x00, 0x00, 0x00, 0x00, 0x00, 0xFF, 0xFF, 0xFF, 0xFF,
    0xFF, 0xFF, 0xFF, 0xFF, 0xFF, 0xFF, 0xFF, 0xFF, 0xFF, 0xFF, 0xFF, 0xFF,
    0xFF, 0xFF, 0xFF, 0xFF, 0xFF, 0xFF, 0xFF, 0xFF, 0x00, 0x00, 0x00, 0x00,
};

const lv_image_dsc_t flappy_pipe_top = {
    .header = {
        .magic = LV_IMAGE_HEADER_MAGIC,
        .cf = LV_COLOR_FORMAT_RGB565A8,
        .flags = 0,
        .w = 32,
        .h = 120,
        .stride = 64,
        .reserved_2 = 0,
    },
    .data_size = 11520,
    .data = flappy_pipe_top_map,
    .reserved = NULL,
};

const LV_ATTRIBUTE_MEM_ALIGN LV_ATTRIBUTE_LARGE_CONST uint8_t flappy_ground_map[6912] = {
    0xE9, 0xC4, 0xE9, 0xC4, 0xE9, 0xC4, 0xE9, 0xC4, 0xE9, 0xC4, 0xE9, 0xC4,
    0xE9, 0xC4, 0xE9, 0xC4, 0xE9, 0xC4, 0xE9, 0xC4, 0xE9, 0xC4, 0xE9, 0xC4,
    0xE9, 0xC4, 0xE9, 0xC4, 0xE9, 0xC4, 0xE9, 0xC4, 0xE9, 0xC4, 0xE9, 0xC4,
    0xE9, 0xC4, 0xE9, 0xC4, 0xE9, 0xC4, 0xE9, 0xC4, 0xE9, 0xC4, 0xE9, 0xC4,
    0xE9, 0xC4, 0xE9, 0xC4, 0xE9, 0xC4, 0xE9, 0xC4, 0xE9, 0xC4, 0xE9, 0xC4,
    0xE9, 0xC4, 0xE9, 0xC4, 0xE9, 0xC4, 0xE9, 0xC4, 0xE9, 0xC4, 0xE9, 0xC4,
    0xE9, 0xC4, 0xE9, 0xC4, 0xE9, 0xC4, 0xE9, 0xC4, 0xE9, 0xC4, 0xE9, 0xC4,
    0xE9, 0xC4, 0xE9, 0xC4, 0xE9, 0xC4, 0xE9, 0xC4, 0xE9, 0xC4, 0xE9, 0xC4,
    0xE9, 0xC4, 0xE9, 0xC4, 0xE9, 0xC4, 0xE9, 0xC4, 0xE9, 0xC4, 0xE9, 0xC4,
    0xE9, 0xC4, 0xE9, 0xC4, 0xE9, 0xC4, 0xE9, 0xC4, 0xE9, 0xC4, 0xE9, 0xC4,
    0xE9, 0xC4, 0xE9, 0xC4, 0xE9, 0xC4, 0xE9, 0xC4, 0xE9, 0xC4, 0xE9, 0xC4,
    0xE9, 0xC4, 0xE9, 0xC4, 0xE9, 0xC4, 0xE9, 0xC4, 0xE9, 0xC4, 0xE9, 0xC4,
    0xE9, 0xC4, 0xE9, 0xC4, 0xE9, 0xC4, 0xE9, 0xC4, 0xE9, 0xC4, 0xE9, 0xC4,
    0xE9, 0xC4, 0xE9, 0xC4, 0xE9, 0xC4, 0xE9, 0xC4, 0xE9, 0xC4, 0xE9, 0xC4,
    0xE9, 0xC4, 0xE9, 0xC4, 0xE9, 0xC4, 0xE9, 0xC4, 0xE9, 0xC4, 0xE9, 0xC4,
    0xE9, 0xC4, 0xE9, 0xC4, 0xE9, 0xC4, 0xE9, 0xC4, 0xE9, 0xC4, 0xE9, 0xC4,
    0xE9, 0xC4, 0xE9, 0xC4, 0xE9, 0xC4, 0xE9, 0xC4, 0xE9, 0xC4, 0xE9, 0xC4,
    0xE9, 0xC4, 0xE9, 0xC4, 0xE9, 0xC4, 0xE9, 0xC4, 0xE9, 0xC4, 0xE9, 0xC4,
    0xE9, 0xC4, 0xE9, 0xC4, 0xE9, 0xC4, 0xE9, 0xC4, 0xE9, 0xC4, 0xE9, 0xC4,
    0xE9, 0xC4, 0xE9, 0xC4, 0xE9, 0xC4, 0xE9, 0xC4, 0xE9, 0xC4, 0xE9, 0xC4,
    0xE9, 0xC4, 0xE9, 0xC4, 0xE9, 0xC4, 0xE9, 0xC4, 0xE9, 0xC4, 0xE9, 0xC4,
    0xE9, 0xC4, 0xE9, 0xC4, 0xE9, 0xC4, 0xE9, 0xC4, 0xE9, 0xC4, 0xE9, 0xC4,
    0xE9, 0xC4, 0xE9, 0xC4, 0xE9, 0xC4, 0xE9, 0xC4, 0xE9, 0xC4, 0xE9, 0xC4,
    0xE9, 0xC4, 0xE9, 0xC4, 0xE9, 0xC4, 0xE9, 0xC4, 0xE9, 0xC4, 0xE9, 0xC4,
    0xE9, 0xC4, 0xE9, 0xC4, 0xE9, 0xC4, 0xE9, 0xC4, 0xE9, 0xC4, 0xE9, 0xC4,
    0xE9, 0xC4, 0xE9, 0xC4, 0xE9, 0xC4, 0xE9, 0xC4, 0xE9, 0xC4, 0xE9, 0xC4,
    0xE9, 0xC4, 0xE9, 0xC4, 0xE9, 0xC4, 0xE9, 0xC4, 0xE9, 0xC4, 0xE9, 0xC4,
    0xE9, 0xC4, 0xE9, 0xC4, 0xE9, 0xC4, 0xE9, 0xC4, 0xE9, 0xC4, 0xE9, 0xC4,
    0xE9, 0xC4, 0xE9, 0xC4, 0xE9, 0xC4, 0xE9, 0xC4, 0xE9, 0xC4, 0xE9, 0xC4,
    0xE9, 0xC4, 0xE9, 0xC4, 0xE9, 0xC4, 0xE9, 0xC4, 0xE9, 0xC4, 0xE9, 0xC4,
    0xE9, 0xC4, 0xE9, 0xC4, 0xE9, 0xC4, 0xE9, 0xC4, 0xE9, 0xC4, 0xE9, 0xC4,
    0xE9, 0xC4, 0xE9, 0xC4, 0xE9, 0xC4, 0xE9, 0xC4, 0xE9, 0xC4, 0xE9, 0xC4,
    0xE9, 0xC4, 0xE9, 0xC4, 0xE9, 0xC4, 0xE9, 0xC4, 0xE9, 0xC4, 0xE9, 0xC4,
    0xE9, 0xC4, 0xE9, 0xC4, 0xE9, 0xC4, 0xE9, 0xC4, 0xE9, 0xC4, 0xE9, 0xC4,
    0xE9, 0xC4, 0xE9, 0xC4, 0xE9, 0xC4, 0xE9, 0xC4, 0xE9, 0xC4, 0xE9, 0xC4,
    0xE9, 0xC4, 0xE9, 0xC4, 0xE9, 0xC4, 0xE9, 0xC4, 0xE9, 0xC4, 0xE9, 0xC4,
    0xE9, 0xC4, 0xE9, 0xC4, 0xE9, 0xC4, 0xE9, 0xC4, 0xE9, 0xC4, 0xE9, 0xC4,
    0xE9, 0xC4, 0xE9, 0xC4, 0xE9, 0xC4, 0xE9, 0xC4, 0xE9, 0xC4, 0xE9, 0xC4,
    0xE9, 0xC4, 0xE9, 0xC4, 0xEB, 0x77, 0xEB, 0x77, 0xEB, 0x77, 0xEB, 0x77,
    0xEB, 0x77, 0xEB, 0x77, 0xEB, 0x77, 0xEB, 0x77, 0xEB, 0x77, 0xEB, 0x77,
    0xE9, 0xC4, 0xE9, 0xC4, 0xE9, 0xC4, 0xE9, 0xC4, 0xE9, 0xC4, 0xE9, 0xC4,
    0xE9, 0xC4, 0xE9, 0xC4, 0xE9, 0xC4, 0xE9, 0xC4, 0xE9, 0xC4, 0xE9, 0xC4,
    0xE9, 0xC4, 0xE9, 0xC4, 0xE9, 0xC4, 0xE9, 0xC4, 0xE9, 0xC4, 0xE9, 0xC4,
    0xE9, 0xC4, 0xE9, 0xC4, 0xE9, 0xC4, 0xE9, 0xC4, 0xE9, 0xC4, 0xE9, 0xC4,
    0xE9, 0xC4, 0xE9, 0xC4, 0xE9, 0xC4, 0xE9, 0xC4, 0xE9, 0xC4, 0xE9, 0xC4,
    0xE9, 0xC4, 0xE9, 0xC4, 0xE9, 0xC4, 0xE9, 0xC4, 0xE9, 0xC4, 0xE9, 0xC4,
    0xE9, 0xC4, 0xE9, 0xC4, 0xEB, 0x77, 0xEB, 0x77, 0xEB, 0x77, 0xEB, 0x77,
    0xEB, 0x77, 0xEB, 0x77, 0xEB, 0x77, 0xEB, 0x77, 0xEB, 0x77, 0xEB, 0x77,
    0xE9, 0xC4, 0xE9, 0xC4, 0xE9, 0xC4, 0xE9, 0xC4, 0xE9, 0xC4, 0xE9, 0xC4,
    0xE9, 0xC4, 0xE9, 0xC4, 0xE9, 0xC4, 0xE9, 0xC4, 0xE9, 0xC4, 0xE9, 0xC4,
    0xE9, 0xC4, 0xE9, 0xC4, 0xE9, 0xC4, 0xE9, 0xC4, 0xE9, 0xC4, 0xE9, 0xC4,
    0xE9, 0xC4, 0xE9, 0xC4, 0xE9, 0xC4, 0xE9, 0xC4, 0xE9, 0xC4, 0xE9, 0xC4,
    0xE9, 0xC4, 0xE9, 0xC4, 0xE9, 0xC4, 0xE9, 0xC4, 0xE9, 0xC4, 0xE9, 0xC4,
    0xE9, 0xC4, 0xE9, 0xC4, 0xE9, 0xC4, 0xE9, 0xC4, 0xE9, 0xC4, 0xE9, 0xC4,
    0xEB, 0x77, 0xEB, 0x77, 0xEB, 0x77, 0xEB, 0x77, 0xEB, 0x77, 0xEB, 0x77,
    0xEB, 0x77, 0xEB, 0x77, 0xEB, 0x77, 0xEB, 0x77, 0xEB, 0x77, 0xEB, 0x77,
    0xE9, 0xC4, 0xE9, 0xC4, 0xE9, 0xC4, 0xE9, 0xC4, 0xE9, 0xC4, 0xE9, 0xC4,
    0xE9, 0xC4, 0xE9, 0xC4, 0xE9, 0xC4, 0xE9, 0xC4, 0xE9, 0xC4, 0xE9, 0xC4,
    0xE9, 0xC4, 0xE9, 0xC4, 0xE9, 0xC4, 0xE9, 0xC4, 0xE9, 0xC4, 0xE9, 0xC4,
    0xE9, 0xC4, 0xE9, 0xC4, 0xE9, 0xC4, 0xE9, 0xC4, 0xE9, 0xC4, 0xE9, 0xC4,
    0xE9, 0xC4, 0xE9, 0xC4, 0xE9, 0xC4, 0xE9, 0xC4, 0xE9, 0xC4, 0xE9, 0xC4,
    0xE9, 0xC4, 0xE9, 0xC4, 0xE9, 0xC4, 0xE9, 0xC4, 0xE9, 0xC4, 0xE9, 0xC4,
    0xEB, 0x77, 0xEB, 0x77, 0xEB, 0x77, 0xEB, 0x77, 0xEB, 0x77, 0xEB, 0x77,
    0xEB, 0x77, 0xEB, 0x77, 0xEB, 0x77, 0xEB, 0x77, 0xEB, 0x77, 0xEB, 0x77,
    0xE9, 0xC4, 0xE9, 0xC4, 0xE9, 0xC4, 0xE9, 0xC4, 0xE9, 0xC4, 0xE9, 0xC4,
    0xE9, 0xC4, 0xE9, 0xC4, 0xE9, 0xC4, 0xE9, 0xC4, 0xE9, 0xC4, 0xE9, 0xC4,
    0xE9, 0xC4, 0xE9, 0xC4, 0xE9, 0xC4, 0xE9, 0xC4, 0xE9, 0xC4, 0xE9, 0xC4,
    0xE9, 0xC4, 0xE9, 0xC4, 0xE9, 0xC4, 0xE9, 0xC4, 0xE9, 0xC4, 0xE9, 0xC4,
    0xE9, 0xC4, 0xE9, 0xC4, 0xE9, 0xC4, 0xE9, 0xC4, 0xE9, 0xC4, 0xE9, 0xC4,
    0xE9, 0xC4, 0xE9, 0xC4, 0xE9, 0xC4, 0xE9, 0xC4, 0xE9, 0xC4, 0xE9, 0xC4,
    0xEB, 0x77, 0xEB, 0x77, 0xEB, 0x77, 0xEB, 0x77, 0xEB, 0x77, 0xEB, 0x77,
    0x08, 0x56, 0x08, 0x56, 0x08, 0x56, 0x08, 0x56, 0x08, 0x56, 0x08, 0x56,
    0xE9, 0xC4, 0xE9, 0xC4, 0xE9, 0xC4, 0xE9, 0xC4, 0xE9, 0xC4, 0xE9, 0xC4,
    0xE9, 0xC4, 0xE9, 0xC4, 0xE9, 0xC4, 0xE9, 0xC4, 0xE9, 0xC4, 0xE9, 0xC4,
    0xE9, 0xC4, 0xE9, 0xC4, 0xE9, 0xC4, 0xE9, 0xC4, 0xE9, 0xC4, 0xE9, 0xC4,
    0xE9, 0xC4, 0xE9, 0xC4, 0xE9, 0xC4, 0xE9, 0xC4, 0xE9, 0xC4, 0xE9, 0xC4,
    0xE9, 0xC4, 0xE9, 0xC4, 0xE9, 0xC4, 0xE9, 0xC4, 0xE9, 0xC4, 0xE9, 0xC4,
    0xE9, 0xC4, 0xE9, 0xC4, 0xE9, 0xC4, 0xE9, 0xC4, 0xE9, 0xC4, 0xE9, 0xC4,
    0xEB, 0x77, 0xEB, 0x77, 0xEB, 0x77, 0xEB, 0x77, 0xEB, 0x77, 0xEB, 0x77,
    0x08, 0x56, 0x08, 0x56, 0x08, 0x56, 0x08, 0x56, 0x08, 0x56, 0x08, 0x56,
    0xE9, 0xC4, 0xE9, 0xC4, 0xE9, 0xC4, 0xE9, 0xC4, 0xE9, 0xC4, 0xE9, 0xC4,
    0xE9, 0xC4, 0xE9, 0xC4, 0xE9, 0xC4, 0xE9, 0xC4, 0xE9, 0xC4, 0xE9, 0xC4,
    0xE9, 0xC4, 0xE9, 0xC4, 0xE9, 0xC4, 0xE9, 0xC4, 0xE9, 0xC4, 0xE9, 0xC4,
    0xE9, 0xC4, 0xE9, 0xC4, 0xE9, 0xC4, 0xE9, 0xC4, 0xE9, 0xC4, 0xE9, 0xC4,
    0xE9, 0xC4, 0xE9, 0xC4, 0xE9, 0xC4, 0xE9, 0xC4, 0xE9, 0xC4, 0xE9, 0xC4,
    0xE9, 0xC4, 0xE9, 0xC4, 0xE9, 0xC4, 0xE9, 0xC4, 0xE9, 0xC4, 0xE9, 0xC4,
    0xEB, 0x77, 0xEB, 0x77, 0x08, 0x56, 0x08, 0x56, 0x08, 0x56, 0x08, 0x56,
    0xC0, 0x71, 0xC0, 0x71, 0xC0, 0x71, 0xC0, 0x71, 0xC0, 0x71, 0xC0, 0x71,
    0xE9, 0xC4, 0xE9, 0xC4, 0xE9, 0xC4, 0xE9, 0xC4, 0xE9, 0xC4, 0xE9, 0xC4,
    0xE9, 0xC4, 0xE9, 0xC4, 0xE9, 0xC4, 0xE9, 0xC4, 0xE9, 0xC4, 0xE9, 0xC4,
    0xE9, 0xC4, 0xE9, 0xC4, 0xE9, 0xC4, 0xE9, 0xC4, 0xE9, 0xC4, 0xE9, 0xC4,
    0xE9, 0xC4, 0xE9, 0xC4, 0xE9, 0xC4, 0xE9, 0xC4, 0xE9, 0xC4, 0xE9, 0xC4,
    0xE9, 0xC4, 0xE9, 0xC4, 0xE9, 0xC4, 0xE9, 0xC4, 0xE9, 0xC4, 0xE9, 0xC4,
    0xE9, 0xC4, 0xE9, 0xC4, 0xE9, 0xC4, 0xE9, 0xC4, 0xE9, 0xC4, 0xE9, 0xC4,
    0xEB, 0x77, 0xEB, 0x77, 0x08, 0x56, 0x08, 0x56, 0x08, 0x56, 0x08, 0x56,
    0xC0, 0x71, 0xC0, 0x71, 0xC0, 0x71, 0xC0, 0x71, 0xC0, 0x71, 0xC0, 0x71,
    0xE9, 0xC4, 0xE9, 0xC4, 0xE9, 0xC4, 0xE9, 0xC4, 0xE9, 0xC4, 0xE9, 0xC4,
    0xE9, 0xC4, 0xE9, 0xC4, 0xE9, 0xC4, 0xE9, 0xC4, 0xE9, 0xC4, 0xE9, 0xC4,
    0xE9, 0xC4, 0xE9, 0xC4, 0xE9, 0xC4, 0xE9, 0xC4, 0xE9, 0xC4, 0xE9, 0xC4,
    0xE9, 0xC4, 0xE9, 0xC4, 0xE9, 0xC4, 0xE9, 0xC4, 0xE9, 0xC4, 0xE9, 0xC4,
    0xE9, 0xC4, 0xE9, 0xC4, 0xE9, 0xC4, 0xE9, 0xC4, 0xE9, 0xC4, 0xE9, 0xC4,
    0xE9, 0xC4, 0xE9, 0xC4, 0xE9, 0xC4, 0xE9, 0xC4, 0xE9, 0xC4, 0xE9, 0xC4,
    0x08, 0x56, 0x08, 0x56, 0xC0, 0x71, 0xC0, 0x71, 0xC0, 0x71, 0xC0, 0x71,
    0xC0, 0x71, 0xC0, 0x71, 0xC0, 0x71, 0xC0, 0x71, 0xC0, 0x71, 0xC0, 0x71,
    0xE9, 0xC4, 0xE9, 0xC4, 0xE9, 0xC4, 0xE9, 0xC4, 0xE9, 0xC4, 0xE9, 0xC4,
    0xE9, 0xC4, 0xE9, 0xC4, 0xE9, 0xC4, 0xE9, 0xC4, 0xE9, 0xC4, 0xE9, 0xC4,
    0xE9, 0xC4, 0xE9, 0xC4, 0xE9, 0xC4, 0xE9, 0xC4, 0xE9, 0xC4, 0xE9, 0xC4,
    0xE9, 0xC4, 0xE9, 0xC4, 0xE9, 0xC4, 0xE9, 0xC4, 0xE9, 0xC4, 0xE9, 0xC4,
    0xE9, 0xC4, 0xE9, 0xC4, 0xE9, 0xC4, 0xE9, 0xC4, 0xE9, 0xC4, 0xE9, 0xC4,
    0xE9, 0xC4, 0xE9, 0xC4, 0xE9, 0xC4, 0xE9, 0xC4, 0xE9, 0xC4, 0xE9, 0xC4,
    0x08, 0x56, 0x08, 0x56, 0xC0, 0x71, 0xC0, 0x71, 0xC0, 0x71, 0xC0, 0x71,
    0xC0, 0x71, 0xC0, 0x71, 0xC0, 0x71, 0xC0, 0x71, 0xC0, 0x71, 0xC0, 0x71,
    0xE9, 0xC4, 0xE9, 0xC4, 0xE9, 0xC4, 0xE9, 0xC4, 0xE9, 0xC4, 0xE9, 0xC4,
    0xE9, 0xC4, 0xE9, 0xC4, 0xE9, 0xC4, 0xE9, 0xC4, 0xE9, 0xC4, 0xE9, 0xC4,
    0xE9, 0xC4, 0xE9, 0xC4, 0xE9, 0xC4, 0xE9, 0xC4, 0xE9, 0xC4, 0xE9, 0xC4,
    0xE9, 0xC4, 0xE9, 0xC4, 0xE9, 0xC4, 0xE9, 0xC4, 0xE9, 0xC4, 0xE9, 0xC4,
    0xE9, 0xC4, 0xE9, 0xC4, 0xE9, 0xC4, 0xE9, 0xC4, 0xE9, 0xC4, 0xE9, 0xC4,
    0xE9, 0xC4, 0xE9, 0xC4, 0xE9, 0xC4, 0xE9, 0xC4, 0xE9, 0xC4, 0xE9, 0xC4,
    0xC0, 0x71, 0xC0, 0x71, 0xC0, 0x71, 0xC0, 0x71, 0x20, 0x8A, 0x20, 0x8A,
    0x20, 0x8A, 0x20, 0x8A, 0x20, 0x8A, 0x20, 0x8A, 0x20, 0x8A, 0x20, 0x8A,
    0xE9, 0xC4, 0xE9, 0xC4, 0xE9, 0xC4, 0xE9, 0xC4, 0xE9, 0xC4, 0xE9, 0xC4,
    0xE9, 0xC4, 0xE9, 0xC4, 0xE9, 0xC4, 0xE9, 0xC4, 0xE9, 0xC4, 0xE9, 0xC4,
    0xE9, 0xC4, 0xE9, 0xC4, 0xE9, 0xC4, 0xE9, 0xC4, 0xE9, 0xC4, 0xE9, 0xC4,
    0xE9, 0xC4, 0xE9, 0xC4, 0xE9, 0xC4, 0xE9, 0xC4, 0xE9, 0xC4, 0xE9, 0xC4,
    0xE9, 0xC4, 0xE9, 0xC4, 0xE9, 0xC4, 0xE9, 0xC4, 0xE9, 0xC4, 0xE9, 0xC4,
    0xE9, 0xC4, 0xE9, 0xC4, 0xE9, 0xC4, 0xE9, 0xC4, 0xE9, 0xC4, 0xE9, 0xC4,
    0xC0, 0x71, 0xC0, 0x71, 0xC0, 0x71, 0xC0, 0x71, 0x20, 0x8A, 0x20, 0x8A,
    0x20, 0x8A, 0x20, 0x8A, 0x20, 0x8A, 0x20, 0x8A, 0x20, 0x8A, 0x20, 0x8A,
    0xE9, 0xC4, 0xE9, 0xC4, 0xE9, 0xC4, 0xE9, 0xC4, 0xE9, 0xC4, 0xE9, 0xC4,
    0xEB, 0x77, 0xEB, 0x77, 0xEB, 0x77, 0xEB, 0x77, 0xEB, 0x77, 0xEB, 0x77,
    0xEB, 0x77, 0xEB, 0x77, 0xEB, 0x77, 0xEB, 0x77, 0xEB, 0x77, 0xEB, 0x77,
    0xEB, 0x77, 0xEB, 0x77, 0xEB, 0x77, 0xEB, 0x77, 0xEB, 0x77, 0xEB, 0x77,
    0xEB, 0x77, 0xEB, 0x77, 0xE9, 0xC4, 0xE9, 0xC4, 0xE9, 0xC4, 0xE9, 0xC4,
    0xE9, 0xC4, 0xE9, 0xC4, 0xE9, 0xC4, 0xE9, 0xC4, 0xE9, 0xC4, 0xE9, 0xC4,
    0x20, 0x8A, 0x20, 0x8A, 0x20, 0x8A, 0x20, 0x8A, 0x20, 0x8A, 0x20, 0x8A,
    0xA0, 0xA2, 0xA0, 0xA2, 0xA0, 0xA2, 0xA0, 0xA2, 0xA0, 0xA2, 0xA0, 0xA2,
    0xE9, 0xC4, 0xE9, 0xC4, 0xE9, 0xC4, 0xE9, 0xC4, 0xE9, 0xC4, 0xE9, 0xC4,
    0xEB, 0x77, 0xEB, 0x77, 0xEB, 0x77, 0xEB, 0x77, 0xEB, 0x77, 0xEB, 0x77,
    0xEB, 0x77, 0xEB, 0x77, 0xEB, 0x77, 0xEB, 0x77, 0xEB, 0x77, 0xEB, 0x77,
    0xEB, 0x77, 0xEB, 0x77, 0xEB, 0x77, 0xEB, 0x77, 0xEB, 0x77, 0xEB, 0x77,
    0xEB, 0x77, 0xEB, 0x77, 0xE9, 0xC4, 0xE9, 0xC4, 0xE9, 0xC4, 0xE9, 0xC4,
    0xE9, 0xC4, 0xE9, 0xC4, 0xE9, 0xC4, 0xE9, 0xC4, 0xE9, 0xC4, 0xE9, 0xC4,
    0x20, 0x8A, 0x20, 0x8A, 0x20, 0x8A, 0x20, 0x8A, 0x20, 0x8A, 0x20, 0x8A,
    0xA0, 0xA2, 0xA0, 0xA2, 0xA0, 0xA2, 0xA0, 0xA2, 0xA0, 0xA2, 0xA0, 0xA2,
    0xE9, 0xC4, 0xE9, 0xC4, 0xE9, 0xC4, 0xE9, 0xC4, 0xEB, 0x77, 0xEB, 0x77,
    0xEB, 0x77, 0xEB, 0x77, 0xEB, 0x77, 0xEB, 0x77, 0xEB, 0x77, 0xEB, 0x77,
    0xEB, 0x77, 0xEB, 0x77, 0xEB, 0x77, 0xEB, 0x77, 0xEB, 0x77, 0xEB, 0x77,
    0xEB, 0x77, 0xEB, 0x77, 0xEB, 0x77, 0xEB, 0x77, 0xEB, 0x77, 0xEB, 0x77,
    0xEB, 0x77, 0xEB, 0x77, 0xEB, 0x77, 0xEB, 0x77, 0xE9, 0xC4, 0xE9, 0xC4,
    0xE9, 0xC4, 0xE9, 0xC4, 0xE9, 0xC4, 0xE9, 0xC4, 0xE9, 0xC4, 0xE9, 0xC4,
    0x20, 0x8A, 0x20, 0x8A, 0x20, 0x8A, 0x20, 0x8A, 0x20, 0x8A, 0x20, 0x8A,
    0xA0, 0xA2, 0xA0, 0xA2, 0xA0, 0xA2, 0xA0, 0xA2, 0xA0, 0xA2, 0xA0, 0xA2,
    0xE9, 0xC4, 0xE9, 0xC4, 0xE9, 0xC4, 0xE9, 0xC4, 0xEB, 0x77, 0xEB, 0x77,
    0xEB, 0x77, 0xEB, 0x77, 0xEB, 0x77, 0xEB, 0x77, 0xEB, 0x77, 0xEB, 0x77,
    0xEB, 0x77, 0xEB, 0x77, 0xEB, 0x77, 0xEB, 0x77, 0xEB, 0x77, 0xEB, 0x77,
    0xEB, 0x77, 0xEB, 0x77, 0xEB, 0x77, 0xEB, 0x77, 0xEB, 0x77, 0xEB, 0x77,
    0xEB, 0x77, 0xEB, 0x77, 0xEB, 0x77, 0xEB, 0x77, 0xE9, 0xC4, 0xE9, 0xC4,
    0xE9, 0xC4, 0xE9, 0xC4, 0xE9, 0xC4, 0xE9, 0xC4, 0xE9, 0xC4, 0xE9, 0xC4,
    0x20, 0x8A, 0x20, 0x8A, 0x20, 0x8A, 0x20, 0x8A, 0x20, 0x8A, 0x20, 0x8A,
    0xA0, 0xA2, 0xA0, 0xA2, 0xA0, 0xA2, 0xA0, 0xA2, 0xA0, 0xA2, 0xA0, 0xA2,
    0xE9, 0xC4, 0xE9, 0xC4, 0xE9, 0xC4, 0xE9, 0xC4, 0xEB, 0x77, 0xEB, 0x77,
    0xEB, 0x77, 0xEB, 0x77, 0xEB, 0x77, 0xEB, 0x77, 0x08, 0x56, 0x08, 0x56,
    0x08, 0x56, 0x08, 0x56, 0x08, 0x56, 0x08, 0x56, 0x08, 0x56, 0x08, 0x56,
    0x08, 0x56, 0x08, 0x56, 0x08, 0x56, 0x08, 0x56, 0xEB, 0x77, 0xEB, 0x77,
    0xEB, 0x77, 0xEB, 0x77, 0xEB, 0x77, 0xEB, 0x77, 0xE9, 0xC4, 0xE9, 0xC4,
    0xE9, 0xC4, 0xE9, 0xC4, 0xE9, 0xC4, 0xE9, 0xC4, 0xE9, 0xC4, 0xE9, 0xC4,
    0x20, 0x8A, 0x20, 0x8A, 0x20, 0x8A, 0x20, 0x8A, 0x20, 0x8A, 0x20, 0x8A,
    0xA0, 0xA2, 0xA0, 0xA2, 0xA0, 0xA2, 0xA0, 0xA2, 0xA0, 0xA2, 0xA0, 0xA2,
    0xE9, 0xC4, 0xE9, 0xC4, 0xE9, 0xC4, 0xE9, 0xC4, 0xEB, 0x77, 0xEB, 0x77,
    0xEB, 0x77, 0xEB, 0x77, 0xEB, 0x77, 0xEB, 0x77, 0x08, 0x56, 0x08, 0x56,
    0x08, 0x56, 0x08, 0x56, 0x08, 0x56, 0x08, 0x56, 0x08, 0x56, 0x08, 0x56,
    0x08, 0x56, 0x08, 0x56, 0x08, 0x56, 0x08, 0x56, 0xEB, 0x77, 0xEB, 0x77,
    0xEB, 0x77, 0xEB, 0x77, 0xEB, 0x77, 0xEB, 0x77, 0xE9, 0xC4, 0xE9, 0xC4,
    0xE9, 0xC4, 0xE9, 0xC4, 0xE9, 0xC4, 0xE9, 0xC4, 0xE9, 0xC4, 0xE9, 0xC4,
    0x20, 0x8A, 0x20, 0x8A, 0x20, 0x8A, 0x20, 0x8A, 0x20, 0x8A, 0x20, 0x8A,
    0xA0, 0xA2, 0xA0, 0xA2, 0xA0, 0xA2, 0xA0, 0xA2, 0xA0, 0xA2, 0xA0, 0xA2,
    0xE9, 0xC4, 0xE9, 0xC4, 0xE9, 0xC4, 0xE9, 0xC4, 0xEB, 0x77, 0xEB, 0x77,
    0x08, 0x56, 0x08, 0x56, 0x08, 0x56, 0x08, 0x56, 0xC0, 0x71, 0xC0, 0x71,
    0xC0, 0x71, 0xC0, 0x71, 0xC0, 0x71, 0xC0, 0x71, 0xC0, 0x71, 0xC0, 0x71,
    0xC0, 0x71, 0xC0, 0x71, 0xC0, 0x71, 0xC0, 0x71, 0x08, 0x56, 0x08, 0x56,
    0x08, 0x56, 0x08, 0x56, 0xEB, 0x77, 0xEB, 0x77, 0xE9, 0xC4, 0xE9, 0xC4,
    0xE9, 0xC4, 0xE9, 0xC4, 0xE9, 0xC4, 0xE9, 0xC4, 0xE9, 0xC4, 0xE9, 0xC4,
    0x20, 0x8A, 0x20, 0x8A, 0x20, 0x8A, 0x20, 0x8A, 0x20, 0x8A, 0x20, 0x8A,
    0xA0, 0xA2, 0xA0, 0xA2, 0xA0, 0xA2, 0xA0, 0xA2, 0xA0, 0xA2, 0xA0, 0xA2,
    0xE9, 0xC4, 0xE9, 0xC4, 0xE9, 0xC4, 0xE9, 0xC4, 0xEB, 0x77, 0xEB, 0x77,
    0x08, 0x56, 0x08, 0x56, 0x08, 0x56, 0x08, 0x56, 0xC0, 0x71, 0xC0, 0x71,
    0xC0, 0x71, 0xC0, 0x71, 0xC0, 0x71, 0xC0, 0x71, 0xC0, 0x71, 0xC0, 0x71,
    0xC0, 0x71, 0xC0, 0x71, 0xC0, 0x71, 0xC0, 0x71, 0x08, 0x56, 0x08, 0x56,
    0x08, 0x56, 0x08, 0x56, 0xEB, 0x77, 0xEB, 0x77, 0xE9, 0xC4, 0xE9, 0xC4,
    0xE9, 0xC4, 0xE9, 0xC4, 0xE9, 0xC4, 0xE9, 0xC4, 0xE9, 0xC4, 0xE9, 0xC4,
    0x20, 0x8A, 0x20, 0x8A, 0x20, 0x8A, 0x20, 0x8A, 0x20, 0x8A, 0x20, 0x8A,
    0xA0, 0xA2, 0xA0, 0xA2, 0xA0, 0xA2, 0xA0, 0xA2, 0xA0, 0xA2, 0xA0, 0xA2,
    0xE9, 0xC4, 0xE9, 0xC4, 0xE9, 0xC4, 0xE9, 0xC4, 0x08, 0x56, 0x08, 0x56,
    0xC0, 0x71, 0xC0, 0x71, 0xC0, 0x71, 0xC0, 0x71, 0xC0, 0x71, 0xC0, 0x71,
    0xC0, 0x71, 0xC0, 0x71, 0xC0, 0x71, 0xC0, 0x71, 0xC0, 0x71, 0xC0, 0x71,
    0xC0, 0x71, 0xC0, 0x71, 0xC0, 0x71, 0xC0, 0x71, 0xC0, 0x71, 0xC0, 0x71,
    0xC0, 0x71, 0xC0, 0x71, 0x08, 0x56, 0x08, 0x56, 0xE9, 0xC4, 0xE9, 0xC4,
    0xE9, 0xC4, 0xE9, 0xC4, 0xE9, 0xC4, 0xE9, 0xC4, 0xE9, 0xC4, 0xE9, 0xC4,
    0x20, 0x8A, 0x20, 0x8A, 0x20, 0x8A, 0x20, 0x8A, 0x20, 0x8A, 0x20, 0x8A,
    0xA0, 0xA2, 0xA0, 0xA2, 0xA0, 0xA2, 0xA0, 0xA2, 0xA0, 0xA2, 0xA0, 0xA2,
    0xE9, 0xC4, 0xE9, 0xC4, 0xE9, 0xC4, 0xE9, 0xC4, 0x08, 0x56, 0x08, 0x56,
    0xC0, 0x71, 0xC0, 0x71, 0xC0, 0x71, 0xC0, 0x71, 0xC0, 0x71, 0xC0, 0x71,
    0xC0, 0x71, 0xC0, 0x71, 0xC0, 0x71, 0xC0, 0x71, 0xC0, 0x71, 0xC0, 0x71,
    0xC0, 0x71, 0xC0, 0x71, 0xC0, 0x71, 0xC0, 0x71, 0xC0, 0x71, 0xC0, 0x71,
    0xC0, 0x71, 0xC0, 0x71, 0x08, 0x56, 0x08, 0x56, 0xE9, 0xC4, 0xE9, 0xC4,
    0xE9, 0xC4, 0xE9, 0xC4, 0xE9, 0xC4, 0xE9, 0xC4, 0xE9, 0xC4, 0xE9, 0xC4,
    0x20, 0x8A, 0x20, 0x8A, 0x20, 0x8A, 0x20, 0x8A, 0x20, 0x8A, 0x20, 0x8A,
    0xA0, 0xA2, 0xA0, 0xA2, 0xA0, 0xA2, 0xA0, 0xA2, 0xA0, 0xA2, 0xA0, 0xA2,
    0xE9, 0xC4, 0xE9, 0xC4, 0xE9, 0xC4, 0xE9, 0xC4, 0xC0, 0x71, 0xC0, 0x71,
    0xC0, 0x71, 0xC0, 0x71, 0x20, 0x8A, 0x20, 0x8A, 0x20, 0x8A, 0x20, 0x8A,
    0x20, 0x8A, 0x20, 0x8A, 0x20, 0x8A, 0x20, 0x8A, 0xC0, 0x71, 0xC0, 0x71,
    0xC0, 0x71, 0xC0, 0x71, 0x20, 0x8A, 0x20, 0x8A, 0x20, 0x8A, 0x20, 0x8A,
    0xC0, 0x71, 0xC0, 0x71, 0xC0, 0x71, 0xC0, 0x71, 0xE9, 0xC4, 0xE9, 0xC4,
    0xE9, 0xC4, 0xE9, 0xC4, 0xE9, 0xC4, 0xE9, 0xC4, 0xE9, 0xC4, 0xE9, 0xC4,
    0x20, 0x8A, 0x20, 0x8A, 0x20, 0x8A, 0x20, 0x8A, 0xA0, 0xA2, 0xA0, 0xA2,
    0xA0, 0xA2, 0xA0, 0xA2, 0xA0, 0xA2, 0xA0, 0xA2, 0xA0, 0xA2, 0xA0, 0xA2,
    0xE9, 0xC4, 0xE9, 0xC4, 0xE9, 0xC4, 0xE9, 0xC4, 0xC0, 0x71, 0xC0, 0x71,
    0xC0, 0x71, 0xC0, 0x71, 0x20, 0x8A, 0x20, 0x8A, 0x20, 0x8A, 0x20, 0x8A,
    0x20, 0x8A, 0x20, 0x8A, 0x20, 0x8A, 0x20, 0x8A, 0xC0, 0x71, 0xC0, 0x71,
    0xC0, 0x71, 0xC0, 0x71, 0x20, 0x8A, 0x20, 0x8A, 0x20, 0x8A, 0x20, 0x8A,
    0xC0, 0x71, 0xC0, 0x71, 0xC0, 0x71, 0xC0, 0x71, 0xE9, 0xC4, 0xE9, 0xC4,
    0xE9, 0xC4, 0xE9, 0xC4, 0xE9, 0xC4, 0xE9, 0xC4, 0xE9, 0xC4, 0xE9, 0xC4,
    0x20, 0x8A, 0x20, 0x8A, 0x20, 0x8A, 0x20, 0x8A, 0xA0, 0xA2, 0xA0, 0xA2,
    0xA0, 0xA2, 0xA0, 0xA2, 0xA0, 0xA2, 0xA0, 0xA2, 0xA0, 0xA2, 0xA0, 0xA2,
    0xE9, 0xC4, 0xE9, 0xC4, 0xE9, 0xC4, 0xE9, 0xC4, 0x20, 0x8A, 0x20, 0x8A,
    0x20, 0x8A, 0x20, 0x8A, 0x20, 0x8A, 0x20, 0x8A, 0xA0, 0xA2, 0xA0, 0xA2,
    0xA0, 0xA2, 0xA0, 0xA2, 0xA0, 0xA2, 0xA0, 0xA2, 0xA0, 0xA2, 0xA0, 0xA2,
    0xA0, 0xA2, 0xA0, 0xA2, 0xA0, 0xA2, 0xA0, 0xA2, 0x20, 0x8A, 0x20, 0x8A,
    0x20, 0x8A, 0x20, 0x8A, 0x20, 0x8A, 0x20, 0x8A, 0xE9, 0xC4, 0xE9, 0xC4,
    0xE9, 0xC4, 0xE9, 0xC4, 0xE9, 0xC4, 0xE9, 0xC4, 0xE9, 0xC4, 0xE9, 0xC4,
    0x20, 0x8A, 0x20, 0x8A, 0x20, 0x8A, 0x20, 0x8A, 0xA0, 0xA2, 0xA0, 0xA2,
    0xA0, 0xA2, 0xA0, 0xA2, 0xA0, 0xA2, 0xA0, 0xA2, 0xA0, 0xA2, 0xA0, 0xA2,
    0xE9, 0xC4, 0xE9, 0xC4, 0xE9, 0xC4, 0xE9, 0xC4, 0x20, 0x8A, 0x20, 0x8A,
    0x20, 0x8A, 0x20, 0x8A, 0x20, 0x8A, 0x20, 0x8A, 0xA0, 0xA2, 0xA0, 0xA2,
    0xA0, 0xA2, 0xA0, 0xA2, 0xA0, 0xA2, 0xA0, 0xA2, 0xA0, 0xA2, 0xA0, 0xA2,
    0xA0, 0xA2, 0xA0, 0xA2, 0xA0, 0xA2, 0xA0, 0xA2, 0x20, 0x8A, 0x20, 0x8A,
    0x20, 0x8A, 0x20, 0x8A, 0x20, 0x8A, 0x20, 0x8A, 0xE9, 0xC4, 0xE9, 0xC4,
    0xE9, 0xC4, 0xE9, 0xC4, 0xE9, 0xC4, 0xE9, 0xC4, 0xE9, 0xC4, 0xE9, 0xC4,
    0x20, 0x8A, 0x20, 0x8A, 0x20, 0x8A, 0x20, 0x8A, 0xA0, 0xA2, 0xA0, 0xA2,
    0xA0, 0xA2, 0xA0, 0xA2, 0xA0, 0xA2, 0xA0, 0xA2, 0xA0, 0xA2, 0xA0, 0xA2,
    0xE9, 0xC4, 0xE9, 0xC4, 0xE9, 0xC4, 0xE9, 0xC4, 0x20, 0x8A, 0x20, 0x8A,
    0x20, 0x8A, 0x20, 0x8A, 0x20, 0x8A, 0x20, 0x8A, 0xA0, 0xA2, 0xA0, 0xA2,
    0xA0, 0xA2, 0xA0, 0xA2, 0xA0, 0xA2, 0xA0, 0xA2, 0xA0, 0xA2, 0xA0, 0xA2,
    0xA0, 0xA2, 0xA0, 0xA2, 0xA0, 0xA2, 0xA0, 0xA2, 0x20, 0x8A, 0x20, 0x8A,
    0x20, 0x8A, 0x20, 0x8A, 0x20, 0x8A, 0x20, 0x8A, 0xE9, 0xC4, 0xE9, 0xC4,
    0xE9, 0xC4, 0xE9, 0xC4, 0xE9, 0xC4, 0xE9, 0xC4, 0xE9, 0xC4, 0xE9, 0xC4,
    0x20, 0x8A, 0x20, 0x8A, 0x20, 0x8A, 0x20, 0x8A, 0xA0, 0xA2, 0xA0, 0xA2,
    0xA0, 0xA2, 0xA0, 0xA2, 0xA0, 0xA2, 0xA0, 0xA2, 0xA0, 0xA2, 0xA0, 0xA2,
    0xE9, 0xC4, 0xE9, 0xC4, 0xE9, 0xC4, 0xE9, 0xC4, 0x20, 0x8A, 0x20, 0x8A,
    0x20, 0x8A, 0x20, 0x8A, 0x20, 0x8A, 0x20, 0x8A, 0xA0, 0xA2, 0xA0, 0xA2,
    0xA0, 0xA2, 0xA0, 0xA2, 0xA0, 0xA2, 0xA0, 0xA2, 0xA0, 0xA2, 0xA0, 0xA2,
    0xA0, 0xA2, 0xA0, 0xA2, 0xA0, 0xA2, 0xA0, 0xA2, 0x20, 0x8A, 0x20, 0x8A,
    0x20, 0x8A, 0x20, 0x8A, 0x20, 0x8A, 0x20, 0x8A, 0xE9, 0xC4, 0xE9, 0xC4,
    0xE9, 0xC4, 0xE9, 0xC4, 0xE9, 0xC4, 0xE9, 0xC4, 0xE9, 0xC4, 0xE9, 0xC4,
    0x20, 0x8A, 0x20, 0x8A, 0x20, 0x8A, 0x20, 0x8A, 0xA0, 0xA2, 0xA0, 0xA2,
    0xA0, 0xA2, 0xA0, 0xA2, 0xA0, 0xA2, 0xA0, 0xA2, 0xA0, 0xA2, 0xA0, 0xA2,
    0xE9, 0xC4, 0xE9, 0xC4, 0xE9, 0xC4, 0xE9, 0xC4, 0x20, 0x8A, 0x20, 0x8A,
    0x20, 0x8A, 0x20, 0x8A, 0x20, 0x8A, 0x20, 0x8A, 0xA0, 0xA2, 0xA0, 0xA2,
    0xA0, 0xA2, 0xA0, 0xA2, 0xA0, 0xA2, 0xA0, 0xA2, 0xA0, 0xA2, 0xA0, 0xA2,
    0xA0, 0xA2, 0xA0, 0xA2, 0xA0, 0xA2, 0xA0, 0xA2, 0x20, 0x8A, 0x20, 0x8A,
    0x20, 0x8A, 0x20, 0x8A, 0x20, 0x8A, 0x20, 0x8A, 0xE9, 0xC4, 0xE9, 0xC4,
    0xE9, 0xC4, 0xE9, 0xC4, 0xE9, 0xC4, 0xE9, 0xC4, 0xE9, 0xC4, 0xE9, 0xC4,
    0x20, 0x8A, 0x20, 0x8A, 0x20, 0x8A, 0x20, 0x8A, 0xA0, 0xA2, 0xA0, 0xA2,
    0xA0, 0xA2, 0xA0, 0xA2, 0xA0, 0xA2, 0xA0, 0xA2, 0xA0, 0xA2, 0xA0, 0xA2,
    0xE9, 0xC4, 0xE9, 0xC4, 0xE9, 0xC4, 0xE9, 0xC4, 0x20, 0x8A, 0x20, 0x8A,
    0x20, 0x8A, 0x20, 0x8A, 0x20, 0x8A, 0x20, 0x8A, 0xA0, 0xA2, 0xA0, 0xA2,
    0xA0, 0xA2, 0xA0, 0xA2, 0xA0, 0xA2, 0xA0, 0xA2, 0xA0, 0xA2, 0xA0, 0xA2,
    0xA0, 0xA2, 0xA0, 0xA2, 0xA0, 0xA2, 0xA0, 0xA2, 0x20, 0x8A, 0x20, 0x8A,
    0x20, 0x8A, 0x20, 0x8A, 0x20, 0x8A, 0x20, 0x8A, 0xE9, 0xC4, 0xE9, 0xC4,
    0xE9, 0xC4, 0xE9, 0xC4, 0xE9, 0xC4, 0xE9, 0xC4, 0xE9, 0xC4, 0xE9, 0xC4,
    0x20, 0x8A, 0x20, 0x8A, 0x20, 0x8A, 0x20, 0x8A, 0xA0, 0xA2, 0xA0, 0xA2,
    0xA0, 0xA2, 0xA0, 0xA2, 0xA0, 0xA2, 0xA0, 0xA2, 0xA0, 0xA2, 0xA0, 0xA2,
    0xE9, 0xC4, 0xE9, 0xC4, 0xE9, 0xC4, 0xE9, 0xC4, 0x20, 0x8A, 0x20, 0x8A,
    0x20, 0x8A, 0x20, 0x8A, 0x20, 0x8A, 0x20, 0x8A, 0xA0, 0xA2, 0xA0, 0xA2,
    0xA0, 0xA2, 0xA0, 0xA2, 0xA0, 0xA2, 0xA0, 0xA2, 0xA0, 0xA2, 0xA0, 0xA2,
    0xA0, 0xA2, 0xA0, 0xA2, 0xA0, 0xA2, 0xA0, 0xA2, 0x20, 0x8A, 0x20, 0x8A,
    0x20, 0x8A, 0x20, 0x8A, 0x20, 0x8A, 0x20, 0x8A, 0xE9, 0xC4, 0xE9, 0xC4,
    0xE9, 0xC4, 0xE9, 0xC4, 0xE9, 0xC4, 0xE9, 0xC4, 0xE9, 0xC4, 0xE9, 0xC4,
    0x20, 0x8A, 0x20, 0x8A, 0x20, 0x8A, 0x20, 0x8A, 0x20, 0x8A, 0x20, 0x8A,
    0xA0, 0xA2, 0xA0, 0xA2, 0xA0, 0xA2, 0xA0, 0xA2, 0xA0, 0xA2, 0xA0, 0xA2,
    0xE9, 0xC4, 0xE9, 0xC4, 0xE9, 0xC4, 0xE9, 0xC4, 0x20, 0x8A, 0x20, 0x8A,
    0x20, 0x8A, 0x20, 0x8A, 0x20, 0x8A, 0x20, 0x8A, 0xA0, 0xA2, 0xA0, 0xA2,
    0xA0, 0xA2, 0xA0, 0xA2, 0xA0, 0xA2, 0xA0, 0xA2, 0xA0, 0xA2, 0xA0, 0xA2,
    0xA0, 0xA2, 0xA0, 0xA2, 0xA0, 0xA2, 0xA0, 0xA2, 0x20, 0x8A, 0x20, 0x8A,
    0x20, 0x8A, 0x20, 0x8A, 0x20, 0x8A, 0x20, 0x8A, 0xE9, 0xC4, 0xE9, 0xC4,
    0xE9, 0xC4, 0xE9, 0xC4, 0xE9, 0xC4, 0xE9, 0xC4, 0xE9, 0xC4, 0xE9, 0xC4,
    0x20, 0x8A, 0x20, 0x8A, 0x20, 0x8A, 0x20, 0x8A, 0x20, 0x8A, 0x20, 0x8A,
    0xA0, 0xA2, 0xA0, 0xA2, 0xA0, 0xA2, 0xA0, 0xA2, 0xA0, 0xA2, 0xA0, 0xA2,
    0xE9, 0xC4, 0xE9, 0xC4, 0xE9, 0xC4, 0xE9, 0xC4, 0x20, 0x8A, 0x20, 0x8A,
    0x20, 0x8A, 0x20, 0x8A, 0x20, 0x8A, 0x20, 0x8A, 0xA0, 0xA2, 0xA0, 0xA2,
    0xA0, 0xA2, 0xA0, 0xA2, 0xA0, 0xA2, 0xA0, 0xA2, 0xA0, 0xA2, 0xA0, 0xA2,
    0xA0, 0xA2, 0xA0, 0xA2, 0xA0, 0xA2, 0xA0, 0xA2, 0x20, 0x8A, 0x20, 0x8A,
    0x20, 0x8A, 0x20, 0x8A, 0x20, 0x8A, 0x20, 0x8A, 0xE9, 0xC4, 0xE9, 0xC4,
    0xE9, 0xC4, 0xE9, 0xC4, 0xE9, 0xC4, 0xE9, 0xC4, 0xE9, 0xC4, 0xE9, 0xC4,
    0x20, 0x8A, 0x20, 0x8A, 0x20, 0x8A, 0x20, 0x8A, 0x20, 0x8A, 0x20, 0x8A,
    0xA0, 0xA2, 0xA0, 0xA2, 0xA0, 0xA2, 0xA0, 0xA2, 0xA0, 0xA2, 0xA0, 0xA2,
    0xE9, 0xC4, 0xE9, 0xC4, 0xE9, 0xC4, 0xE9, 0xC4, 0x20, 0x8A, 0x20, 0x8A,
    0x20, 0x8A, 0x20, 0x8A, 0x20, 0x8A, 0x20, 0x8A, 0xA0, 0xA2, 0xA0, 0xA2,
    0xA0, 0xA2, 0xA0, 0xA2, 0xA0, 0xA2, 0xA0, 0xA2, 0xA0, 0xA2, 0xA0, 0xA2,
    0xA0, 0xA2, 0xA0, 0xA2, 0xA0, 0xA2, 0xA0, 0xA2, 0x20, 0x8A, 0x20, 0x8A,
    0x20, 0x8A, 0x20, 0x8A, 0x20, 0x8A, 0x20, 0x8A, 0xE9, 0xC4, 0xE9, 0xC4,
    0xE9, 0xC4, 0xE9, 0xC4, 0xE9, 0xC4, 0xE9, 0xC4, 0xE9, 0xC4, 0xE9, 0xC4,
    0x20, 0x8A, 0x20, 0x8A, 0x20, 0x8A, 0x20, 0x8A, 0x20, 0x8A, 0x20, 0x8A,
    0xA0, 0xA2, 0xA0, 0xA2, 0xA0, 0xA2, 0xA0, 0xA2, 0xA0, 0xA2, 0xA0, 0xA2,
    0xE9, 0xC4, 0xE9, 0xC4, 0xE9, 0xC4, 0xE9, 0xC4, 0x20, 0x8A, 0x20, 0x8A,
    0x20, 0x8A, 0x20, 0x8A, 0xA0, 0xA2, 0xA0, 0xA2, 0xA0, 0xA2, 0xA0, 0xA2,
    0xA0, 0xA2, 0xA0, 0xA2, 0xA0, 0xA2, 0xA0, 0xA2, 0xA0, 0xA2, 0xA0, 0xA2,
    0xA0, 0xA2, 0xA0, 0xA2, 0xA0, 0xA2, 0xA0, 0xA2, 0xA0, 0xA2, 0xA0, 0xA2,
    0x20, 0x8A, 0x20, 0x8A, 0x20, 0x8A, 0x20, 0x8A, 0xE9, 0xC4, 0xE9, 0xC4,
    0xE9, 0xC4, 0xE9, 0xC4, 0xE9, 0xC4, 0xE9, 0xC4, 0xE9, 0xC4, 0xE9, 0xC4,
    0x20, 0x8A, 0x20, 0x8A, 0x20, 0x8A, 0x20, 0x8A, 0x20, 0x8A, 0x20, 0x8A,
    0xA0, 0xA2, 0xA0, 0xA2, 0xA0, 0xA2, 0xA0, 0xA2, 0xA0, 0xA2, 0xA0, 0xA2,
    0xE9, 0xC4, 0xE9, 0xC4, 0xE9, 0xC4, 0xE9, 0xC4, 0x20, 0x8A, 0x20, 0x8A,
    0x20, 0x8A, 0x20, 0x8A, 0xA0, 0xA2, 0xA0, 0xA2, 0xA0, 0xA2, 0xA0, 0xA2,
    0xA0, 0xA2, 0xA0, 0xA2, 0xA0, 0xA2, 0xA0, 0xA2, 0xA0, 0xA2, 0xA0, 0xA2,
    0xA0, 0xA2, 0xA0, 0xA2, 0xA0, 0xA2, 0xA0, 0xA2, 0xA0, 0xA2, 0xA0, 0xA2,
    0x20, 0x8A, 0x20, 0x8A, 0x20, 0x8A, 0x20, 0x8A, 0xE9, 0xC4, 0xE9, 0xC4,
    0xE9, 0xC4, 0xE9, 0xC4, 0xE9, 0xC4, 0xE9, 0xC4, 0xE9, 0xC4, 0xE9, 0xC4,
    0x20, 0x8A, 0x20, 0x8A, 0x20, 0x8A, 0x20, 0x8A, 0x20, 0x8A, 0x20, 0x8A,
    0xA0, 0xA2, 0xA0, 0xA2, 0xA0, 0xA2, 0xA0, 0xA2, 0xA0, 0xA2, 0xA0, 0xA2,
    0xE9, 0xC4, 0xE9, 0xC4, 0xE9, 0xC4, 0xE9, 0xC4, 0x20, 0x8A, 0x20, 0x8A,
    0x20, 0x8A, 0x20, 0x8A, 0xA0, 0xA2, 0xA0, 0xA2, 0xA0, 0xA2, 0xA0, 0xA2,
    0xA0, 0xA2, 0xA0, 0xA2, 0xA0, 0xA2, 0xA0, 0xA2, 0xA0, 0xA2, 0xA0, 0xA2,
    0xA0, 0xA2, 0xA0, 0xA2, 0xA0, 0xA2, 0xA0, 0xA2, 0xA0, 0xA2, 0xA0, 0xA2,
    0x20, 0x8A, 0x20, 0x8A, 0x20, 0x8A, 0x20, 0x8A, 0xE9, 0xC4, 0xE9, 0xC4,
    0xE9, 0xC4, 0xE9, 0xC4, 0xE9, 0xC4, 0xE9, 0xC4, 0xE9, 0xC4, 0xE9, 0xC4,
    0x20, 0x8A, 0x20, 0x8A, 0x20, 0x8A, 0x20, 0x8A, 0x20, 0x8A, 0x20, 0x8A,
    0xA0, 0xA2, 0xA0, 0xA2, 0xA0, 0xA2, 0xA0, 0xA2, 0xA0, 0xA2, 0xA0, 0xA2,
    0xE9, 0xC4, 0xE9, 0xC4, 0xE9, 0xC4, 0xE9, 0xC4, 0x20, 0x8A, 0x20, 0x8A,
    0x20, 0x8A, 0x20, 0x8A, 0xA0, 0xA2, 0xA0, 0xA2, 0xA0, 0xA2, 0xA0, 0xA2,
    0xA0, 0xA2, 0xA0, 0xA2, 0xA0, 0xA2, 0xA0, 0xA2, 0xA0, 0xA2, 0xA0, 0xA2,
    0xA0, 0xA2, 0xA0, 0xA2, 0xA0, 0xA2, 0xA0, 0xA2, 0xA0, 0xA2, 0xA0, 0xA2,
    0x20, 0x8A, 0x20, 0x8A, 0x20, 0x8A, 0x20, 0x8A, 0xE9, 0xC4, 0xE9, 0xC4,
    0xE9, 0xC4, 0xE9, 0xC4, 0xE9, 0xC4, 0xE9, 0xC4, 0xE9, 0xC4, 0xE9, 0xC4,
    0x20, 0x8A, 0x20, 0x8A, 0x20, 0x8A, 0x20, 0x8A, 0x20, 0x8A, 0x20, 0x8A,
    0xA0, 0xA2, 0xA0, 0xA2, 0xA0, 0xA2, 0xA0, 0xA2, 0xA0, 0xA2, 0xA0, 0xA2,
    0xE9, 0xC4, 0xE9, 0xC4, 0xE9, 0xC4, 0xE9, 0xC4, 0x20, 0x8A, 0x20, 0x8A,
    0x20, 0x8A, 0x20, 0x8A, 0xA0, 0xA2, 0xA0, 0xA2, 0xA0, 0xA2, 0xA0, 0xA2,
    0xA0, 0xA2, 0xA0, 0xA2, 0xA0, 0xA2, 0xA0, 0xA2, 0xA0, 0xA2, 0xA0, 0xA2,
    0xA0, 0xA2, 0xA0, 0xA2, 0xA0, 0xA2, 0xA0, 0xA2, 0xA0, 0xA2, 0xA0, 0xA2,
    0x20, 0x8A, 0x20, 0x8A, 0x20, 0x8A, 0x20, 0x8A, 0xE9, 0xC4, 0xE9, 0xC4,
    0xE9, 0xC4, 0xE9, 0xC4, 0xE9, 0xC4, 0xE9, 0xC4, 0xE9, 0xC4, 0xE9, 0xC4,
    0x20, 0x8A, 0x20, 0x8A, 0x20, 0x8A, 0x20, 0x8A, 0x20, 0x8A, 0x20, 0x8A,
    0xA0, 0xA2, 0xA0, 0xA2, 0xA0, 0xA2, 0xA0, 0xA2, 0xA0, 0xA2, 0xA0, 0xA2,
    0xE9, 0xC4, 0xE9, 0xC4, 0xE9, 0xC4, 0xE9, 0xC4, 0x20, 0x8A, 0x20, 0x8A,
    0x20, 0x8A, 0x20, 0x8A, 0xA0, 0xA2, 0xA0, 0xA2, 0xA0, 0xA2, 0xA0, 0xA2,
    0xA0, 0xA2, 0xA0, 0xA2, 0xA0, 0xA2, 0xA0, 0xA2, 0xA0, 0xA2, 0xA0, 0xA2,
    0xA0, 0xA2, 0xA0, 0xA2, 0xA0, 0xA2, 0xA0, 0xA2, 0xA0, 0xA2, 0xA0, 0xA2,
    0x20, 0x8A, 0x20, 0x8A, 0x20, 0x8A, 0x20, 0x8A, 0xE9, 0xC4, 0xE9, 0xC4,
    0xE9, 0xC4, 0xE9, 0xC4, 0xE9, 0xC4, 0xE9, 0xC4, 0xE9, 0xC4, 0xE9, 0xC4,
    0x20, 0x8A, 0x20, 0x8A, 0x20, 0x8A, 0x20, 0x8A, 0x20, 0x8A, 0x20, 0x8A,
    0xA0, 0xA2, 0xA0, 0xA2, 0xA0, 0xA2, 0xA0, 0xA2, 0xA0, 0xA2, 0xA0, 0xA2,
    0xE9, 0xC4, 0xE9, 0xC4, 0xE9, 0xC4, 0xE9, 0xC4, 0x20, 0x8A, 0x20, 0x8A,
    0x20, 0x8A, 0x20, 0x8A, 0xA0, 0xA2, 0xA0, 0xA2, 0xA0, 0xA2, 0xA0, 0xA2,
    0xA0, 0xA2, 0xA0, 0xA2, 0xA0, 0xA2, 0xA0, 0xA2, 0xA0, 0xA2, 0xA0, 0xA2,
    0xA0, 0xA2, 0xA0, 0xA2, 0xA0, 0xA2, 0xA0, 0xA2, 0xA0, 0xA2, 0xA0, 0xA2,
    0x20, 0x8A, 0x20, 0x8A, 0x20, 0x8A, 0x20, 0x8A, 0xE9, 0xC4, 0xE9, 0xC4,
    0xE9, 0xC4, 0xE9, 0xC4, 0xE9, 0xC4, 0xE9, 0xC4, 0xE9, 0xC4, 0xE9, 0xC4,
    0x20, 0x8A, 0x20, 0x8A, 0x20, 0x8A, 0x20, 0x8A, 0x20, 0x8A, 0x20, 0x8A,
    0xA0, 0xA2, 0xA0, 0xA2, 0xA0, 0xA2, 0xA0, 0xA2, 0xA0, 0xA2, 0xA0, 0xA2,
    0xE9, 0xC4, 0xE9, 0xC4, 0xE9, 0xC4, 0xE9, 0xC4, 0x20, 0x8A, 0x20, 0x8A,
    0x20, 0x8A, 0x20, 0x8A, 0xA0, 0xA2, 0xA0, 0xA2, 0xA0, 0xA2, 0xA0, 0xA2,
    0xA0, 0xA2, 0xA0, 0xA2, 0xA0, 0xA2, 0xA0, 0xA2, 0xA0, 0xA2, 0xA0, 0xA2,
    0xA0, 0xA2, 0xA0, 0xA2, 0xA0, 0xA2, 0xA0, 0xA2, 0xA0, 0xA2, 0xA0, 0xA2,
    0x20, 0x8A, 0x20, 0x8A, 0x20, 0x8A, 0x20, 0x8A, 0xE9, 0xC4, 0xE9, 0xC4,
    0xE9, 0xC4, 0xE9, 0xC4, 0xE9, 0xC4, 0xE9, 0xC4, 0xE9, 0xC4, 0xE9, 0xC4,
    0x20, 0x8A, 0x20, 0x8A, 0x20, 0x8A, 0x20, 0x8A, 0x20, 0x8A, 0x20, 0x8A,
    0xA0, 0xA2, 0xA0, 0xA2, 0xA0, 0xA2, 0xA0, 0xA2, 0xA0, 0xA2, 0xA0, 0xA2,
    0xE9, 0xC4, 0xE9, 0xC4, 0xE9, 0xC4, 0xE9, 0xC4, 0x20, 0x8A, 0x20, 0x8A,
    0x20, 0x8A, 0x20, 0x8A, 0xA0, 0xA2, 0xA0, 0xA2, 0xA0, 0xA2, 0xA0, 0xA2,
    0xA0, 0xA2, 0xA0, 0xA2, 0xA0, 0xA2, 0xA0, 0xA2, 0xA0, 0xA2, 0xA0, 0xA2,
    0xA0, 0xA2, 0xA0, 0xA2, 0xA0, 0xA2, 0xA0, 0xA2, 0xA0, 0xA2, 0xA0, 0xA2,
    0x20, 0x8A, 0x20, 0x8A, 0x20, 0x8A, 0x20, 0x8A, 0xE9, 0xC4, 0xE9, 0xC4,
    0xE9, 0xC4, 0xE9, 0xC4, 0xE9, 0xC4, 0xE9, 0xC4, 0xE9, 0xC4, 0xE9, 0xC4,
    0x20, 0x8A, 0x20, 0x8A, 0x20, 0x8A, 0x20, 0x8A, 0x20, 0x8A, 0x20, 0x8A,
    0xA0, 0xA2, 0xA0, 0xA2, 0xA0, 0xA2, 0xA0, 0xA2, 0xA0, 0xA2, 0xA0, 0xA2,
    0xE9, 0xC4, 0xE9, 0xC4, 0xE9, 0xC4, 0xE9, 0xC4, 0x20, 0x8A, 0x20, 0x8A,
    0x20, 0x8A, 0x20, 0x8A, 0xA0, 0xA2, 0xA0, 0xA2, 0xA0, 0xA2, 0xA0, 0xA2,
    0xA0, 0xA2, 0xA0, 0xA2, 0xA0, 0xA2, 0xA0, 0xA2, 0xA0, 0xA2, 0xA0, 0xA2,
    0xA0, 0xA2, 0xA0, 0xA2, 0xA0, 0xA2, 0xA0, 0xA2, 0xA0, 0xA2, 0xA0, 0xA2,
    0x20, 0x8A, 0x20, 0x8A, 0x20, 0x8A, 0x20, 0x8A, 0xE9, 0xC4, 0xE9, 0xC4,
    0xE9, 0xC4, 0xE9, 0xC4, 0xE9, 0xC4, 0xE9, 0xC4, 0xE9, 0xC4, 0xE9, 0xC4,
    0x20, 0x8A, 0x20, 0x8A, 0x20, 0x8A, 0x20, 0x8A, 0x20, 0x8A, 0x20, 0x8A,
    0xA0, 0xA2, 0xA0, 0xA2, 0xA0, 0xA2, 0xA0, 0xA2, 0xA0, 0xA2, 0xA0, 0xA2,
    0xFF, 0xFF, 0xFF, 0xFF, 0xFF, 0xFF, 0xFF, 0xFF, 0xFF, 0xFF, 0xFF, 0xFF,
    0xFF, 0xFF, 0xFF, 0xFF, 0xFF, 0xFF, 0xFF, 0xFF, 0xFF, 0xFF, 0xFF, 0xFF,
    0xFF, 0xFF, 0xFF, 0xFF, 0xFF, 0xFF, 0xFF, 0xFF, 0xFF, 0xFF, 0xFF, 0xFF,
    0xFF, 0xFF, 0xFF, 0xFF, 0xFF, 0xFF, 0xFF, 0xFF, 0xFF, 0xFF, 0xFF, 0xFF,
    0xFF, 0xFF, 0xFF, 0xFF, 0xFF, 0xFF, 0xFF, 0xFF, 0xFF, 0xFF, 0xFF, 0xFF,
    0xFF, 0xFF, 0xFF, 0xFF, 0xFF, 0xFF, 0xFF, 0xFF, 0xFF, 0xFF, 0xFF, 0xFF,
    0xFF, 0xFF, 0xFF, 0xFF, 0xFF, 0xFF, 0xFF, 0xFF, 0xFF, 0xFF, 0xFF, 0xFF,
    0xFF, 0xFF, 0xFF, 0xFF, 0xFF, 0xFF, 0xFF, 0xFF, 0xFF, 0xFF, 0xFF, 0xFF,
    0xFF, 0xFF, 0xFF, 0xFF, 0xFF, 0xFF, 0xFF, 0xFF, 0xFF, 0xFF, 0xFF, 0xFF,
    0xFF, 0xFF, 0xFF, 0xFF, 0xFF, 0xFF, 0xFF, 0xFF, 0xFF, 0xFF, 0xFF, 0xFF,
    0xFF, 0xFF, 0xFF, 0xFF, 0xFF, 0xFF, 0xFF, 0xFF, 0xFF, 0xFF, 0xFF, 0xFF,
    0xFF, 0xFF, 0xFF, 0xFF, 0xFF, 0xFF, 0xFF, 0xFF, 0xFF, 0xFF, 0xFF, 0xFF,
    0xFF, 0xFF, 0xFF, 0xFF, 0xFF, 0xFF, 0xFF, 0xFF, 0xFF, 0xFF, 0xFF, 0xFF,
    0xFF, 0xFF, 0xFF, 0xFF, 0xFF, 0xFF, 0xFF, 0xFF, 0xFF, 0xFF, 0xFF, 0xFF,
    0xFF, 0xFF, 0xFF, 0xFF, 0xFF, 0xFF, 0xFF, 0xFF, 0xFF, 0xFF, 0xFF, 0xFF,
    0xFF, 0xFF, 0xFF, 0xFF, 0xFF, 0xFF, 0xFF, 0xFF, 0xFF, 0xFF, 0xFF, 0xFF,
    0xFF, 0xFF, 0xFF, 0xFF, 0xFF, 0xFF, 0xFF, 0xFF, 0xFF, 0xFF, 0xFF, 0xFF,
    0xFF, 0xFF, 0xFF, 0xFF, 0xFF, 0xFF, 0xFF, 0xFF, 0xFF, 0xFF, 0xFF, 0xFF,
    0xFF, 0xFF, 0xFF, 0xFF, 0xFF, 0xFF, 0xFF, 0xFF, 0xFF, 0xFF, 0xFF, 0xFF,
    0xFF, 0xFF, 0xFF, 0xFF, 0xFF, 0xFF, 0xFF, 0xFF, 0xFF, 0xFF, 0xFF, 0xFF,
    0xFF, 0xFF, 0xFF, 0xFF, 0xFF, 0xFF, 0xFF, 0xFF, 0xFF, 0xFF, 0xFF, 0xFF,
    0xFF, 0xFF, 0xFF, 0xFF, 0xFF, 0xFF, 0xFF, 0xFF, 0xFF, 0xFF, 0xFF, 0xFF,
    0xFF, 0xFF, 0xFF, 0xFF, 0xFF, 0xFF, 0xFF, 0xFF, 0xFF, 0xFF, 0xFF, 0xFF,
    0xFF, 0xFF, 0xFF, 0xFF, 0xFF, 0xFF, 0xFF, 0xFF, 0xFF, 0xFF, 0xFF, 0xFF,
    0xFF, 0xFF, 0xFF, 0xFF, 0xFF, 0xFF, 0xFF, 0xFF, 0xFF, 0xFF, 0xFF, 0xFF,
    0xFF, 0xFF, 0xFF, 0xFF, 0xFF, 0xFF, 0xFF, 0xFF, 0xFF, 0xFF, 0xFF, 0xFF,
    0xFF, 0xFF, 0xFF, 0xFF, 0xFF, 0xFF, 0xFF, 0xFF, 0xFF, 0xFF, 0xFF, 0xFF,
    0xFF, 0xFF, 0xFF, 0xFF, 0xFF, 0xFF, 0xFF, 0xFF, 0xFF, 0xFF, 0xFF, 0xFF,
    0xFF, 0xFF, 0xFF, 0xFF, 0xFF, 0xFF, 0xFF, 0xFF, 0xFF, 0xFF, 0xFF, 0xFF,
    0xFF, 0xFF, 0xFF, 0xFF, 0xFF, 0xFF, 0xFF, 0xFF, 0xFF, 0xFF, 0xFF, 0xFF,
    0xFF, 0xFF, 0xFF, 0xFF, 0xFF, 0xFF, 0xFF, 0xFF, 0xFF, 0xFF, 0xFF, 0xFF,
    0xFF, 0xFF, 0xFF, 0xFF, 0xFF, 0xFF, 0xFF, 0xFF, 0xFF, 0xFF, 0xFF, 0xFF,
    0xFF, 0xFF, 0xFF, 0xFF, 0xFF, 0xFF, 0xFF, 0xFF, 0xFF, 0xFF, 0xFF, 0xFF,
    0xFF, 0xFF, 0xFF, 0xFF, 0xFF, 0xFF, 0xFF, 0xFF, 0xFF, 0xFF, 0xFF, 0xFF,
    0xFF, 0xFF, 0xFF, 0xFF, 0xFF, 0xFF, 0xFF, 0xFF, 0xFF, 0xFF, 0xFF, 0xFF,
    0xFF, 0xFF, 0xFF, 0xFF, 0xFF, 0xFF, 0xFF, 0xFF, 0xFF, 0xFF, 0xFF, 0xFF,
    0xFF, 0xFF, 0xFF, 0xFF, 0xFF, 0xFF, 0xFF, 0xFF, 0xFF, 0xFF, 0xFF, 0xFF,
    0xFF, 0xFF, 0xFF, 0xFF, 0xFF, 0xFF, 0xFF, 0xFF, 0xFF, 0xFF, 0xFF, 0xFF,
    0xFF, 0xFF, 0xFF, 0xFF, 0xFF, 0xFF, 0xFF, 0xFF, 0xFF, 0xFF, 0xFF, 0xFF,
    0xFF, 0xFF, 0xFF, 0xFF, 0xFF, 0xFF, 0xFF, 0xFF, 0xFF, 0xFF, 0xFF, 0xFF,
    0xFF, 0xFF, 0xFF, 0xFF, 0xFF, 0xFF, 0xFF, 0xFF, 0xFF, 0xFF, 0xFF, 0xFF,
    0xFF, 0xFF, 0xFF, 0xFF, 0xFF, 0xFF, 0xFF, 0xFF, 0xFF, 0xFF, 0xFF, 0xFF,
    0xFF, 0xFF, 0xFF, 0xFF, 0xFF, 0xFF, 0xFF, 0xFF, 0xFF, 0xFF, 0xFF, 0xFF,
    0xFF, 0xFF, 0xFF, 0xFF, 0xFF, 0xFF, 0xFF, 0xFF, 0xFF, 0xFF, 0xFF, 0xFF,
    0xFF, 0xFF, 0xFF, 0xFF, 0xFF, 0xFF, 0xFF, 0xFF, 0xFF, 0xFF, 0xFF, 0xFF,
    0xFF, 0xFF, 0xFF, 0xFF, 0xFF, 0xFF, 0xFF, 0xFF, 0xFF, 0xFF, 0xFF, 0xFF,
    0xFF, 0xFF, 0xFF, 0xFF, 0xFF, 0xFF, 0xFF, 0xFF, 0xFF, 0xFF, 0xFF, 0xFF,
    0xFF, 0xFF, 0xFF, 0xFF, 0xFF, 0xFF, 0xFF, 0xFF, 0xFF, 0xFF, 0xFF, 0xFF,
    0xFF, 0xFF, 0xFF, 0xFF, 0xFF, 0xFF, 0xFF, 0xFF, 0xFF, 0xFF, 0xFF, 0xFF,
    0xFF, 0xFF, 0xFF, 0xFF, 0xFF, 0xFF, 0xFF, 0xFF, 0xFF, 0xFF, 0xFF, 0xFF,
    0xFF, 0xFF, 0xFF, 0xFF, 0xFF, 0xFF, 0xFF, 0xFF, 0xFF, 0xFF, 0xFF, 0xFF,
    0xFF, 0xFF, 0xFF, 0xFF, 0xFF, 0xFF, 0xFF, 0xFF, 0xFF, 0xFF, 0xFF, 0xFF,
    0xFF, 0xFF, 0xFF, 0xFF, 0xFF, 0xFF, 0xFF, 0xFF, 0xFF, 0xFF, 0xFF, 0xFF,
    0xFF, 0xFF, 0xFF, 0xFF, 0xFF, 0xFF, 0xFF, 0xFF, 0xFF, 0xFF, 0xFF, 0xFF,
    0xFF, 0xFF, 0xFF, 0xFF, 0xFF, 0xFF, 0xFF, 0xFF, 0xFF, 0xFF, 0xFF, 0xFF,
    0xFF, 0xFF, 0xFF, 0xFF, 0xFF, 0xFF, 0xFF, 0xFF, 0xFF, 0xFF, 0xFF, 0xFF,
    0xFF, 0xFF, 0xFF, 0xFF, 0xFF, 0xFF, 0xFF, 0xFF, 0xFF, 0xFF, 0xFF, 0xFF,
    0xFF, 0xFF, 0xFF, 0xFF, 0xFF, 0xFF, 0xFF, 0xFF, 0xFF, 0xFF, 0xFF, 0xFF,
    0xFF, 0xFF, 0xFF, 0xFF, 0xFF, 0xFF, 0xFF, 0xFF, 0xFF, 0xFF, 0xFF, 0xFF,
    0xFF, 0xFF, 0xFF, 0xFF, 0xFF, 0xFF, 0xFF, 0xFF, 0xFF, 0xFF, 0xFF, 0xFF,
    0xFF, 0xFF, 0xFF, 0xFF, 0xFF, 0xFF, 0xFF, 0xFF, 0xFF, 0xFF, 0xFF, 0xFF,
    0xFF, 0xFF, 0xFF, 0xFF, 0xFF, 0xFF, 0xFF, 0xFF, 0xFF, 0xFF, 0xFF, 0xFF,
    0xFF, 0xFF, 0xFF, 0xFF, 0xFF, 0xFF, 0xFF, 0xFF, 0xFF, 0xFF, 0xFF, 0xFF,
    0xFF, 0xFF, 0xFF, 0xFF, 0xFF, 0xFF, 0xFF, 0xFF, 0xFF, 0xFF, 0xFF, 0xFF,
    0xFF, 0xFF, 0xFF, 0xFF, 0xFF, 0xFF, 0xFF, 0xFF, 0xFF, 0xFF, 0xFF, 0xFF,
    0xFF, 0xFF, 0xFF, 0xFF, 0xFF, 0xFF, 0xFF, 0xFF, 0xFF, 0xFF, 0xFF, 0xFF,
    0xFF, 0xFF, 0xFF, 0xFF, 0xFF, 0xFF, 0xFF, 0xFF, 0xFF, 0xFF, 0xFF, 0xFF,
    0xFF, 0xFF, 0xFF, 0xFF, 0xFF, 0xFF, 0xFF, 0xFF, 0xFF, 0xFF, 0xFF, 0xFF,
    0xFF, 0xFF, 0xFF, 0xFF, 0xFF, 0xFF, 0xFF, 0xFF, 0xFF, 0xFF, 0xFF, 0xFF,
    0xFF, 0xFF, 0xFF, 0xFF, 0xFF, 0xFF, 0xFF, 0xFF, 0xFF, 0xFF, 0xFF, 0xFF,
    0xFF, 0xFF, 0xFF, 0xFF, 0xFF, 0xFF, 0xFF, 0xFF, 0xFF, 0xFF, 0xFF, 0xFF,
    0xFF, 0xFF, 0xFF, 0xFF, 0xFF, 0xFF, 0xFF, 0xFF, 0xFF, 0xFF, 0xFF, 0xFF,
    0xFF, 0xFF, 0xFF, 0xFF, 0xFF, 0xFF, 0xFF, 0xFF, 0xFF, 0xFF, 0xFF, 0xFF,
    0xFF, 0xFF, 0xFF, 0xFF, 0xFF, 0xFF, 0xFF, 0xFF, 0xFF, 0xFF, 0xFF, 0xFF,
    0xFF, 0xFF, 0xFF, 0xFF, 0xFF, 0xFF, 0xFF, 0xFF, 0xFF, 0xFF, 0xFF, 0xFF,
    0xFF, 0xFF, 0xFF, 0xFF, 0xFF, 0xFF, 0xFF, 0xFF, 0xFF, 0xFF, 0xFF, 0xFF,
    0xFF, 0xFF, 0xFF, 0xFF, 0xFF, 0xFF, 0xFF, 0xFF, 0xFF, 0xFF, 0xFF, 0xFF,
    0xFF, 0xFF, 0xFF, 0xFF, 0xFF, 0xFF, 0xFF, 0xFF, 0xFF, 0xFF, 0xFF, 0xFF,
    0xFF, 0xFF, 0xFF, 0xFF, 0xFF, 0xFF, 0xFF, 0xFF, 0xFF, 0xFF, 0xFF, 0xFF,
    0xFF, 0xFF, 0xFF, 0xFF, 0xFF, 0xFF, 0xFF, 0xFF, 0xFF, 0xFF, 0xFF, 0xFF,
    0xFF, 0xFF, 0xFF, 0xFF, 0xFF, 0xFF, 0xFF, 0xFF, 0xFF, 0xFF, 0xFF, 0xFF,
    0xFF, 0xFF, 0xFF, 0xFF, 0xFF, 0xFF, 0xFF, 0xFF, 0xFF, 0xFF, 0xFF, 0xFF,
    0xFF, 0xFF, 0xFF, 0xFF, 0xFF, 0xFF, 0xFF, 0xFF, 0xFF, 0xFF, 0xFF, 0xFF,
    0xFF, 0xFF, 0xFF, 0xFF, 0xFF, 0xFF, 0xFF, 0xFF, 0xFF, 0xFF, 0xFF, 0xFF,
    0xFF, 0xFF, 0xFF, 0xFF, 0xFF, 0xFF, 0xFF, 0xFF, 0xFF, 0xFF, 0xFF, 0xFF,
    0xFF, 0xFF, 0xFF, 0xFF, 0xFF, 0xFF, 0xFF, 0xFF, 0xFF, 0xFF, 0xFF, 0xFF,
    0xFF, 0xFF, 0xFF, 0xFF, 0xFF, 0xFF, 0xFF, 0xFF, 0xFF, 0xFF, 0xFF, 0xFF,
    0xFF, 0xFF, 0xFF, 0xFF, 0xFF, 0xFF, 0xFF, 0xFF, 0xFF, 0xFF, 0xFF, 0xFF,
    0xFF, 0xFF, 0xFF, 0xFF, 0xFF, 0xFF, 0xFF, 0xFF, 0xFF, 0xFF, 0xFF, 0xFF,
    0xFF, 0xFF, 0xFF, 0xFF, 0xFF, 0xFF, 0xFF, 0xFF, 0xFF, 0xFF, 0xFF, 0xFF,
    0xFF, 0xFF, 0xFF, 0xFF, 0xFF, 0xFF, 0xFF, 0xFF, 0xFF, 0xFF, 0xFF, 0xFF,
    0xFF, 0xFF, 0xFF, 0xFF, 0xFF, 0xFF, 0xFF, 0xFF, 0xFF, 0xFF, 0xFF, 0xFF,
    0xFF, 0xFF, 0xFF, 0xFF, 0xFF, 0xFF, 0xFF, 0xFF, 0xFF, 0xFF, 0xFF, 0xFF,
    0xFF, 0xFF, 0xFF, 0xFF, 0xFF, 0xFF, 0xFF, 0xFF, 0xFF, 0xFF, 0xFF, 0xFF,
    0xFF, 0xFF, 0xFF, 0xFF, 0xFF, 0xFF, 0xFF, 0xFF, 0xFF, 0xFF, 0xFF, 0xFF,
    0xFF, 0xFF, 0xFF, 0xFF, 0xFF, 0xFF, 0xFF, 0xFF, 0xFF, 0xFF, 0xFF, 0xFF,
    0xFF, 0xFF, 0xFF, 0xFF, 0xFF, 0xFF, 0xFF, 0xFF, 0xFF, 0xFF, 0xFF, 0xFF,
    0xFF, 0xFF, 0xFF, 0xFF, 0xFF, 0xFF, 0xFF, 0xFF, 0xFF, 0xFF, 0xFF, 0xFF,
    0xFF, 0xFF, 0xFF, 0xFF, 0xFF, 0xFF, 0xFF, 0xFF, 0xFF, 0xFF, 0xFF, 0xFF,
    0xFF, 0xFF, 0xFF, 0xFF, 0xFF, 0xFF, 0xFF, 0xFF, 0xFF, 0xFF, 0xFF, 0xFF,
    0xFF, 0xFF, 0xFF, 0xFF, 0xFF, 0xFF, 0xFF, 0xFF, 0xFF, 0xFF, 0xFF, 0xFF,
    0xFF, 0xFF, 0xFF, 0xFF, 0xFF, 0xFF, 0xFF, 0xFF, 0xFF, 0xFF, 0xFF, 0xFF,
    0xFF, 0xFF, 0xFF, 0xFF, 0xFF, 0xFF, 0xFF, 0xFF, 0xFF, 0xFF, 0xFF, 0xFF,
    0xFF, 0xFF, 0xFF, 0xFF, 0xFF, 0xFF, 0xFF, 0xFF, 0xFF, 0xFF, 0xFF, 0xFF,
    0xFF, 0xFF, 0xFF, 0xFF, 0xFF, 0xFF, 0xFF, 0xFF, 0xFF, 0xFF, 0xFF, 0xFF,
    0xFF, 0xFF, 0xFF, 0xFF, 0xFF, 0xFF, 0xFF, 0xFF, 0xFF, 0xFF, 0xFF, 0xFF,
    0xFF, 0xFF, 0xFF, 0xFF, 0xFF, 0xFF, 0xFF, 0xFF, 0xFF, 0xFF, 0xFF, 0xFF,
    0xFF, 0xFF, 0xFF, 0xFF, 0xFF, 0xFF, 0xFF, 0xFF, 0xFF, 0xFF, 0xFF, 0xFF,
    0xFF, 0xFF, 0xFF, 0xFF, 0xFF, 0xFF, 0xFF, 0xFF, 0xFF, 0xFF, 0xFF, 0xFF,
    0xFF, 0xFF, 0xFF, 0xFF, 0xFF, 0xFF, 0xFF, 0xFF, 0xFF, 0xFF, 0xFF, 0xFF,
    0xFF, 0xFF, 0xFF, 0xFF, 0xFF, 0xFF, 0xFF, 0xFF, 0xFF, 0xFF, 0xFF, 0xFF,
    0xFF, 0xFF, 0xFF, 0xFF, 0xFF, 0xFF, 0xFF, 0xFF, 0xFF, 0xFF, 0xFF, 0xFF,
    0xFF, 0xFF, 0xFF, 0xFF, 0xFF, 0xFF, 0xFF, 0xFF, 0xFF, 0xFF, 0xFF, 0xFF,
    0xFF, 0xFF, 0xFF, 0xFF, 0xFF, 0xFF, 0xFF, 0xFF, 0xFF, 0xFF, 0xFF, 0xFF,
    0xFF, 0xFF, 0xFF, 0xFF, 0xFF, 0xFF, 0xFF, 0xFF, 0xFF, 0xFF, 0xFF, 0xFF,
    0xFF, 0xFF, 0xFF, 0xFF, 0xFF, 0xFF, 0xFF, 0xFF, 0xFF, 0xFF, 0xFF, 0xFF,
    0xFF, 0xFF, 0xFF, 0xFF, 0xFF, 0xFF, 0xFF, 0xFF, 0xFF, 0xFF, 0xFF, 0xFF,
    0xFF, 0xFF, 0xFF, 0xFF, 0xFF, 0xFF, 0xFF, 0xFF, 0xFF, 0xFF, 0xFF, 0xFF,
    0xFF, 0xFF, 0xFF, 0xFF, 0xFF, 0xFF, 0xFF, 0xFF, 0xFF, 0xFF, 0xFF, 0xFF,
    0xFF, 0xFF, 0xFF, 0xFF, 0xFF, 0xFF, 0xFF, 0xFF, 0xFF, 0xFF, 0xFF, 0xFF,
    0xFF, 0xFF, 0xFF, 0xFF, 0xFF, 0xFF, 0xFF, 0xFF, 0xFF, 0xFF, 0xFF, 0xFF,
    0xFF, 0xFF, 0xFF, 0xFF, 0xFF, 0xFF, 0xFF, 0xFF, 0xFF, 0xFF, 0xFF, 0xFF,
    0xFF, 0xFF, 0xFF, 0xFF, 0xFF, 0xFF, 0xFF, 0xFF, 0xFF, 0xFF, 0xFF, 0xFF,
    0xFF, 0xFF, 0xFF, 0xFF, 0xFF, 0xFF, 0xFF, 0xFF, 0xFF, 0xFF, 0xFF, 0xFF,
    0xFF, 0xFF, 0xFF, 0xFF, 0xFF, 0xFF, 0xFF, 0xFF, 0xFF, 0xFF, 0xFF, 0xFF,
    0xFF, 0xFF, 0xFF, 0xFF, 0xFF, 0xFF, 0xFF, 0xFF, 0xFF, 0xFF, 0xFF, 0xFF,
    0xFF, 0xFF, 0xFF, 0xFF, 0xFF, 0xFF, 0xFF, 0xFF, 0xFF, 0xFF, 0xFF, 0xFF,
    0xFF, 0xFF, 0xFF, 0xFF, 0xFF, 0xFF, 0xFF, 0xFF, 0xFF, 0xFF, 0xFF, 0xFF,
    0xFF, 0xFF, 0xFF, 0xFF, 0xFF, 0xFF, 0xFF, 0xFF, 0xFF, 0xFF, 0xFF, 0xFF,
    0xFF, 0xFF, 0xFF, 0xFF, 0xFF, 0xFF, 0xFF, 0xFF, 0xFF, 0xFF, 0xFF, 0xFF,
    0xFF, 0xFF, 0xFF, 0xFF, 0xFF, 0xFF, 0xFF, 0xFF, 0xFF, 0xFF, 0xFF, 0xFF,
    0xFF, 0xFF, 0xFF, 0xFF, 0xFF, 0xFF, 0xFF, 0xFF, 0xFF, 0xFF, 0xFF, 0xFF,
    0xFF, 0xFF, 0xFF, 0xFF, 0xFF, 0xFF, 0xFF, 0xFF, 0xFF, 0xFF, 0xFF, 0xFF,
    0xFF, 0xFF, 0xFF, 0xFF, 0xFF, 0xFF, 0xFF, 0xFF, 0xFF, 0xFF, 0xFF, 0xFF,
    0xFF, 0xFF, 0xFF, 0xFF, 0xFF, 0xFF, 0xFF, 0xFF, 0xFF, 0xFF, 0xFF, 0xFF,
    0xFF, 0xFF, 0xFF, 0xFF, 0xFF, 0xFF, 0xFF, 0xFF, 0xFF, 0xFF, 0xFF, 0xFF,
    0xFF, 0xFF, 0xFF, 0xFF, 0xFF, 0xFF, 0xFF, 0xFF, 0xFF, 0xFF, 0xFF, 0xFF,
    0xFF, 0xFF, 0xFF, 0xFF, 0xFF, 0xFF, 0xFF, 0xFF, 0xFF, 0xFF, 0xFF, 0xFF,
    0xFF, 0xFF, 0xFF, 0xFF, 0xFF, 0xFF, 0xFF, 0xFF, 0xFF, 0xFF, 0xFF, 0xFF,
    0xFF, 0xFF, 0xFF, 0xFF, 0xFF, 0xFF, 0xFF, 0xFF, 0xFF, 0xFF, 0xFF, 0xFF,
    0xFF, 0xFF, 0xFF, 0xFF, 0xFF, 0xFF, 0xFF, 0xFF, 0xFF, 0xFF, 0xFF, 0xFF,
    0xFF, 0xFF, 0xFF, 0xFF, 0xFF, 0xFF, 0xFF, 0xFF, 0xFF, 0xFF, 0xFF, 0xFF,
    0xFF, 0xFF, 0xFF, 0xFF, 0xFF, 0xFF, 0xFF, 0xFF, 0xFF, 0xFF, 0xFF, 0xFF,
    0xFF, 0xFF, 0xFF, 0xFF, 0xFF, 0xFF, 0xFF, 0xFF, 0xFF, 0xFF, 0xFF, 0xFF,
    0xFF, 0xFF, 0xFF, 0xFF, 0xFF, 0xFF, 0xFF, 0xFF, 0xFF, 0xFF, 0xFF, 0xFF,
    0xFF, 0xFF, 0xFF, 0xFF, 0xFF, 0xFF, 0xFF, 0xFF, 0xFF, 0xFF, 0xFF, 0xFF,
    0xFF, 0xFF, 0xFF, 0xFF, 0xFF, 0xFF, 0xFF, 0xFF, 0xFF, 0xFF, 0xFF, 0xFF,
    0xFF, 0xFF, 0xFF, 0xFF, 0xFF, 0xFF, 0xFF, 0xFF, 0xFF, 0xFF, 0xFF, 0xFF,
    0xFF, 0xFF, 0xFF, 0xFF, 0xFF, 0xFF, 0xFF, 0xFF, 0xFF, 0xFF, 0xFF, 0xFF,
    0xFF, 0xFF, 0xFF, 0xFF, 0xFF, 0xFF, 0xFF, 0xFF, 0xFF, 0xFF, 0xFF, 0xFF,
    0xFF, 0xFF, 0xFF, 0xFF, 0xFF, 0xFF, 0xFF, 0xFF, 0xFF, 0xFF, 0xFF, 0xFF,
    0xFF, 0xFF, 0xFF, 0xFF, 0xFF, 0xFF, 0xFF, 0xFF, 0xFF, 0xFF, 0xFF, 0xFF,
    0xFF, 0xFF, 0xFF, 0xFF, 0xFF, 0xFF, 0xFF, 0xFF, 0xFF, 0xFF, 0xFF, 0xFF,
    0xFF, 0xFF, 0xFF, 0xFF, 0xFF, 0xFF, 0xFF, 0xFF, 0xFF, 0xFF, 0xFF, 0xFF,
    0xFF, 0xFF, 0xFF, 0xFF, 0xFF, 0xFF, 0xFF, 0xFF, 0xFF, 0xFF, 0xFF, 0xFF,
    0xFF, 0xFF, 0xFF, 0xFF, 0xFF, 0xFF, 0xFF, 0xFF, 0xFF, 0xFF, 0xFF, 0xFF,
    0xFF, 0xFF, 0xFF, 0xFF, 0xFF, 0xFF, 0xFF, 0xFF, 0xFF, 0xFF, 0xFF, 0xFF,
    0xFF, 0xFF, 0xFF, 0xFF, 0xFF, 0xFF, 0xFF, 0xFF, 0xFF, 0xFF, 0xFF, 0xFF,
    0xFF, 0xFF, 0xFF, 0xFF, 0xFF, 0xFF, 0xFF, 0xFF, 0xFF, 0xFF, 0xFF, 0xFF,
    0xFF, 0xFF, 0xFF, 0xFF, 0xFF, 0xFF, 0xFF, 0xFF, 0xFF, 0xFF, 0xFF, 0xFF,
    0xFF, 0xFF, 0xFF, 0xFF, 0xFF, 0xFF, 0xFF, 0xFF, 0xFF, 0xFF, 0xFF, 0xFF,
    0xFF, 0xFF, 0xFF, 0xFF, 0xFF, 0xFF, 0xFF, 0xFF, 0xFF, 0xFF, 0xFF, 0xFF,
    0xFF, 0xFF, 0xFF, 0xFF, 0xFF, 0xFF, 0xFF, 0xFF, 0xFF, 0xFF, 0xFF, 0xFF,
    0xFF, 0xFF, 0xFF, 0xFF, 0xFF, 0xFF, 0xFF, 0xFF, 0xFF, 0xFF, 0xFF, 0xFF,
    0xFF, 0xFF, 0xFF, 0xFF, 0xFF, 0xFF, 0xFF, 0xFF, 0xFF, 0xFF, 0xFF, 0xFF,
    0xFF, 0xFF, 0xFF, 0xFF, 0xFF, 0xFF, 0xFF, 0xFF, 0xFF, 0xFF, 0xFF, 0xFF,
    0xFF, 0xFF, 0xFF, 0xFF, 0xFF, 0xFF, 0xFF, 0xFF, 0xFF, 0xFF, 0xFF, 0xFF,
    0xFF, 0xFF, 0xFF, 0xFF, 0xFF, 0xFF, 0xFF, 0xFF, 0xFF, 0xFF, 0xFF, 0xFF,
    0xFF, 0xFF, 0xFF, 0xFF, 0xFF, 0xFF, 0xFF, 0xFF, 0xFF, 0xFF, 0xFF, 0xFF,
    0xFF, 0xFF, 0xFF, 0xFF, 0xFF, 0xFF, 0xFF, 0xFF, 0xFF, 0xFF, 0xFF, 0xFF,
    0xFF, 0xFF, 0xFF, 0xFF, 0xFF, 0xFF, 0xFF, 0xFF, 0xFF, 0xFF, 0xFF, 0xFF,
    0xFF, 0xFF, 0xFF, 0xFF, 0xFF, 0xFF, 0xFF, 0xFF, 0xFF, 0xFF, 0xFF, 0xFF,
    0xFF, 0xFF, 0xFF, 0xFF, 0xFF, 0xFF, 0xFF, 0xFF, 0xFF, 0xFF, 0xFF, 0xFF,
    0xFF, 0xFF, 0xFF, 0xFF, 0xFF, 0xFF, 0xFF, 0xFF, 0xFF, 0xFF, 0xFF, 0xFF,
    0xFF, 0xFF, 0xFF, 0xFF, 0xFF, 0xFF, 0xFF, 0xFF, 0xFF, 0xFF, 0xFF, 0xFF,
    0xFF, 0xFF, 0xFF, 0xFF, 0xFF, 0xFF, 0xFF, 0xFF, 0xFF, 0xFF, 0xFF, 0xFF,
    0xFF, 0xFF, 0xFF, 0xFF, 0xFF, 0xFF, 0xFF, 0xFF, 0xFF, 0xFF, 0xFF, 0xFF,
    0xFF, 0xFF, 0xFF, 0xFF, 0xFF, 0xFF, 0xFF, 0xFF, 0xFF, 0xFF, 0xFF, 0xFF,
    0xFF, 0xFF, 0xFF, 0xFF, 0xFF, 0xFF, 0xFF, 0xFF, 0xFF, 0xFF, 0xFF, 0xFF,
    0xFF, 0xFF, 0xFF, 0xFF, 0xFF, 0xFF, 0xFF, 0xFF, 0xFF, 0xFF, 0xFF, 0xFF,
    0xFF, 0xFF, 0xFF, 0xFF, 0xFF, 0xFF, 0xFF, 0xFF, 0xFF, 0xFF, 0xFF, 0xFF,
    0xFF, 0xFF, 0xFF, 0xFF, 0xFF, 0xFF, 0xFF, 0xFF, 0xFF, 0xFF, 0xFF, 0xFF,
    0xFF, 0xFF, 0xFF, 0xFF, 0xFF, 0xFF, 0xFF, 0xFF, 0xFF, 0xFF, 0xFF, 0xFF,
    0xFF, 0xFF, 0xFF, 0xFF, 0xFF, 0xFF, 0xFF, 0xFF, 0xFF, 0xFF, 0xFF, 0xFF,
    0xFF, 0xFF, 0xFF, 0xFF, 0xFF, 0xFF, 0xFF, 0xFF, 0xFF, 0xFF, 0xFF, 0xFF,
    0xFF, 0xFF, 0xFF, 0xFF, 0xFF, 0xFF, 0xFF, 0xFF, 0xFF, 0xFF, 0xFF, 0xFF,
    0xFF, 0xFF, 0xFF, 0xFF, 0xFF, 0xFF, 0xFF, 0xFF, 0xFF, 0xFF, 0xFF, 0xFF,
    0xFF, 0xFF, 0xFF, 0xFF, 0xFF, 0xFF, 0xFF, 0xFF, 0xFF, 0xFF, 0xFF, 0xFF,
    0xFF, 0xFF, 0xFF, 0xFF, 0xFF, 0xFF, 0xFF, 0xFF, 0xFF, 0xFF, 0xFF, 0xFF,
    0xFF, 0xFF, 0xFF, 0xFF, 0xFF, 0xFF, 0xFF, 0xFF, 0xFF, 0xFF, 0xFF, 0xFF,
    0xFF, 0xFF, 0xFF, 0xFF, 0xFF, 0xFF, 0xFF, 0xFF, 0xFF, 0xFF, 0xFF, 0xFF,
    0xFF, 0xFF, 0xFF, 0xFF, 0xFF, 0xFF, 0xFF, 0xFF, 0xFF, 0xFF, 0xFF, 0xFF,
};

const lv_image_dsc_t flappy_ground = {
    .header = {
        .magic = LV_IMAGE_HEADER_MAGIC,
        .cf = LV_COLOR_FORMAT_RGB565A8,
        .flags = 0,
        .w = 48,
        .h = 48,
        .stride = 96,
        .reserved_2 = 0,
    },
    .data_size = 6912,
    .data = flappy_ground_map,
    .reserved = NULL,
};
